/*******************************************************************************
 * Size: 32 px
 * Bpp: 8
 * Opts: --bpp 8 --size 32 --no-compress --use-color-info --stride 1 --align 1 --font verdana-pro-semi-bold.ttf --symbols 0123456789,.%ABCDEFGHIJKLMNOPQRSTUVWXYZabcdefghijklmnopqrstuvwxyz --format lvgl -o vedvedana_pro_semi_bold_32.c
 ******************************************************************************/

#ifdef __has_include
    #if __has_include("lvgl.h")
        #ifndef LV_LVGL_H_INCLUDE_SIMPLE
            #define LV_LVGL_H_INCLUDE_SIMPLE
        #endif
    #endif
#endif

#ifdef LV_LVGL_H_INCLUDE_SIMPLE
    #include "lvgl.h"
#else
    #include "lvgl/lvgl.h"
#endif



#ifndef VEDVEDANA_PRO_SEMI_BOLD_32
#define VEDVEDANA_PRO_SEMI_BOLD_32 1
#endif

#if VEDVEDANA_PRO_SEMI_BOLD_32

/*-----------------
 *    BITMAPS
 *----------------*/

/*Store the image of the glyphs*/
static LV_ATTRIBUTE_LARGE_CONST const uint8_t glyph_bitmap[] = {
    /* U+0025 "%" */
    0x0, 0x0, 0x9, 0x6e, 0xbf, 0xeb, 0xfb, 0xef,
    0xca, 0x80, 0x14, 0x0, 0x0, 0x0, 0x0, 0x0,
    0x0, 0x0, 0x0, 0x0, 0x61, 0xff, 0xff, 0xff,
    0x77, 0x0, 0x0, 0x0, 0x0, 0x0, 0x0, 0x0,
    0x0, 0x0, 0x0, 0x1c, 0xd5, 0xff, 0xff, 0xff,
    0xff, 0xff, 0xff, 0xff, 0xe7, 0x30, 0x0, 0x0,
    0x0, 0x0, 0x0, 0x0, 0x0, 0x7, 0xe1, 0xff,
    0xff, 0xe5, 0x9, 0x0, 0x0, 0x0, 0x0, 0x0,
    0x0, 0x0, 0x0, 0x0, 0x0, 0xc3, 0xff, 0xff,
    0xff, 0xff, 0xff, 0xff, 0xff, 0xff, 0xff, 0xdd,
    0x6, 0x0, 0x0, 0x0, 0x0, 0x0, 0x0, 0x71,
    0xff, 0xff, 0xff, 0x67, 0x0, 0x0, 0x0, 0x0,
    0x0, 0x0, 0x0, 0x0, 0x0, 0x0, 0x3e, 0xff,
    0xff, 0xff, 0xe6, 0x50, 0x23, 0x47, 0xd8, 0xff,
    0xff, 0xff, 0x5b, 0x0, 0x0, 0x0, 0x0, 0x0,
    0xd, 0xea, 0xff, 0xff, 0xda, 0x4, 0x0, 0x0,
    0x0, 0x0, 0x0, 0x0, 0x0, 0x0, 0x0, 0x0,
    0x84, 0xff, 0xff, 0xff, 0x55, 0x0, 0x0, 0x0,
    0x35, 0xff, 0xff, 0xff, 0x9f, 0x0, 0x0, 0x0,
    0x0, 0x0, 0x81, 0xff, 0xff, 0xff, 0x57, 0x0,
    0x0, 0x0, 0x0, 0x0, 0x0, 0x0, 0x0, 0x0,
    0x0, 0x0, 0xaa, 0xff, 0xff, 0xff, 0x19, 0x0,
    0x0, 0x0, 0x1, 0xf7, 0xff, 0xff, 0xc3, 0x0,
    0x0, 0x0, 0x0, 0x15, 0xf2, 0xff, 0xff, 0xce,
    0x1, 0x0, 0x0, 0x0, 0x0, 0x0, 0x0, 0x0,
    0x0, 0x0, 0x0, 0x0, 0xb8, 0xff, 0xff, 0xff,
    0xb, 0x0, 0x0, 0x0, 0x0, 0xeb, 0xff, 0xff,
    0xcf, 0x0, 0x0, 0x0, 0x0, 0x91, 0xff, 0xff,
    0xff, 0x47, 0x0, 0x0, 0x0, 0x0, 0x0, 0x0,
    0x0, 0x0, 0x0, 0x0, 0x0, 0x0, 0xae, 0xff,
    0xff, 0xff, 0x14, 0x0, 0x0, 0x0, 0x0, 0xf5,
    0xff, 0xff, 0xc4, 0x0, 0x0, 0x0, 0x1f, 0xf9,
    0xff, 0xff, 0xbf, 0x0, 0x0, 0x0, 0x0, 0x0,
    0x0, 0x0, 0x0, 0x0, 0x0, 0x0, 0x0, 0x0,
    0x8f, 0xff, 0xff, 0xff, 0x45, 0x0, 0x0, 0x0,
    0x28, 0xff, 0xff, 0xff, 0xa5, 0x0, 0x0, 0x0,
    0xa1, 0xff, 0xff, 0xff, 0x38, 0x0, 0x0, 0x0,
    0x0, 0x4, 0x15, 0xd, 0x0, 0x0, 0x0, 0x0,
    0x0, 0x0, 0x50, 0xff, 0xff, 0xff, 0xd4, 0x30,
    0x6, 0x29, 0xc5, 0xff, 0xff, 0xff, 0x67, 0x0,
    0x0, 0x2b, 0xfd, 0xff, 0xff, 0xaf, 0x0, 0x0,
    0x5, 0x6a, 0xcb, 0xfd, 0xff, 0xff, 0xed, 0xa7,
    0x2d, 0x0, 0x0, 0x0, 0x4, 0xdf, 0xff, 0xff,
    0xff, 0xff, 0xff, 0xff, 0xff, 0xff, 0xff, 0xec,
    0xd, 0x0, 0x0, 0xb1, 0xff, 0xff, 0xfd, 0x2a,
    0x0, 0x8, 0xbd, 0xff, 0xff, 0xff, 0xff, 0xff,
    0xff, 0xff, 0xf9, 0x51, 0x0, 0x0, 0x0, 0x38,
    0xf0, 0xff, 0xff, 0xff, 0xff, 0xff, 0xff, 0xff,
    0xf6, 0x48, 0x0, 0x0, 0x38, 0xff, 0xff, 0xff,
    0x9f, 0x0, 0x0, 0x8d, 0xff, 0xff, 0xff, 0xff,
    0xff, 0xff, 0xff, 0xff, 0xff, 0xf2, 0x1a, 0x0,
    0x0, 0x0, 0x22, 0x9d, 0xeb, 0xff, 0xff, 0xff,
    0xf0, 0xa8, 0x2c, 0x0, 0x0, 0x0, 0xc0, 0xff,
    0xff, 0xf8, 0x1e, 0x0, 0xf, 0xf5, 0xff, 0xff,
    0xf4, 0x51, 0x9, 0x22, 0xb7, 0xff, 0xff, 0xff,
    0x7f, 0x0, 0x0, 0x0, 0x0, 0x0, 0x0, 0x15,
    0x23, 0x18, 0x2, 0x0, 0x0, 0x0, 0x0, 0x49,
    0xff, 0xff, 0xff, 0x8f, 0x0, 0x0, 0x4d, 0xff,
    0xff, 0xff, 0x85, 0x0, 0x0, 0x0, 0x14, 0xfa,
    0xff, 0xff, 0xc4, 0x0, 0x0, 0x0, 0x0, 0x0,
    0x0, 0x0, 0x0, 0x0, 0x0, 0x0, 0x0, 0x0,
    0x1, 0xce, 0xff, 0xff, 0xf2, 0x15, 0x0, 0x0,
    0x78, 0xff, 0xff, 0xff, 0x4a, 0x0, 0x0, 0x0,
    0x0, 0xd2, 0xff, 0xff, 0xed, 0x0, 0x0, 0x0,
    0x0, 0x0, 0x0, 0x0, 0x0, 0x0, 0x0, 0x0,
    0x0, 0x0, 0x59, 0xff, 0xff, 0xff, 0x7f, 0x0,
    0x0, 0x0, 0x89, 0xff, 0xff, 0xff, 0x38, 0x0,
    0x0, 0x0, 0x0, 0xc1, 0xff, 0xff, 0xfc, 0x0,
    0x0, 0x0, 0x0, 0x0, 0x0, 0x0, 0x0, 0x0,
    0x0, 0x0, 0x0, 0x4, 0xdb, 0xff, 0xff, 0xea,
    0xd, 0x0, 0x0, 0x0, 0x88, 0xff, 0xff, 0xff,
    0x3a, 0x0, 0x0, 0x0, 0x0, 0xc3, 0xff, 0xff,
    0xfa, 0x0, 0x0, 0x0, 0x0, 0x0, 0x0, 0x0,
    0x0, 0x0, 0x0, 0x0, 0x0, 0x69, 0xff, 0xff,
    0xff, 0x6f, 0x0, 0x0, 0x0, 0x0, 0x76, 0xff,
    0xff, 0xff, 0x4e, 0x0, 0x0, 0x0, 0x0, 0xd8,
    0xff, 0xff, 0xe9, 0x0, 0x0, 0x0, 0x0, 0x0,
    0x0, 0x0, 0x0, 0x0, 0x0, 0x0, 0xa, 0xe6,
    0xff, 0xff, 0xe0, 0x6, 0x0, 0x0, 0x0, 0x0,
    0x4a, 0xff, 0xff, 0xff, 0x92, 0x0, 0x0, 0x0,
    0x22, 0xfd, 0xff, 0xff, 0xbc, 0x0, 0x0, 0x0,
    0x0, 0x0, 0x0, 0x0, 0x0, 0x0, 0x0, 0x0,
    0x79, 0xff, 0xff, 0xff, 0x5f, 0x0, 0x0, 0x0,
    0x0, 0x0, 0xc, 0xf3, 0xff, 0xff, 0xfc, 0x7c,
    0x39, 0x50, 0xd4, 0xff, 0xff, 0xff, 0x72, 0x0,
    0x0, 0x0, 0x0, 0x0, 0x0, 0x0, 0x0, 0x0,
    0x0, 0x11, 0xef, 0xff, 0xff, 0xd4, 0x2, 0x0,
    0x0, 0x0, 0x0, 0x0, 0x0, 0x86, 0xff, 0xff,
    0xff, 0xff, 0xff, 0xff, 0xff, 0xff, 0xff, 0xe7,
    0x11, 0x0, 0x0, 0x0, 0x0, 0x0, 0x0, 0x0,
    0x0, 0x0, 0x0, 0x89, 0xff, 0xff, 0xff, 0x4f,
    0x0, 0x0, 0x0, 0x0, 0x0, 0x0, 0x0, 0x6,
    0xb0, 0xff, 0xff, 0xff, 0xff, 0xff, 0xff, 0xff,
    0xee, 0x3b, 0x0, 0x0, 0x0, 0x0, 0x0, 0x0,
    0x0, 0x0, 0x0, 0x0, 0x19, 0xf6, 0xff, 0xff,
    0xc7, 0x0, 0x0, 0x0, 0x0, 0x0, 0x0, 0x0,
    0x0, 0x0, 0x1, 0x55, 0xb3, 0xe7, 0xfa, 0xf3,
    0xd2, 0x89, 0x19, 0x0, 0x0, 0x0,

    /* U+002C "," */
    0x0, 0x0, 0x0, 0x82, 0xff, 0xff, 0xff, 0xff,
    0x65, 0x0, 0x0, 0x0, 0xc5, 0xff, 0xff, 0xff,
    0xe8, 0x7, 0x0, 0x0, 0xd, 0xfb, 0xff, 0xff,
    0xff, 0x7b, 0x0, 0x0, 0x0, 0x4c, 0xff, 0xff,
    0xff, 0xf4, 0x12, 0x0, 0x0, 0x0, 0x8f, 0xff,
    0xff, 0xff, 0x92, 0x0, 0x0, 0x0, 0x0, 0xd2,
    0xff, 0xff, 0xfc, 0x21, 0x0, 0x0, 0x0, 0x16,
    0xfe, 0xff, 0xff, 0xa8, 0x0, 0x0, 0x0, 0x0,
    0x59, 0xff, 0xff, 0xff, 0x34, 0x0, 0x0, 0x0,
    0x0, 0x9c, 0xff, 0xff, 0xbf, 0x0, 0x0, 0x0,
    0x0, 0x0, 0xdf, 0xff, 0xff, 0x4a, 0x0, 0x0,
    0x0, 0x0, 0x22, 0xff, 0xff, 0xd5, 0x1, 0x0,
    0x0, 0x0, 0x0,

    /* U+002E "." */
    0x24, 0x70, 0x70, 0x70, 0x70, 0x46, 0x54, 0xff,
    0xff, 0xff, 0xff, 0xa0, 0x54, 0xff, 0xff, 0xff,
    0xff, 0xa0, 0x54, 0xff, 0xff, 0xff, 0xff, 0xa0,
    0x54, 0xff, 0xff, 0xff, 0xff, 0xa0, 0x54, 0xff,
    0xff, 0xff, 0xff, 0xa0,

    /* U+0030 "0" */
    0x0, 0x0, 0x0, 0x0, 0x0, 0x42, 0x95, 0xd3,
    0xeb, 0xfa, 0xea, 0xd1, 0x93, 0x3f, 0x0, 0x0,
    0x0, 0x0, 0x0, 0x0, 0x0, 0x0, 0x18, 0xb9,
    0xff, 0xff, 0xff, 0xff, 0xff, 0xff, 0xff, 0xff,
    0xff, 0xb4, 0x15, 0x0, 0x0, 0x0, 0x0, 0x0,
    0x17, 0xd8, 0xff, 0xff, 0xff, 0xff, 0xff, 0xff,
    0xff, 0xff, 0xff, 0xff, 0xff, 0xd4, 0x13, 0x0,
    0x0, 0x0, 0x0, 0xa7, 0xff, 0xff, 0xff, 0xff,
    0xf9, 0xc1, 0xa8, 0xc1, 0xfa, 0xff, 0xff, 0xff,
    0xff, 0x9e, 0x0, 0x0, 0x0, 0x2f, 0xff, 0xff,
    0xff, 0xff, 0xda, 0x22, 0x0, 0x0, 0x0, 0x24,
    0xdc, 0xff, 0xff, 0xff, 0xfe, 0x29, 0x0, 0x0,
    0x89, 0xff, 0xff, 0xff, 0xff, 0x3e, 0x0, 0x0,
    0x0, 0x0, 0x0, 0x42, 0xff, 0xff, 0xff, 0xff,
    0x82, 0x0, 0x0, 0xd5, 0xff, 0xff, 0xff, 0xdf,
    0x0, 0x0, 0x0, 0x0, 0x0, 0x0, 0x1, 0xe3,
    0xff, 0xff, 0xff, 0xcf, 0x0, 0x6, 0xfb, 0xff,
    0xff, 0xff, 0xa3, 0x0, 0x0, 0x0, 0x0, 0x0,
    0x0, 0x0, 0xa9, 0xff, 0xff, 0xff, 0xf8, 0x3,
    0x2c, 0xff, 0xff, 0xff, 0xff, 0x82, 0x0, 0x0,
    0x0, 0x0, 0x0, 0x0, 0x0, 0x87, 0xff, 0xff,
    0xff, 0xff, 0x26, 0x40, 0xff, 0xff, 0xff, 0xff,
    0x6e, 0x0, 0x0, 0x0, 0x0, 0x0, 0x0, 0x0,
    0x74, 0xff, 0xff, 0xff, 0xff, 0x3a, 0x4c, 0xff,
    0xff, 0xff, 0xff, 0x64, 0x0, 0x0, 0x0, 0x0,
    0x0, 0x0, 0x0, 0x69, 0xff, 0xff, 0xff, 0xff,
    0x47, 0x55, 0xff, 0xff, 0xff, 0xff, 0x61, 0x0,
    0x0, 0x0, 0x0, 0x0, 0x0, 0x0, 0x66, 0xff,
    0xff, 0xff, 0xff, 0x50, 0x4c, 0xff, 0xff, 0xff,
    0xff, 0x64, 0x0, 0x0, 0x0, 0x0, 0x0, 0x0,
    0x0, 0x6c, 0xff, 0xff, 0xff, 0xff, 0x47, 0x40,
    0xff, 0xff, 0xff, 0xff, 0x6f, 0x0, 0x0, 0x0,
    0x0, 0x0, 0x0, 0x0, 0x76, 0xff, 0xff, 0xff,
    0xff, 0x3a, 0x2d, 0xff, 0xff, 0xff, 0xff, 0x83,
    0x0, 0x0, 0x0, 0x0, 0x0, 0x0, 0x0, 0x8e,
    0xff, 0xff, 0xff, 0xff, 0x25, 0x7, 0xfc, 0xff,
    0xff, 0xff, 0xa5, 0x0, 0x0, 0x0, 0x0, 0x0,
    0x0, 0x0, 0xb1, 0xff, 0xff, 0xff, 0xf7, 0x3,
    0x0, 0xd6, 0xff, 0xff, 0xff, 0xe3, 0x1, 0x0,
    0x0, 0x0, 0x0, 0x0, 0x2, 0xe9, 0xff, 0xff,
    0xff, 0xcc, 0x0, 0x0, 0x8d, 0xff, 0xff, 0xff,
    0xff, 0x45, 0x0, 0x0, 0x0, 0x0, 0x0, 0x4f,
    0xff, 0xff, 0xff, 0xff, 0x7d, 0x0, 0x0, 0x33,
    0xff, 0xff, 0xff, 0xff, 0xdf, 0x25, 0x0, 0x0,
    0x0, 0x2d, 0xe5, 0xff, 0xff, 0xff, 0xfc, 0x24,
    0x0, 0x0, 0x0, 0xab, 0xff, 0xff, 0xff, 0xff,
    0xfa, 0xc2, 0xa7, 0xc1, 0xfd, 0xff, 0xff, 0xff,
    0xff, 0x95, 0x0, 0x0, 0x0, 0x0, 0x19, 0xdc,
    0xff, 0xff, 0xff, 0xff, 0xff, 0xff, 0xff, 0xff,
    0xff, 0xff, 0xff, 0xcd, 0xf, 0x0, 0x0, 0x0,
    0x0, 0x0, 0x1a, 0xbc, 0xff, 0xff, 0xff, 0xff,
    0xff, 0xff, 0xff, 0xff, 0xff, 0xaf, 0x11, 0x0,
    0x0, 0x0, 0x0, 0x0, 0x0, 0x0, 0x0, 0x43,
    0x96, 0xd3, 0xec, 0xfb, 0xeb, 0xd2, 0x92, 0x3b,
    0x0, 0x0, 0x0, 0x0, 0x0,

    /* U+0031 "1" */
    0x0, 0x0, 0x0, 0x0, 0x0, 0xd, 0xfb, 0xff,
    0xff, 0xff, 0x24, 0x0, 0x0, 0x0, 0x0, 0x0,
    0x0, 0x0, 0x0, 0x1, 0x93, 0xff, 0xff, 0xff,
    0xff, 0x24, 0x0, 0x0, 0x0, 0x0, 0x25, 0x40,
    0x55, 0x7f, 0xd1, 0xff, 0xff, 0xff, 0xff, 0xff,
    0x24, 0x0, 0x0, 0x0, 0x0, 0xa4, 0xff, 0xff,
    0xff, 0xff, 0xff, 0xff, 0xff, 0xff, 0xff, 0x24,
    0x0, 0x0, 0x0, 0x0, 0xa4, 0xff, 0xff, 0xff,
    0xff, 0xff, 0xff, 0xff, 0xff, 0xff, 0x24, 0x0,
    0x0, 0x0, 0x0, 0xa4, 0xff, 0xff, 0xff, 0xff,
    0xff, 0xff, 0xff, 0xff, 0xff, 0x24, 0x0, 0x0,
    0x0, 0x0, 0x0, 0x0, 0x0, 0x0, 0x0, 0xa4,
    0xff, 0xff, 0xff, 0xff, 0x24, 0x0, 0x0, 0x0,
    0x0, 0x0, 0x0, 0x0, 0x0, 0x0, 0xa4, 0xff,
    0xff, 0xff, 0xff, 0x24, 0x0, 0x0, 0x0, 0x0,
    0x0, 0x0, 0x0, 0x0, 0x0, 0xa4, 0xff, 0xff,
    0xff, 0xff, 0x24, 0x0, 0x0, 0x0, 0x0, 0x0,
    0x0, 0x0, 0x0, 0x0, 0xa4, 0xff, 0xff, 0xff,
    0xff, 0x24, 0x0, 0x0, 0x0, 0x0, 0x0, 0x0,
    0x0, 0x0, 0x0, 0xa4, 0xff, 0xff, 0xff, 0xff,
    0x24, 0x0, 0x0, 0x0, 0x0, 0x0, 0x0, 0x0,
    0x0, 0x0, 0xa4, 0xff, 0xff, 0xff, 0xff, 0x24,
    0x0, 0x0, 0x0, 0x0, 0x0, 0x0, 0x0, 0x0,
    0x0, 0xa4, 0xff, 0xff, 0xff, 0xff, 0x24, 0x0,
    0x0, 0x0, 0x0, 0x0, 0x0, 0x0, 0x0, 0x0,
    0xa4, 0xff, 0xff, 0xff, 0xff, 0x24, 0x0, 0x0,
    0x0, 0x0, 0x0, 0x0, 0x0, 0x0, 0x0, 0xa4,
    0xff, 0xff, 0xff, 0xff, 0x24, 0x0, 0x0, 0x0,
    0x0, 0x0, 0x0, 0x0, 0x0, 0x0, 0xa4, 0xff,
    0xff, 0xff, 0xff, 0x24, 0x0, 0x0, 0x0, 0x0,
    0x0, 0x0, 0x0, 0x0, 0x0, 0xa4, 0xff, 0xff,
    0xff, 0xff, 0x24, 0x0, 0x0, 0x0, 0x0, 0x0,
    0x0, 0x0, 0x0, 0x0, 0xa4, 0xff, 0xff, 0xff,
    0xff, 0x24, 0x0, 0x0, 0x0, 0x0, 0x0, 0x0,
    0x0, 0x0, 0x0, 0xa4, 0xff, 0xff, 0xff, 0xff,
    0x24, 0x0, 0x0, 0x0, 0x0, 0x85, 0xd0, 0xd0,
    0xd0, 0xd0, 0xee, 0xff, 0xff, 0xff, 0xff, 0xd6,
    0xd0, 0xd0, 0xd0, 0xbf, 0xa4, 0xff, 0xff, 0xff,
    0xff, 0xff, 0xff, 0xff, 0xff, 0xff, 0xff, 0xff,
    0xff, 0xff, 0xec, 0xa4, 0xff, 0xff, 0xff, 0xff,
    0xff, 0xff, 0xff, 0xff, 0xff, 0xff, 0xff, 0xff,
    0xff, 0xec, 0xa4, 0xff, 0xff, 0xff, 0xff, 0xff,
    0xff, 0xff, 0xff, 0xff, 0xff, 0xff, 0xff, 0xff,
    0xec,

    /* U+0032 "2" */
    0x0, 0x0, 0x0, 0x2e, 0x74, 0xa9, 0xd6, 0xee,
    0xfb, 0xf2, 0xdd, 0xaf, 0x69, 0x10, 0x0, 0x0,
    0x0, 0x0, 0x0, 0x43, 0xd5, 0xff, 0xff, 0xff,
    0xff, 0xff, 0xff, 0xff, 0xff, 0xff, 0xff, 0xf0,
    0x65, 0x0, 0x0, 0x0, 0x0, 0x80, 0xff, 0xff,
    0xff, 0xff, 0xff, 0xff, 0xff, 0xff, 0xff, 0xff,
    0xff, 0xff, 0xff, 0x7a, 0x0, 0x0, 0x0, 0x80,
    0xff, 0xff, 0xff, 0xff, 0xff, 0xf7, 0xf1, 0xff,
    0xff, 0xff, 0xff, 0xff, 0xff, 0xfc, 0x2f, 0x0,
    0x0, 0x80, 0xff, 0xf0, 0x95, 0x49, 0xf, 0x0,
    0x0, 0x12, 0x79, 0xfa, 0xff, 0xff, 0xff, 0xff,
    0x92, 0x0, 0x0, 0x68, 0x7e, 0xc, 0x0, 0x0,
    0x0, 0x0, 0x0, 0x0, 0x0, 0x7c, 0xff, 0xff,
    0xff, 0xff, 0xc7, 0x0, 0x0, 0x0, 0x0, 0x0,
    0x0, 0x0, 0x0, 0x0, 0x0, 0x0, 0x0, 0x2a,
    0xff, 0xff, 0xff, 0xff, 0xd9, 0x0, 0x0, 0x0,
    0x0, 0x0, 0x0, 0x0, 0x0, 0x0, 0x0, 0x0,
    0x0, 0x22, 0xff, 0xff, 0xff, 0xff, 0xc3, 0x0,
    0x0, 0x0, 0x0, 0x0, 0x0, 0x0, 0x0, 0x0,
    0x0, 0x0, 0x0, 0x55, 0xff, 0xff, 0xff, 0xff,
    0x8a, 0x0, 0x0, 0x0, 0x0, 0x0, 0x0, 0x0,
    0x0, 0x0, 0x0, 0x0, 0x0, 0xc4, 0xff, 0xff,
    0xff, 0xff, 0x32, 0x0, 0x0, 0x0, 0x0, 0x0,
    0x0, 0x0, 0x0, 0x0, 0x0, 0x0, 0x5c, 0xff,
    0xff, 0xff, 0xff, 0xb3, 0x0, 0x0, 0x0, 0x0,
    0x0, 0x0, 0x0, 0x0, 0x0, 0x0, 0x0, 0x29,
    0xf3, 0xff, 0xff, 0xff, 0xf2, 0x21, 0x0, 0x0,
    0x0, 0x0, 0x0, 0x0, 0x0, 0x0, 0x0, 0x0,
    0x1f, 0xe3, 0xff, 0xff, 0xff, 0xfe, 0x59, 0x0,
    0x0, 0x0, 0x0, 0x0, 0x0, 0x0, 0x0, 0x0,
    0x0, 0x1d, 0xdb, 0xff, 0xff, 0xff, 0xff, 0x7a,
    0x0, 0x0, 0x0, 0x0, 0x0, 0x0, 0x0, 0x0,
    0x0, 0x0, 0x2b, 0xe2, 0xff, 0xff, 0xff, 0xff,
    0x7f, 0x0, 0x0, 0x0, 0x0, 0x0, 0x0, 0x0,
    0x0, 0x0, 0x0, 0x43, 0xf0, 0xff, 0xff, 0xff,
    0xfd, 0x6f, 0x0, 0x0, 0x0, 0x0, 0x0, 0x0,
    0x0, 0x0, 0x0, 0x0, 0x69, 0xfb, 0xff, 0xff,
    0xff, 0xf1, 0x4b, 0x0, 0x0, 0x0, 0x0, 0x0,
    0x0, 0x0, 0x0, 0x0, 0x4, 0x95, 0xff, 0xff,
    0xff, 0xff, 0xd5, 0x29, 0x0, 0x0, 0x0, 0x0,
    0x0, 0x0, 0x0, 0x0, 0x0, 0x15, 0xc0, 0xff,
    0xff, 0xff, 0xff, 0x9d, 0xa, 0x0, 0x0, 0x0,
    0x0, 0x0, 0x0, 0x0, 0x0, 0x0, 0xc, 0xe1,
    0xff, 0xff, 0xff, 0xff, 0xf7, 0xcc, 0xcc, 0xcc,
    0xcc, 0xcc, 0xcc, 0xcc, 0xcc, 0xcc, 0xcc, 0xb8,
    0x18, 0xff, 0xff, 0xff, 0xff, 0xff, 0xff, 0xff,
    0xff, 0xff, 0xff, 0xff, 0xff, 0xff, 0xff, 0xff,
    0xff, 0xe8, 0x18, 0xff, 0xff, 0xff, 0xff, 0xff,
    0xff, 0xff, 0xff, 0xff, 0xff, 0xff, 0xff, 0xff,
    0xff, 0xff, 0xff, 0xe8, 0x18, 0xff, 0xff, 0xff,
    0xff, 0xff, 0xff, 0xff, 0xff, 0xff, 0xff, 0xff,
    0xff, 0xff, 0xff, 0xff, 0xff, 0xe8,

    /* U+0033 "3" */
    0x0, 0x0, 0x1, 0x30, 0x6c, 0xa1, 0xc8, 0xe7,
    0xf6, 0xfb, 0xf0, 0xd6, 0xad, 0x6b, 0x17, 0x0,
    0x0, 0x0, 0x0, 0x0, 0x57, 0xe1, 0xff, 0xff,
    0xff, 0xff, 0xff, 0xff, 0xff, 0xff, 0xff, 0xff,
    0xff, 0xf8, 0x8d, 0x8, 0x0, 0x0, 0x0, 0x8c,
    0xff, 0xff, 0xff, 0xff, 0xff, 0xff, 0xff, 0xff,
    0xff, 0xff, 0xff, 0xff, 0xff, 0xff, 0xbb, 0x4,
    0x0, 0x0, 0x8c, 0xff, 0xff, 0xff, 0xfb, 0xda,
    0xbe, 0xb1, 0xb9, 0xd0, 0xfd, 0xff, 0xff, 0xff,
    0xff, 0xff, 0x5a, 0x0, 0x0, 0x8c, 0xe9, 0x8c,
    0x42, 0x7, 0x0, 0x0, 0x0, 0x0, 0x0, 0x19,
    0xc0, 0xff, 0xff, 0xff, 0xff, 0x9b, 0x0, 0x0,
    0x17, 0x5, 0x0, 0x0, 0x0, 0x0, 0x0, 0x0,
    0x0, 0x0, 0x0, 0x3d, 0xff, 0xff, 0xff, 0xff,
    0x9f, 0x0, 0x0, 0x0, 0x0, 0x0, 0x0, 0x0,
    0x0, 0x0, 0x0, 0x0, 0x0, 0x0, 0x57, 0xff,
    0xff, 0xff, 0xff, 0x68, 0x0, 0x0, 0x0, 0x0,
    0x0, 0x0, 0x0, 0x0, 0x0, 0x0, 0x0, 0x1,
    0x51, 0xeb, 0xff, 0xff, 0xff, 0xdd, 0xa, 0x0,
    0x0, 0x0, 0x0, 0x0, 0x0, 0x0, 0x57, 0xa0,
    0xa6, 0xbb, 0xeb, 0xff, 0xff, 0xff, 0xff, 0xcb,
    0x22, 0x0, 0x0, 0x0, 0x0, 0x0, 0x0, 0x0,
    0x0, 0x8c, 0xff, 0xff, 0xff, 0xff, 0xff, 0xff,
    0xb3, 0x5d, 0x6, 0x0, 0x0, 0x0, 0x0, 0x0,
    0x0, 0x0, 0x0, 0x0, 0x8c, 0xff, 0xff, 0xff,
    0xff, 0xff, 0xff, 0xe0, 0xa2, 0x38, 0x0, 0x0,
    0x0, 0x0, 0x0, 0x0, 0x0, 0x0, 0x0, 0x8c,
    0xff, 0xff, 0xff, 0xff, 0xff, 0xff, 0xff, 0xff,
    0xfe, 0x86, 0x0, 0x0, 0x0, 0x0, 0x0, 0x0,
    0x0, 0x0, 0x0, 0x0, 0x0, 0x5, 0x25, 0x75,
    0xf1, 0xff, 0xff, 0xff, 0xff, 0x65, 0x0, 0x0,
    0x0, 0x0, 0x0, 0x0, 0x0, 0x0, 0x0, 0x0,
    0x0, 0x0, 0x0, 0x4b, 0xff, 0xff, 0xff, 0xff,
    0xe6, 0x1, 0x0, 0x0, 0x0, 0x0, 0x0, 0x0,
    0x0, 0x0, 0x0, 0x0, 0x0, 0x0, 0x0, 0xe3,
    0xff, 0xff, 0xff, 0xff, 0x29, 0x0, 0x0, 0x0,
    0x0, 0x0, 0x0, 0x0, 0x0, 0x0, 0x0, 0x0,
    0x0, 0x0, 0xc7, 0xff, 0xff, 0xff, 0xff, 0x3e,
    0x0, 0x0, 0x0, 0x0, 0x0, 0x0, 0x0, 0x0,
    0x0, 0x0, 0x0, 0x0, 0x0, 0xe5, 0xff, 0xff,
    0xff, 0xff, 0x2c, 0x27, 0x74, 0xb, 0x0, 0x0,
    0x0, 0x0, 0x0, 0x0, 0x0, 0x0, 0x0, 0x46,
    0xff, 0xff, 0xff, 0xff, 0xf8, 0xb, 0x40, 0xff,
    0xec, 0x95, 0x41, 0x9, 0x0, 0x0, 0x0, 0x0,
    0x3, 0x51, 0xeb, 0xff, 0xff, 0xff, 0xff, 0xb0,
    0x0, 0x40, 0xff, 0xff, 0xff, 0xff, 0xfb, 0xd2,
    0xba, 0xaf, 0xc0, 0xec, 0xff, 0xff, 0xff, 0xff,
    0xff, 0xfb, 0x2c, 0x0, 0x40, 0xff, 0xff, 0xff,
    0xff, 0xff, 0xff, 0xff, 0xff, 0xff, 0xff, 0xff,
    0xff, 0xff, 0xff, 0xfc, 0x59, 0x0, 0x0, 0x23,
    0xcc, 0xff, 0xff, 0xff, 0xff, 0xff, 0xff, 0xff,
    0xff, 0xff, 0xff, 0xff, 0xff, 0xd1, 0x3b, 0x0,
    0x0, 0x0, 0x0, 0x0, 0x26, 0x6b, 0xa2, 0xc8,
    0xe6, 0xf3, 0xfc, 0xf4, 0xe5, 0xc1, 0x8e, 0x3d,
    0x0, 0x0, 0x0, 0x0, 0x0,

    /* U+0034 "4" */
    0x0, 0x0, 0x0, 0x0, 0x0, 0x0, 0x0, 0x0,
    0x0, 0x0, 0x0, 0x8c, 0xff, 0xff, 0xff, 0xff,
    0xa0, 0x0, 0x0, 0x0, 0x0, 0x0, 0x0, 0x0,
    0x0, 0x0, 0x0, 0x0, 0x0, 0x0, 0x63, 0xff,
    0xff, 0xff, 0xff, 0xff, 0xa0, 0x0, 0x0, 0x0,
    0x0, 0x0, 0x0, 0x0, 0x0, 0x0, 0x0, 0x0,
    0x0, 0x40, 0xfa, 0xff, 0xff, 0xff, 0xff, 0xff,
    0xa0, 0x0, 0x0, 0x0, 0x0, 0x0, 0x0, 0x0,
    0x0, 0x0, 0x0, 0x0, 0x25, 0xed, 0xff, 0xff,
    0xff, 0xff, 0xff, 0xff, 0xa0, 0x0, 0x0, 0x0,
    0x0, 0x0, 0x0, 0x0, 0x0, 0x0, 0x0, 0x11,
    0xd9, 0xff, 0xff, 0xf5, 0xef, 0xff, 0xff, 0xff,
    0xa0, 0x0, 0x0, 0x0, 0x0, 0x0, 0x0, 0x0,
    0x0, 0x0, 0x4, 0xbd, 0xff, 0xff, 0xfd, 0x50,
    0xd8, 0xff, 0xff, 0xff, 0xa0, 0x0, 0x0, 0x0,
    0x0, 0x0, 0x0, 0x0, 0x0, 0x0, 0x99, 0xff,
    0xff, 0xff, 0x74, 0x0, 0xd8, 0xff, 0xff, 0xff,
    0xa0, 0x0, 0x0, 0x0, 0x0, 0x0, 0x0, 0x0,
    0x0, 0x72, 0xff, 0xff, 0xff, 0x9b, 0x0, 0x0,
    0xd8, 0xff, 0xff, 0xff, 0xa0, 0x0, 0x0, 0x0,
    0x0, 0x0, 0x0, 0x0, 0x4b, 0xfd, 0xff, 0xff,
    0xbd, 0x5, 0x0, 0x0, 0xd8, 0xff, 0xff, 0xff,
    0xa0, 0x0, 0x0, 0x0, 0x0, 0x0, 0x0, 0x2d,
    0xf2, 0xff, 0xff, 0xd7, 0x10, 0x0, 0x0, 0x0,
    0xd8, 0xff, 0xff, 0xff, 0xa0, 0x0, 0x0, 0x0,
    0x0, 0x0, 0x17, 0xe1, 0xff, 0xff, 0xeb, 0x23,
    0x0, 0x0, 0x0, 0x0, 0xd8, 0xff, 0xff, 0xff,
    0xa0, 0x0, 0x0, 0x0, 0x0, 0x8, 0xc7, 0xff,
    0xff, 0xf9, 0x3c, 0x0, 0x0, 0x0, 0x0, 0x0,
    0xd8, 0xff, 0xff, 0xff, 0xa0, 0x0, 0x0, 0x0,
    0x0, 0xa6, 0xff, 0xff, 0xff, 0x5c, 0x0, 0x0,
    0x0, 0x0, 0x0, 0x0, 0xd8, 0xff, 0xff, 0xff,
    0xa0, 0x0, 0x0, 0x0, 0x23, 0xff, 0xff, 0xff,
    0xee, 0xac, 0xac, 0xac, 0xac, 0xac, 0xac, 0xac,
    0xf2, 0xff, 0xff, 0xff, 0xe0, 0xac, 0xac, 0xa1,
    0x24, 0xff, 0xff, 0xff, 0xff, 0xff, 0xff, 0xff,
    0xff, 0xff, 0xff, 0xff, 0xff, 0xff, 0xff, 0xff,
    0xff, 0xff, 0xff, 0xf0, 0x24, 0xff, 0xff, 0xff,
    0xff, 0xff, 0xff, 0xff, 0xff, 0xff, 0xff, 0xff,
    0xff, 0xff, 0xff, 0xff, 0xff, 0xff, 0xff, 0xf0,
    0x24, 0xff, 0xff, 0xff, 0xff, 0xff, 0xff, 0xff,
    0xff, 0xff, 0xff, 0xff, 0xff, 0xff, 0xff, 0xff,
    0xff, 0xff, 0xff, 0xf0, 0x0, 0x0, 0x0, 0x0,
    0x0, 0x0, 0x0, 0x0, 0x0, 0x0, 0x0, 0x0,
    0xd8, 0xff, 0xff, 0xff, 0xa0, 0x0, 0x0, 0x0,
    0x0, 0x0, 0x0, 0x0, 0x0, 0x0, 0x0, 0x0,
    0x0, 0x0, 0x0, 0x0, 0xd8, 0xff, 0xff, 0xff,
    0xa0, 0x0, 0x0, 0x0, 0x0, 0x0, 0x0, 0x0,
    0x0, 0x0, 0x0, 0x0, 0x0, 0x0, 0x0, 0x0,
    0xd8, 0xff, 0xff, 0xff, 0xa0, 0x0, 0x0, 0x0,
    0x0, 0x0, 0x0, 0x0, 0x0, 0x0, 0x0, 0x0,
    0x0, 0x0, 0x0, 0x0, 0xd8, 0xff, 0xff, 0xff,
    0xa0, 0x0, 0x0, 0x0, 0x0, 0x0, 0x0, 0x0,
    0x0, 0x0, 0x0, 0x0, 0x0, 0x0, 0x0, 0x0,
    0xd8, 0xff, 0xff, 0xff, 0xa0, 0x0, 0x0, 0x0,
    0x0, 0x0, 0x0, 0x0, 0x0, 0x0, 0x0, 0x0,
    0x0, 0x0, 0x0, 0x0, 0xd8, 0xff, 0xff, 0xff,
    0xa0, 0x0, 0x0, 0x0,

    /* U+0035 "5" */
    0x0, 0xd4, 0xff, 0xff, 0xff, 0xff, 0xff, 0xff,
    0xff, 0xff, 0xff, 0xff, 0xff, 0xff, 0xff, 0xff,
    0xa4, 0x0, 0x0, 0xd4, 0xff, 0xff, 0xff, 0xff,
    0xff, 0xff, 0xff, 0xff, 0xff, 0xff, 0xff, 0xff,
    0xff, 0xff, 0xa4, 0x0, 0x0, 0xd4, 0xff, 0xff,
    0xff, 0xff, 0xff, 0xff, 0xff, 0xff, 0xff, 0xff,
    0xff, 0xff, 0xff, 0xff, 0xa4, 0x0, 0x0, 0xd4,
    0xff, 0xff, 0xff, 0xe5, 0xc4, 0xc4, 0xc4, 0xc4,
    0xc4, 0xc4, 0xc4, 0xc4, 0xc4, 0xc4, 0x7d, 0x0,
    0x0, 0xd4, 0xff, 0xff, 0xff, 0x90, 0x0, 0x0,
    0x0, 0x0, 0x0, 0x0, 0x0, 0x0, 0x0, 0x0,
    0x0, 0x0, 0x0, 0xd4, 0xff, 0xff, 0xff, 0x90,
    0x0, 0x0, 0x0, 0x0, 0x0, 0x0, 0x0, 0x0,
    0x0, 0x0, 0x0, 0x0, 0x0, 0xd4, 0xff, 0xff,
    0xff, 0x90, 0x0, 0x0, 0x0, 0x0, 0x0, 0x0,
    0x0, 0x0, 0x0, 0x0, 0x0, 0x0, 0x0, 0xd4,
    0xff, 0xff, 0xff, 0x9f, 0x34, 0x38, 0x36, 0x2a,
    0x17, 0x0, 0x0, 0x0, 0x0, 0x0, 0x0, 0x0,
    0x0, 0xd4, 0xff, 0xff, 0xff, 0xff, 0xff, 0xff,
    0xff, 0xff, 0xff, 0xea, 0xaa, 0x47, 0x0, 0x0,
    0x0, 0x0, 0x0, 0xd4, 0xff, 0xff, 0xff, 0xff,
    0xff, 0xff, 0xff, 0xff, 0xff, 0xff, 0xff, 0xff,
    0xb7, 0x13, 0x0, 0x0, 0x0, 0xd4, 0xff, 0xff,
    0xff, 0xff, 0xff, 0xff, 0xff, 0xff, 0xff, 0xff,
    0xff, 0xff, 0xff, 0xd1, 0xa, 0x0, 0x0, 0x95,
    0x86, 0x4e, 0x27, 0x16, 0x5, 0x9, 0x20, 0x53,
    0xb1, 0xff, 0xff, 0xff, 0xff, 0xff, 0x85, 0x0,
    0x0, 0x0, 0x0, 0x0, 0x0, 0x0, 0x0, 0x0,
    0x0, 0x0, 0x0, 0x62, 0xff, 0xff, 0xff, 0xff,
    0xe7, 0x1, 0x0, 0x0, 0x0, 0x0, 0x0, 0x0,
    0x0, 0x0, 0x0, 0x0, 0x0, 0x0, 0xb9, 0xff,
    0xff, 0xff, 0xff, 0x23, 0x0, 0x0, 0x0, 0x0,
    0x0, 0x0, 0x0, 0x0, 0x0, 0x0, 0x0, 0x0,
    0x7b, 0xff, 0xff, 0xff, 0xff, 0x39, 0x0, 0x0,
    0x0, 0x0, 0x0, 0x0, 0x0, 0x0, 0x0, 0x0,
    0x0, 0x0, 0x7c, 0xff, 0xff, 0xff, 0xff, 0x32,
    0x0, 0x0, 0x0, 0x0, 0x0, 0x0, 0x0, 0x0,
    0x0, 0x0, 0x0, 0x0, 0xae, 0xff, 0xff, 0xff,
    0xff, 0x10, 0x52, 0x13, 0x0, 0x0, 0x0, 0x0,
    0x0, 0x0, 0x0, 0x0, 0x0, 0x2f, 0xfb, 0xff,
    0xff, 0xff, 0xce, 0x0, 0xc8, 0xf1, 0x8a, 0x2b,
    0x0, 0x0, 0x0, 0x0, 0x0, 0x0, 0x49, 0xe7,
    0xff, 0xff, 0xff, 0xff, 0x64, 0x0, 0xc8, 0xff,
    0xff, 0xff, 0xe3, 0xad, 0x93, 0x8e, 0xa4, 0xdd,
    0xff, 0xff, 0xff, 0xff, 0xff, 0xb9, 0x3, 0x0,
    0xc8, 0xff, 0xff, 0xff, 0xff, 0xff, 0xff, 0xff,
    0xff, 0xff, 0xff, 0xff, 0xff, 0xff, 0xcc, 0xd,
    0x0, 0x0, 0x98, 0xfc, 0xff, 0xff, 0xff, 0xff,
    0xff, 0xff, 0xff, 0xff, 0xff, 0xff, 0xf7, 0x7c,
    0x6, 0x0, 0x0, 0x0, 0x0, 0x16, 0x5a, 0x94,
    0xbf, 0xe1, 0xf3, 0xfc, 0xeb, 0xd4, 0xad, 0x60,
    0x13, 0x0, 0x0, 0x0, 0x0, 0x0,

    /* U+0036 "6" */
    0x0, 0x0, 0x0, 0x0, 0x0, 0x0, 0x0, 0x25,
    0x74, 0xb2, 0xdb, 0xf0, 0xfc, 0xf3, 0xe3, 0xbb,
    0x49, 0x0, 0x0, 0x0, 0x0, 0x0, 0x0, 0x0,
    0x29, 0xb4, 0xfe, 0xff, 0xff, 0xff, 0xff, 0xff,
    0xff, 0xff, 0xff, 0x7c, 0x0, 0x0, 0x0, 0x0,
    0x0, 0x0, 0x66, 0xf9, 0xff, 0xff, 0xff, 0xff,
    0xff, 0xff, 0xff, 0xff, 0xff, 0xff, 0x7c, 0x0,
    0x0, 0x0, 0x0, 0x0, 0x6c, 0xff, 0xff, 0xff,
    0xff, 0xff, 0xe2, 0xa7, 0x89, 0x80, 0x91, 0xaa,
    0xdd, 0x7b, 0x0, 0x0, 0x0, 0x0, 0x3a, 0xfb,
    0xff, 0xff, 0xff, 0xde, 0x4c, 0x1, 0x0, 0x0,
    0x0, 0x0, 0x0, 0x0, 0x0, 0x0, 0x0, 0x0,
    0x2, 0xce, 0xff, 0xff, 0xff, 0xde, 0x18, 0x0,
    0x0, 0x0, 0x0, 0x0, 0x0, 0x0, 0x0, 0x0,
    0x0, 0x0, 0x0, 0x49, 0xff, 0xff, 0xff, 0xff,
    0x49, 0x0, 0x0, 0x0, 0x0, 0x0, 0x0, 0x0,
    0x0, 0x0, 0x0, 0x0, 0x0, 0x0, 0xa9, 0xff,
    0xff, 0xff, 0xe0, 0x1, 0x3f, 0x9c, 0xd7, 0xf3,
    0xf4, 0xd8, 0xa4, 0x45, 0x1, 0x0, 0x0, 0x0,
    0x2, 0xed, 0xff, 0xff, 0xff, 0xc3, 0xbd, 0xff,
    0xff, 0xff, 0xff, 0xff, 0xff, 0xff, 0xff, 0xb6,
    0x16, 0x0, 0x0, 0x24, 0xff, 0xff, 0xff, 0xff,
    0xff, 0xff, 0xff, 0xff, 0xff, 0xff, 0xff, 0xff,
    0xff, 0xff, 0xff, 0xd5, 0xa, 0x0, 0x4a, 0xff,
    0xff, 0xff, 0xff, 0xff, 0xe6, 0x8f, 0x58, 0x49,
    0x65, 0xb8, 0xff, 0xff, 0xff, 0xff, 0xff, 0x97,
    0x0, 0x5e, 0xff, 0xff, 0xff, 0xff, 0xa6, 0x7,
    0x0, 0x0, 0x0, 0x0, 0x0, 0x72, 0xff, 0xff,
    0xff, 0xff, 0xf6, 0xf, 0x68, 0xff, 0xff, 0xff,
    0xff, 0x74, 0x0, 0x0, 0x0, 0x0, 0x0, 0x0,
    0x0, 0xc2, 0xff, 0xff, 0xff, 0xff, 0x5a, 0x60,
    0xff, 0xff, 0xff, 0xff, 0x75, 0x0, 0x0, 0x0,
    0x0, 0x0, 0x0, 0x0, 0x6e, 0xff, 0xff, 0xff,
    0xff, 0x7c, 0x4f, 0xff, 0xff, 0xff, 0xff, 0x80,
    0x0, 0x0, 0x0, 0x0, 0x0, 0x0, 0x0, 0x4f,
    0xff, 0xff, 0xff, 0xff, 0x95, 0x2d, 0xff, 0xff,
    0xff, 0xff, 0xa0, 0x0, 0x0, 0x0, 0x0, 0x0,
    0x0, 0x0, 0x52, 0xff, 0xff, 0xff, 0xff, 0x8e,
    0x2, 0xf2, 0xff, 0xff, 0xff, 0xd9, 0x0, 0x0,
    0x0, 0x0, 0x0, 0x0, 0x0, 0x73, 0xff, 0xff,
    0xff, 0xff, 0x6a, 0x0, 0xa6, 0xff, 0xff, 0xff,
    0xff, 0x3c, 0x0, 0x0, 0x0, 0x0, 0x0, 0x0,
    0xc2, 0xff, 0xff, 0xff, 0xff, 0x28, 0x0, 0x39,
    0xff, 0xff, 0xff, 0xff, 0xd5, 0x11, 0x0, 0x0,
    0x0, 0x0, 0x66, 0xff, 0xff, 0xff, 0xff, 0xc0,
    0x0, 0x0, 0x0, 0x9e, 0xff, 0xff, 0xff, 0xff,
    0xe2, 0x76, 0x4e, 0x5e, 0xac, 0xfe, 0xff, 0xff,
    0xff, 0xf3, 0x2a, 0x0, 0x0, 0x0, 0xc, 0xc4,
    0xff, 0xff, 0xff, 0xff, 0xff, 0xff, 0xff, 0xff,
    0xff, 0xff, 0xff, 0xf9, 0x51, 0x0, 0x0, 0x0,
    0x0, 0x0, 0x8, 0x97, 0xfc, 0xff, 0xff, 0xff,
    0xff, 0xff, 0xff, 0xff, 0xff, 0xd6, 0x31, 0x0,
    0x0, 0x0, 0x0, 0x0, 0x0, 0x0, 0x0, 0x26,
    0x81, 0xc5, 0xe7, 0xf9, 0xf7, 0xdc, 0xa7, 0x55,
    0x4, 0x0, 0x0, 0x0, 0x0,

    /* U+0037 "7" */
    0x2c, 0xff, 0xff, 0xff, 0xff, 0xff, 0xff, 0xff,
    0xff, 0xff, 0xff, 0xff, 0xff, 0xff, 0xff, 0xff,
    0xff, 0xff, 0x68, 0x2c, 0xff, 0xff, 0xff, 0xff,
    0xff, 0xff, 0xff, 0xff, 0xff, 0xff, 0xff, 0xff,
    0xff, 0xff, 0xff, 0xff, 0xff, 0x68, 0x2c, 0xff,
    0xff, 0xff, 0xff, 0xff, 0xff, 0xff, 0xff, 0xff,
    0xff, 0xff, 0xff, 0xff, 0xff, 0xff, 0xff, 0xff,
    0x68, 0x21, 0xc0, 0xc0, 0xc0, 0xc0, 0xc0, 0xc0,
    0xc0, 0xc0, 0xc0, 0xc0, 0xc0, 0xc0, 0xf2, 0xff,
    0xff, 0xff, 0xff, 0x62, 0x0, 0x0, 0x0, 0x0,
    0x0, 0x0, 0x0, 0x0, 0x0, 0x0, 0x0, 0x0,
    0x27, 0xfb, 0xff, 0xff, 0xff, 0xec, 0xf, 0x0,
    0x0, 0x0, 0x0, 0x0, 0x0, 0x0, 0x0, 0x0,
    0x0, 0x0, 0x0, 0xb3, 0xff, 0xff, 0xff, 0xff,
    0x70, 0x0, 0x0, 0x0, 0x0, 0x0, 0x0, 0x0,
    0x0, 0x0, 0x0, 0x0, 0x0, 0x42, 0xff, 0xff,
    0xff, 0xff, 0xdd, 0x6, 0x0, 0x0, 0x0, 0x0,
    0x0, 0x0, 0x0, 0x0, 0x0, 0x0, 0x0, 0x2,
    0xce, 0xff, 0xff, 0xff, 0xff, 0x57, 0x0, 0x0,
    0x0, 0x0, 0x0, 0x0, 0x0, 0x0, 0x0, 0x0,
    0x0, 0x0, 0x60, 0xff, 0xff, 0xff, 0xff, 0xc9,
    0x1, 0x0, 0x0, 0x0, 0x0, 0x0, 0x0, 0x0,
    0x0, 0x0, 0x0, 0x0, 0xa, 0xe4, 0xff, 0xff,
    0xff, 0xff, 0x3e, 0x0, 0x0, 0x0, 0x0, 0x0,
    0x0, 0x0, 0x0, 0x0, 0x0, 0x0, 0x0, 0x7e,
    0xff, 0xff, 0xff, 0xff, 0xb2, 0x0, 0x0, 0x0,
    0x0, 0x0, 0x0, 0x0, 0x0, 0x0, 0x0, 0x0,
    0x0, 0x19, 0xf4, 0xff, 0xff, 0xff, 0xfc, 0x29,
    0x0, 0x0, 0x0, 0x0, 0x0, 0x0, 0x0, 0x0,
    0x0, 0x0, 0x0, 0x0, 0x9d, 0xff, 0xff, 0xff,
    0xff, 0x99, 0x0, 0x0, 0x0, 0x0, 0x0, 0x0,
    0x0, 0x0, 0x0, 0x0, 0x0, 0x0, 0x2e, 0xfd,
    0xff, 0xff, 0xff, 0xf4, 0x18, 0x0, 0x0, 0x0,
    0x0, 0x0, 0x0, 0x0, 0x0, 0x0, 0x0, 0x0,
    0x0, 0xbb, 0xff, 0xff, 0xff, 0xff, 0x80, 0x0,
    0x0, 0x0, 0x0, 0x0, 0x0, 0x0, 0x0, 0x0,
    0x0, 0x0, 0x0, 0x4a, 0xff, 0xff, 0xff, 0xff,
    0xe8, 0xc, 0x0, 0x0, 0x0, 0x0, 0x0, 0x0,
    0x0, 0x0, 0x0, 0x0, 0x0, 0x3, 0xd5, 0xff,
    0xff, 0xff, 0xff, 0x68, 0x0, 0x0, 0x0, 0x0,
    0x0, 0x0, 0x0, 0x0, 0x0, 0x0, 0x0, 0x0,
    0x69, 0xff, 0xff, 0xff, 0xff, 0xd7, 0x4, 0x0,
    0x0, 0x0, 0x0, 0x0, 0x0, 0x0, 0x0, 0x0,
    0x0, 0x0, 0xe, 0xe9, 0xff, 0xff, 0xff, 0xff,
    0x4f, 0x0, 0x0, 0x0, 0x0, 0x0, 0x0, 0x0,
    0x0, 0x0, 0x0, 0x0, 0x0, 0x87, 0xff, 0xff,
    0xff, 0xff, 0xc3, 0x0, 0x0, 0x0, 0x0, 0x0,
    0x0, 0x0, 0x0, 0x0, 0x0, 0x0, 0x0, 0x1e,
    0xf7, 0xff, 0xff, 0xff, 0xff, 0x37, 0x0, 0x0,
    0x0, 0x0, 0x0, 0x0, 0x0, 0x0, 0x0, 0x0,
    0x0, 0x0, 0xa5, 0xff, 0xff, 0xff, 0xff, 0xaa,
    0x0, 0x0, 0x0, 0x0, 0x0, 0x0, 0x0, 0x0,
    0x0, 0x0, 0x0, 0x0, 0x35, 0xfe, 0xff, 0xff,
    0xff, 0xfa, 0x23, 0x0, 0x0, 0x0, 0x0, 0x0,
    0x0, 0x0, 0x0, 0x0, 0x0,

    /* U+0038 "8" */
    0x0, 0x0, 0x0, 0x0, 0x9, 0x5a, 0x9d, 0xd3,
    0xe9, 0xfa, 0xef, 0xdc, 0xb3, 0x74, 0x22, 0x0,
    0x0, 0x0, 0x0, 0x0, 0x0, 0x0, 0x67, 0xe7,
    0xff, 0xff, 0xff, 0xff, 0xff, 0xff, 0xff, 0xff,
    0xff, 0xfc, 0xa4, 0x11, 0x0, 0x0, 0x0, 0x0,
    0x91, 0xff, 0xff, 0xff, 0xff, 0xff, 0xff, 0xff,
    0xff, 0xff, 0xff, 0xff, 0xff, 0xff, 0xd6, 0x18,
    0x0, 0x0, 0x5b, 0xff, 0xff, 0xff, 0xff, 0xff,
    0xe3, 0x94, 0x78, 0x8b, 0xc4, 0xff, 0xff, 0xff,
    0xff, 0xff, 0xad, 0x0, 0x0, 0xc7, 0xff, 0xff,
    0xff, 0xff, 0x8a, 0x4, 0x0, 0x0, 0x0, 0x0,
    0x49, 0xf8, 0xff, 0xff, 0xff, 0xfc, 0xf, 0x0,
    0xf1, 0xff, 0xff, 0xff, 0xed, 0x3, 0x0, 0x0,
    0x0, 0x0, 0x0, 0x0, 0x9b, 0xff, 0xff, 0xff,
    0xff, 0x26, 0x0, 0xe0, 0xff, 0xff, 0xff, 0xf3,
    0x5, 0x0, 0x0, 0x0, 0x0, 0x0, 0x0, 0x87,
    0xff, 0xff, 0xff, 0xfe, 0xf, 0x0, 0xb3, 0xff,
    0xff, 0xff, 0xff, 0x96, 0x4, 0x0, 0x0, 0x0,
    0x0, 0x0, 0xc2, 0xff, 0xff, 0xff, 0xbb, 0x0,
    0x0, 0x44, 0xff, 0xff, 0xff, 0xff, 0xff, 0xdd,
    0x6e, 0x14, 0x0, 0x0, 0x66, 0xff, 0xff, 0xff,
    0xe7, 0x26, 0x0, 0x0, 0x0, 0x7f, 0xff, 0xff,
    0xff, 0xff, 0xff, 0xff, 0xfb, 0xbe, 0x9e, 0xfe,
    0xff, 0xff, 0xc3, 0x1f, 0x0, 0x0, 0x0, 0x0,
    0x0, 0x49, 0xd7, 0xff, 0xff, 0xff, 0xff, 0xff,
    0xff, 0xff, 0xff, 0xff, 0x82, 0x0, 0x0, 0x0,
    0x0, 0x0, 0x0, 0x0, 0x40, 0xc2, 0xff, 0xff,
    0xff, 0xff, 0xff, 0xff, 0xff, 0xff, 0xff, 0xff,
    0xbf, 0x2c, 0x0, 0x0, 0x0, 0x2, 0x92, 0xff,
    0xff, 0xff, 0xef, 0x68, 0x88, 0xda, 0xff, 0xff,
    0xff, 0xff, 0xff, 0xff, 0xf7, 0x4d, 0x0, 0x0,
    0x8b, 0xff, 0xff, 0xff, 0xf4, 0x31, 0x0, 0x0,
    0x0, 0x31, 0x92, 0xf4, 0xff, 0xff, 0xff, 0xff,
    0xf4, 0x20, 0x26, 0xfd, 0xff, 0xff, 0xff, 0x83,
    0x0, 0x0, 0x0, 0x0, 0x0, 0x0, 0x1d, 0xcf,
    0xff, 0xff, 0xff, 0xff, 0x89, 0x78, 0xff, 0xff,
    0xff, 0xff, 0x39, 0x0, 0x0, 0x0, 0x0, 0x0,
    0x0, 0x0, 0x38, 0xff, 0xff, 0xff, 0xff, 0xbd,
    0x92, 0xff, 0xff, 0xff, 0xff, 0x35, 0x0, 0x0,
    0x0, 0x0, 0x0, 0x0, 0x0, 0x13, 0xff, 0xff,
    0xff, 0xff, 0xc4, 0x7e, 0xff, 0xff, 0xff, 0xff,
    0x80, 0x0, 0x0, 0x0, 0x0, 0x0, 0x0, 0x0,
    0x41, 0xff, 0xff, 0xff, 0xff, 0xa1, 0x43, 0xff,
    0xff, 0xff, 0xff, 0xf6, 0x4d, 0x0, 0x0, 0x0,
    0x0, 0x0, 0x1f, 0xd7, 0xff, 0xff, 0xff, 0xff,
    0x4e, 0x2, 0xcf, 0xff, 0xff, 0xff, 0xff, 0xff,
    0xc1, 0x7b, 0x5d, 0x6f, 0xa1, 0xf9, 0xff, 0xff,
    0xff, 0xff, 0xbe, 0x1, 0x0, 0x29, 0xe7, 0xff,
    0xff, 0xff, 0xff, 0xff, 0xff, 0xff, 0xff, 0xff,
    0xff, 0xff, 0xff, 0xff, 0xca, 0xf, 0x0, 0x0,
    0x0, 0x1f, 0xb2, 0xff, 0xff, 0xff, 0xff, 0xff,
    0xff, 0xff, 0xff, 0xff, 0xff, 0xf6, 0x85, 0xc,
    0x0, 0x0, 0x0, 0x0, 0x0, 0x0, 0x2c, 0x81,
    0xb9, 0xe1, 0xf3, 0xfc, 0xeb, 0xd6, 0xab, 0x64,
    0x17, 0x0, 0x0, 0x0, 0x0,

    /* U+0039 "9" */
    0x0, 0x0, 0x0, 0x0, 0x7, 0x4e, 0xa2, 0xd2,
    0xeb, 0xf9, 0xe8, 0xcc, 0x8c, 0x37, 0x0, 0x0,
    0x0, 0x0, 0x0, 0x0, 0x0, 0x0, 0x48, 0xdf,
    0xff, 0xff, 0xff, 0xff, 0xff, 0xff, 0xff, 0xff,
    0xff, 0xb3, 0x15, 0x0, 0x0, 0x0, 0x0, 0x0,
    0x71, 0xff, 0xff, 0xff, 0xff, 0xff, 0xff, 0xff,
    0xff, 0xff, 0xff, 0xff, 0xff, 0xdd, 0x1e, 0x0,
    0x0, 0x0, 0x4d, 0xfd, 0xff, 0xff, 0xff, 0xff,
    0xe6, 0xa5, 0x95, 0xb1, 0xf3, 0xff, 0xff, 0xff,
    0xff, 0xc2, 0x2, 0x0, 0x3, 0xe0, 0xff, 0xff,
    0xff, 0xff, 0x91, 0x6, 0x0, 0x0, 0x0, 0x14,
    0xbf, 0xff, 0xff, 0xff, 0xff, 0x5c, 0x0, 0x42,
    0xff, 0xff, 0xff, 0xff, 0xc7, 0x0, 0x0, 0x0,
    0x0, 0x0, 0x0, 0x16, 0xf3, 0xff, 0xff, 0xff,
    0xc7, 0x0, 0x77, 0xff, 0xff, 0xff, 0xff, 0x74,
    0x0, 0x0, 0x0, 0x0, 0x0, 0x0, 0x0, 0xa6,
    0xff, 0xff, 0xff, 0xff, 0x12, 0x87, 0xff, 0xff,
    0xff, 0xff, 0x61, 0x0, 0x0, 0x0, 0x0, 0x0,
    0x0, 0x0, 0x74, 0xff, 0xff, 0xff, 0xff, 0x48,
    0x78, 0xff, 0xff, 0xff, 0xff, 0x85, 0x0, 0x0,
    0x0, 0x0, 0x0, 0x0, 0x0, 0x5f, 0xff, 0xff,
    0xff, 0xff, 0x67, 0x4a, 0xff, 0xff, 0xff, 0xff,
    0xe8, 0x17, 0x0, 0x0, 0x0, 0x0, 0x0, 0x0,
    0x5e, 0xff, 0xff, 0xff, 0xff, 0x78, 0x9, 0xea,
    0xff, 0xff, 0xff, 0xff, 0xe0, 0x62, 0x1e, 0x5,
    0x12, 0x32, 0x77, 0xd3, 0xff, 0xff, 0xff, 0xff,
    0x7e, 0x0, 0x65, 0xff, 0xff, 0xff, 0xff, 0xff,
    0xff, 0xff, 0xff, 0xff, 0xff, 0xff, 0xff, 0xff,
    0xff, 0xff, 0xff, 0x6d, 0x0, 0x0, 0x83, 0xfe,
    0xff, 0xff, 0xff, 0xff, 0xff, 0xff, 0xff, 0xff,
    0xff, 0xf0, 0xff, 0xff, 0xff, 0xff, 0x5b, 0x0,
    0x0, 0x0, 0x44, 0xc1, 0xfe, 0xff, 0xff, 0xff,
    0xff, 0xff, 0xce, 0x5a, 0x98, 0xff, 0xff, 0xff,
    0xff, 0x3b, 0x0, 0x0, 0x0, 0x0, 0x0, 0x13,
    0x44, 0x58, 0x58, 0x46, 0x1a, 0x0, 0x0, 0xce,
    0xff, 0xff, 0xff, 0xf8, 0x7, 0x0, 0x0, 0x0,
    0x0, 0x0, 0x0, 0x0, 0x0, 0x0, 0x0, 0x0,
    0x0, 0x25, 0xff, 0xff, 0xff, 0xff, 0xc2, 0x0,
    0x0, 0x0, 0x0, 0x0, 0x0, 0x0, 0x0, 0x0,
    0x0, 0x0, 0x0, 0x0, 0xa6, 0xff, 0xff, 0xff,
    0xff, 0x5c, 0x0, 0x0, 0x0, 0x0, 0x0, 0x0,
    0x0, 0x0, 0x0, 0x0, 0x0, 0x0, 0x66, 0xff,
    0xff, 0xff, 0xff, 0xe4, 0x5, 0x0, 0x0, 0x0,
    0x12, 0x14, 0x0, 0x0, 0x0, 0x0, 0x0, 0x13,
    0x8f, 0xff, 0xff, 0xff, 0xff, 0xfe, 0x48, 0x0,
    0x0, 0x0, 0x0, 0x64, 0xfb, 0xb9, 0x93, 0x81,
    0x8f, 0xba, 0xf6, 0xff, 0xff, 0xff, 0xff, 0xff,
    0x81, 0x0, 0x0, 0x0, 0x0, 0x0, 0x64, 0xff,
    0xff, 0xff, 0xff, 0xff, 0xff, 0xff, 0xff, 0xff,
    0xff, 0xfb, 0x6d, 0x0, 0x0, 0x0, 0x0, 0x0,
    0x0, 0x64, 0xff, 0xff, 0xff, 0xff, 0xff, 0xff,
    0xff, 0xff, 0xff, 0xb2, 0x33, 0x0, 0x0, 0x0,
    0x0, 0x0, 0x0, 0x0, 0x42, 0xca, 0xe8, 0xf9,
    0xfa, 0xe9, 0xd6, 0xae, 0x6e, 0x27, 0x0, 0x0,
    0x0, 0x0, 0x0, 0x0, 0x0,

    /* U+0041 "A" */
    0x0, 0x0, 0x0, 0x0, 0x0, 0x0, 0x0, 0x0,
    0x16, 0xfa, 0xff, 0xff, 0xff, 0xff, 0x84, 0x0,
    0x0, 0x0, 0x0, 0x0, 0x0, 0x0, 0x0, 0x0,
    0x0, 0x0, 0x0, 0x0, 0x0, 0x0, 0x0, 0x0,
    0x74, 0xff, 0xff, 0xff, 0xff, 0xff, 0xe4, 0x3,
    0x0, 0x0, 0x0, 0x0, 0x0, 0x0, 0x0, 0x0,
    0x0, 0x0, 0x0, 0x0, 0x0, 0x0, 0x0, 0x0,
    0xd5, 0xff, 0xff, 0xff, 0xff, 0xff, 0xff, 0x49,
    0x0, 0x0, 0x0, 0x0, 0x0, 0x0, 0x0, 0x0,
    0x0, 0x0, 0x0, 0x0, 0x0, 0x0, 0x0, 0x39,
    0xff, 0xff, 0xff, 0xff, 0xff, 0xff, 0xff, 0xac,
    0x0, 0x0, 0x0, 0x0, 0x0, 0x0, 0x0, 0x0,
    0x0, 0x0, 0x0, 0x0, 0x0, 0x0, 0x0, 0x9b,
    0xff, 0xff, 0xff, 0xff, 0xff, 0xff, 0xff, 0xf9,
    0x14, 0x0, 0x0, 0x0, 0x0, 0x0, 0x0, 0x0,
    0x0, 0x0, 0x0, 0x0, 0x0, 0x0, 0xb, 0xf2,
    0xff, 0xff, 0xff, 0x93, 0xfd, 0xff, 0xff, 0xff,
    0x71, 0x0, 0x0, 0x0, 0x0, 0x0, 0x0, 0x0,
    0x0, 0x0, 0x0, 0x0, 0x0, 0x0, 0x60, 0xff,
    0xff, 0xff, 0xfd, 0x1b, 0xb8, 0xff, 0xff, 0xff,
    0xd3, 0x0, 0x0, 0x0, 0x0, 0x0, 0x0, 0x0,
    0x0, 0x0, 0x0, 0x0, 0x0, 0x0, 0xc3, 0xff,
    0xff, 0xff, 0xb8, 0x0, 0x57, 0xff, 0xff, 0xff,
    0xff, 0x36, 0x0, 0x0, 0x0, 0x0, 0x0, 0x0,
    0x0, 0x0, 0x0, 0x0, 0x0, 0x25, 0xff, 0xff,
    0xff, 0xff, 0x58, 0x0, 0x7, 0xef, 0xff, 0xff,
    0xff, 0x98, 0x0, 0x0, 0x0, 0x0, 0x0, 0x0,
    0x0, 0x0, 0x0, 0x0, 0x0, 0x87, 0xff, 0xff,
    0xff, 0xef, 0x8, 0x0, 0x0, 0x96, 0xff, 0xff,
    0xff, 0xf0, 0x9, 0x0, 0x0, 0x0, 0x0, 0x0,
    0x0, 0x0, 0x0, 0x0, 0x3, 0xe6, 0xff, 0xff,
    0xff, 0x98, 0x0, 0x0, 0x0, 0x36, 0xff, 0xff,
    0xff, 0xff, 0x5d, 0x0, 0x0, 0x0, 0x0, 0x0,
    0x0, 0x0, 0x0, 0x0, 0x4c, 0xff, 0xff, 0xff,
    0xff, 0x38, 0x0, 0x0, 0x0, 0x0, 0xd5, 0xff,
    0xff, 0xff, 0xbf, 0x0, 0x0, 0x0, 0x0, 0x0,
    0x0, 0x0, 0x0, 0x0, 0xaf, 0xff, 0xff, 0xff,
    0xd7, 0x0, 0x0, 0x0, 0x0, 0x0, 0x75, 0xff,
    0xff, 0xff, 0xfe, 0x23, 0x0, 0x0, 0x0, 0x0,
    0x0, 0x0, 0x0, 0x16, 0xfa, 0xff, 0xff, 0xff,
    0x78, 0x0, 0x0, 0x0, 0x0, 0x0, 0x18, 0xfb,
    0xff, 0xff, 0xff, 0x84, 0x0, 0x0, 0x0, 0x0,
    0x0, 0x0, 0x0, 0x74, 0xff, 0xff, 0xff, 0xff,
    0xff, 0xff, 0xff, 0xff, 0xff, 0xff, 0xff, 0xff,
    0xff, 0xff, 0xff, 0xe4, 0x2, 0x0, 0x0, 0x0,
    0x0, 0x0, 0x0, 0xd5, 0xff, 0xff, 0xff, 0xff,
    0xff, 0xff, 0xff, 0xff, 0xff, 0xff, 0xff, 0xff,
    0xff, 0xff, 0xff, 0xff, 0x49, 0x0, 0x0, 0x0,
    0x0, 0x0, 0x38, 0xff, 0xff, 0xff, 0xff, 0xff,
    0xff, 0xff, 0xff, 0xff, 0xff, 0xff, 0xff, 0xff,
    0xff, 0xff, 0xff, 0xff, 0xab, 0x0, 0x0, 0x0,
    0x0, 0x0, 0x9b, 0xff, 0xff, 0xff, 0xfd, 0x7c,
    0x78, 0x78, 0x78, 0x78, 0x78, 0x78, 0x78, 0x78,
    0xd3, 0xff, 0xff, 0xff, 0xf9, 0x14, 0x0, 0x0,
    0x0, 0xb, 0xf2, 0xff, 0xff, 0xff, 0xc0, 0x0,
    0x0, 0x0, 0x0, 0x0, 0x0, 0x0, 0x0, 0x0,
    0x67, 0xff, 0xff, 0xff, 0xff, 0x70, 0x0, 0x0,
    0x0, 0x60, 0xff, 0xff, 0xff, 0xff, 0x68, 0x0,
    0x0, 0x0, 0x0, 0x0, 0x0, 0x0, 0x0, 0x0,
    0x12, 0xfa, 0xff, 0xff, 0xff, 0xd3, 0x0, 0x0,
    0x0, 0xc2, 0xff, 0xff, 0xff, 0xfb, 0x14, 0x0,
    0x0, 0x0, 0x0, 0x0, 0x0, 0x0, 0x0, 0x0,
    0x0, 0xb2, 0xff, 0xff, 0xff, 0xff, 0x35, 0x0,
    0x25, 0xff, 0xff, 0xff, 0xff, 0xb8, 0x0, 0x0,
    0x0, 0x0, 0x0, 0x0, 0x0, 0x0, 0x0, 0x0,
    0x0, 0x58, 0xff, 0xff, 0xff, 0xff, 0x98, 0x0,
    0x87, 0xff, 0xff, 0xff, 0xff, 0x60, 0x0, 0x0,
    0x0, 0x0, 0x0, 0x0, 0x0, 0x0, 0x0, 0x0,
    0x0, 0xa, 0xf3, 0xff, 0xff, 0xff, 0xf0, 0x9,

    /* U+0042 "B" */
    0x8, 0xff, 0xff, 0xff, 0xff, 0xff, 0xff, 0xff,
    0xff, 0xf7, 0xee, 0xd9, 0xba, 0x87, 0x40, 0x0,
    0x0, 0x0, 0x0, 0x0, 0x8, 0xff, 0xff, 0xff,
    0xff, 0xff, 0xff, 0xff, 0xff, 0xff, 0xff, 0xff,
    0xff, 0xff, 0xff, 0xcd, 0x26, 0x0, 0x0, 0x0,
    0x8, 0xff, 0xff, 0xff, 0xff, 0xff, 0xff, 0xff,
    0xff, 0xff, 0xff, 0xff, 0xff, 0xff, 0xff, 0xff,
    0xe2, 0x11, 0x0, 0x0, 0x8, 0xff, 0xff, 0xff,
    0xff, 0xd2, 0x9c, 0x9c, 0x9f, 0xaa, 0xc7, 0xf7,
    0xff, 0xff, 0xff, 0xff, 0xff, 0x70, 0x0, 0x0,
    0x8, 0xff, 0xff, 0xff, 0xff, 0x8c, 0x0, 0x0,
    0x0, 0x0, 0x0, 0x10, 0xb4, 0xff, 0xff, 0xff,
    0xff, 0xa5, 0x0, 0x0, 0x8, 0xff, 0xff, 0xff,
    0xff, 0x8c, 0x0, 0x0, 0x0, 0x0, 0x0, 0x0,
    0x2b, 0xff, 0xff, 0xff, 0xff, 0xaa, 0x0, 0x0,
    0x8, 0xff, 0xff, 0xff, 0xff, 0x8c, 0x0, 0x0,
    0x0, 0x0, 0x0, 0x0, 0x1f, 0xff, 0xff, 0xff,
    0xff, 0x85, 0x0, 0x0, 0x8, 0xff, 0xff, 0xff,
    0xff, 0x8c, 0x0, 0x0, 0x0, 0x0, 0x0, 0x0,
    0x72, 0xff, 0xff, 0xff, 0xfc, 0x26, 0x0, 0x0,
    0x8, 0xff, 0xff, 0xff, 0xff, 0x8c, 0x0, 0x0,
    0x0, 0x9, 0x2d, 0x85, 0xfb, 0xff, 0xff, 0xff,
    0x77, 0x0, 0x0, 0x0, 0x8, 0xff, 0xff, 0xff,
    0xff, 0xff, 0xff, 0xff, 0xff, 0xff, 0xff, 0xff,
    0xff, 0xff, 0xd3, 0x54, 0x0, 0x0, 0x0, 0x0,
    0x8, 0xff, 0xff, 0xff, 0xff, 0xff, 0xff, 0xff,
    0xff, 0xff, 0xff, 0xff, 0xff, 0xff, 0xd2, 0x7f,
    0x18, 0x0, 0x0, 0x0, 0x8, 0xff, 0xff, 0xff,
    0xff, 0xff, 0xff, 0xff, 0xff, 0xff, 0xff, 0xff,
    0xff, 0xff, 0xff, 0xff, 0xf2, 0x57, 0x0, 0x0,
    0x8, 0xff, 0xff, 0xff, 0xff, 0x9f, 0x2c, 0x2c,
    0x2c, 0x2d, 0x39, 0x5f, 0xb4, 0xff, 0xff, 0xff,
    0xff, 0xfd, 0x46, 0x0, 0x8, 0xff, 0xff, 0xff,
    0xff, 0x8c, 0x0, 0x0, 0x0, 0x0, 0x0, 0x0,
    0x0, 0x5e, 0xff, 0xff, 0xff, 0xff, 0xd6, 0x0,
    0x8, 0xff, 0xff, 0xff, 0xff, 0x8c, 0x0, 0x0,
    0x0, 0x0, 0x0, 0x0, 0x0, 0x0, 0xbd, 0xff,
    0xff, 0xff, 0xff, 0x27, 0x8, 0xff, 0xff, 0xff,
    0xff, 0x8c, 0x0, 0x0, 0x0, 0x0, 0x0, 0x0,
    0x0, 0x0, 0x8b, 0xff, 0xff, 0xff, 0xff, 0x48,
    0x8, 0xff, 0xff, 0xff, 0xff, 0x8c, 0x0, 0x0,
    0x0, 0x0, 0x0, 0x0, 0x0, 0x0, 0x9a, 0xff,
    0xff, 0xff, 0xff, 0x40, 0x8, 0xff, 0xff, 0xff,
    0xff, 0x8c, 0x0, 0x0, 0x0, 0x0, 0x0, 0x0,
    0x0, 0xa, 0xe4, 0xff, 0xff, 0xff, 0xff, 0x21,
    0x8, 0xff, 0xff, 0xff, 0xff, 0x8c, 0x0, 0x0,
    0x0, 0x0, 0x0, 0x0, 0x19, 0xb6, 0xff, 0xff,
    0xff, 0xff, 0xd8, 0x0, 0x8, 0xff, 0xff, 0xff,
    0xff, 0xc6, 0x80, 0x80, 0x80, 0x84, 0x95, 0xbf,
    0xfa, 0xff, 0xff, 0xff, 0xff, 0xff, 0x5b, 0x0,
    0x8, 0xff, 0xff, 0xff, 0xff, 0xff, 0xff, 0xff,
    0xff, 0xff, 0xff, 0xff, 0xff, 0xff, 0xff, 0xff,
    0xff, 0x98, 0x0, 0x0, 0x8, 0xff, 0xff, 0xff,
    0xff, 0xff, 0xff, 0xff, 0xff, 0xff, 0xff, 0xff,
    0xff, 0xff, 0xff, 0xf0, 0x6c, 0x1, 0x0, 0x0,
    0x8, 0xff, 0xff, 0xff, 0xff, 0xff, 0xff, 0xff,
    0xff, 0xff, 0xf9, 0xec, 0xd1, 0xa2, 0x5c, 0xb,
    0x0, 0x0, 0x0, 0x0,

    /* U+0043 "C" */
    0x0, 0x0, 0x0, 0x0, 0x0, 0x0, 0x0, 0x11,
    0x60, 0xa7, 0xd4, 0xf0, 0xfc, 0xf4, 0xe5, 0xc4,
    0x9a, 0x5e, 0x17, 0x0, 0x0, 0x0, 0x0, 0x0,
    0x0, 0x0, 0xd, 0x8c, 0xf4, 0xff, 0xff, 0xff,
    0xff, 0xff, 0xff, 0xff, 0xff, 0xff, 0xff, 0xfe,
    0xb9, 0x45, 0x0, 0x0, 0x0, 0x0, 0x35, 0xe3,
    0xff, 0xff, 0xff, 0xff, 0xff, 0xff, 0xff, 0xff,
    0xff, 0xff, 0xff, 0xff, 0xff, 0xff, 0xd0, 0x0,
    0x0, 0x0, 0x3a, 0xf6, 0xff, 0xff, 0xff, 0xff,
    0xff, 0xff, 0xff, 0xfa, 0xf2, 0xff, 0xff, 0xff,
    0xff, 0xff, 0xff, 0xd0, 0x0, 0x0, 0x17, 0xeb,
    0xff, 0xff, 0xff, 0xff, 0xff, 0xbb, 0x53, 0x16,
    0x0, 0x0, 0x6, 0x34, 0x7a, 0xdf, 0xff, 0xff,
    0xd0, 0x0, 0x0, 0xa6, 0xff, 0xff, 0xff, 0xff,
    0xf7, 0x5a, 0x0, 0x0, 0x0, 0x0, 0x0, 0x0,
    0x0, 0x0, 0x3, 0x5e, 0xe9, 0xd0, 0x0, 0x26,
    0xfd, 0xff, 0xff, 0xff, 0xff, 0x62, 0x0, 0x0,
    0x0, 0x0, 0x0, 0x0, 0x0, 0x0, 0x0, 0x0,
    0x0, 0x11, 0x5b, 0x0, 0x84, 0xff, 0xff, 0xff,
    0xff, 0xcb, 0x0, 0x0, 0x0, 0x0, 0x0, 0x0,
    0x0, 0x0, 0x0, 0x0, 0x0, 0x0, 0x0, 0x0,
    0x0, 0xcc, 0xff, 0xff, 0xff, 0xff, 0x67, 0x0,
    0x0, 0x0, 0x0, 0x0, 0x0, 0x0, 0x0, 0x0,
    0x0, 0x0, 0x0, 0x0, 0x0, 0x3, 0xf7, 0xff,
    0xff, 0xff, 0xff, 0x2a, 0x0, 0x0, 0x0, 0x0,
    0x0, 0x0, 0x0, 0x0, 0x0, 0x0, 0x0, 0x0,
    0x0, 0x0, 0x16, 0xff, 0xff, 0xff, 0xff, 0xff,
    0xc, 0x0, 0x0, 0x0, 0x0, 0x0, 0x0, 0x0,
    0x0, 0x0, 0x0, 0x0, 0x0, 0x0, 0x0, 0x20,
    0xff, 0xff, 0xff, 0xff, 0xff, 0x1, 0x0, 0x0,
    0x0, 0x0, 0x0, 0x0, 0x0, 0x0, 0x0, 0x0,
    0x0, 0x0, 0x0, 0x0, 0x17, 0xff, 0xff, 0xff,
    0xff, 0xff, 0xc, 0x0, 0x0, 0x0, 0x0, 0x0,
    0x0, 0x0, 0x0, 0x0, 0x0, 0x0, 0x0, 0x0,
    0x0, 0x4, 0xf9, 0xff, 0xff, 0xff, 0xff, 0x28,
    0x0, 0x0, 0x0, 0x0, 0x0, 0x0, 0x0, 0x0,
    0x0, 0x0, 0x0, 0x0, 0x0, 0x0, 0x0, 0xcf,
    0xff, 0xff, 0xff, 0xff, 0x63, 0x0, 0x0, 0x0,
    0x0, 0x0, 0x0, 0x0, 0x0, 0x0, 0x0, 0x0,
    0x0, 0x0, 0x0, 0x0, 0x88, 0xff, 0xff, 0xff,
    0xff, 0xc4, 0x0, 0x0, 0x0, 0x0, 0x0, 0x0,
    0x0, 0x0, 0x0, 0x0, 0x0, 0x0, 0x0, 0x0,
    0x0, 0x2b, 0xfe, 0xff, 0xff, 0xff, 0xff, 0x55,
    0x0, 0x0, 0x0, 0x0, 0x0, 0x0, 0x0, 0x0,
    0x0, 0x0, 0x0, 0x1, 0x34, 0x0, 0x0, 0xae,
    0xff, 0xff, 0xff, 0xff, 0xf2, 0x47, 0x0, 0x0,
    0x0, 0x0, 0x0, 0x0, 0x0, 0x0, 0x0, 0x2c,
    0xc4, 0xd0, 0x0, 0x0, 0x1d, 0xf1, 0xff, 0xff,
    0xff, 0xff, 0xfd, 0xa6, 0x41, 0x8, 0x0, 0x0,
    0x0, 0x18, 0x56, 0xb5, 0xfe, 0xff, 0xd0, 0x0,
    0x0, 0x0, 0x45, 0xfa, 0xff, 0xff, 0xff, 0xff,
    0xff, 0xff, 0xfc, 0xe9, 0xe1, 0xf3, 0xff, 0xff,
    0xff, 0xff, 0xff, 0xd0, 0x0, 0x0, 0x0, 0x0,
    0x41, 0xec, 0xff, 0xff, 0xff, 0xff, 0xff, 0xff,
    0xff, 0xff, 0xff, 0xff, 0xff, 0xff, 0xff, 0xff,
    0xcc, 0x0, 0x0, 0x0, 0x0, 0x0, 0x16, 0x9d,
    0xfa, 0xff, 0xff, 0xff, 0xff, 0xff, 0xff, 0xff,
    0xff, 0xff, 0xff, 0xea, 0x84, 0x14, 0x0, 0x0,
    0x0, 0x0, 0x0, 0x0, 0x0, 0x1a, 0x6d, 0xb0,
    0xdc, 0xf4, 0xfc, 0xf0, 0xdf, 0xb8, 0x88, 0x41,
    0x3, 0x0, 0x0,

    /* U+0044 "D" */
    0x8, 0xff, 0xff, 0xff, 0xff, 0xff, 0xff, 0xff,
    0xf9, 0xea, 0xdb, 0xc3, 0x92, 0x60, 0x1c, 0x0,
    0x0, 0x0, 0x0, 0x0, 0x0, 0x0, 0x8, 0xff,
    0xff, 0xff, 0xff, 0xff, 0xff, 0xff, 0xff, 0xff,
    0xff, 0xff, 0xff, 0xff, 0xfc, 0xb5, 0x46, 0x0,
    0x0, 0x0, 0x0, 0x0, 0x8, 0xff, 0xff, 0xff,
    0xff, 0xff, 0xff, 0xff, 0xff, 0xff, 0xff, 0xff,
    0xff, 0xff, 0xff, 0xff, 0xff, 0xa3, 0x11, 0x0,
    0x0, 0x0, 0x8, 0xff, 0xff, 0xff, 0xff, 0xef,
    0xd0, 0xd0, 0xdb, 0xe9, 0xfe, 0xff, 0xff, 0xff,
    0xff, 0xff, 0xff, 0xff, 0xd3, 0x11, 0x0, 0x0,
    0x8, 0xff, 0xff, 0xff, 0xff, 0xa8, 0x0, 0x0,
    0x0, 0x0, 0xe, 0x40, 0x95, 0xf1, 0xff, 0xff,
    0xff, 0xff, 0xff, 0xc4, 0x3, 0x0, 0x8, 0xff,
    0xff, 0xff, 0xff, 0xa8, 0x0, 0x0, 0x0, 0x0,
    0x0, 0x0, 0x0, 0x18, 0xb6, 0xff, 0xff, 0xff,
    0xff, 0xff, 0x63, 0x0, 0x8, 0xff, 0xff, 0xff,
    0xff, 0xa8, 0x0, 0x0, 0x0, 0x0, 0x0, 0x0,
    0x0, 0x0, 0x5, 0xbb, 0xff, 0xff, 0xff, 0xff,
    0xe4, 0x3, 0x8, 0xff, 0xff, 0xff, 0xff, 0xa8,
    0x0, 0x0, 0x0, 0x0, 0x0, 0x0, 0x0, 0x0,
    0x0, 0x21, 0xf9, 0xff, 0xff, 0xff, 0xff, 0x3a,
    0x8, 0xff, 0xff, 0xff, 0xff, 0xa8, 0x0, 0x0,
    0x0, 0x0, 0x0, 0x0, 0x0, 0x0, 0x0, 0x0,
    0xad, 0xff, 0xff, 0xff, 0xff, 0x81, 0x8, 0xff,
    0xff, 0xff, 0xff, 0xa8, 0x0, 0x0, 0x0, 0x0,
    0x0, 0x0, 0x0, 0x0, 0x0, 0x0, 0x6a, 0xff,
    0xff, 0xff, 0xff, 0xa9, 0x8, 0xff, 0xff, 0xff,
    0xff, 0xa8, 0x0, 0x0, 0x0, 0x0, 0x0, 0x0,
    0x0, 0x0, 0x0, 0x0, 0x4c, 0xff, 0xff, 0xff,
    0xff, 0xbe, 0x8, 0xff, 0xff, 0xff, 0xff, 0xa8,
    0x0, 0x0, 0x0, 0x0, 0x0, 0x0, 0x0, 0x0,
    0x0, 0x0, 0x3d, 0xff, 0xff, 0xff, 0xff, 0xcf,
    0x8, 0xff, 0xff, 0xff, 0xff, 0xa8, 0x0, 0x0,
    0x0, 0x0, 0x0, 0x0, 0x0, 0x0, 0x0, 0x0,
    0x4d, 0xff, 0xff, 0xff, 0xff, 0xc5, 0x8, 0xff,
    0xff, 0xff, 0xff, 0xa8, 0x0, 0x0, 0x0, 0x0,
    0x0, 0x0, 0x0, 0x0, 0x0, 0x0, 0x6e, 0xff,
    0xff, 0xff, 0xff, 0xac, 0x8, 0xff, 0xff, 0xff,
    0xff, 0xa8, 0x0, 0x0, 0x0, 0x0, 0x0, 0x0,
    0x0, 0x0, 0x0, 0x0, 0xb3, 0xff, 0xff, 0xff,
    0xff, 0x7e, 0x8, 0xff, 0xff, 0xff, 0xff, 0xa8,
    0x0, 0x0, 0x0, 0x0, 0x0, 0x0, 0x0, 0x0,
    0x0, 0x27, 0xfc, 0xff, 0xff, 0xff, 0xff, 0x35,
    0x8, 0xff, 0xff, 0xff, 0xff, 0xa8, 0x0, 0x0,
    0x0, 0x0, 0x0, 0x0, 0x0, 0x0, 0x9, 0xc4,
    0xff, 0xff, 0xff, 0xff, 0xd4, 0x0, 0x8, 0xff,
    0xff, 0xff, 0xff, 0xa8, 0x0, 0x0, 0x0, 0x0,
    0x0, 0x0, 0x0, 0x1f, 0xc0, 0xff, 0xff, 0xff,
    0xff, 0xff, 0x51, 0x0, 0x8, 0xff, 0xff, 0xff,
    0xff, 0xa8, 0x0, 0x0, 0x0, 0x0, 0xf, 0x43,
    0x9b, 0xf4, 0xff, 0xff, 0xff, 0xff, 0xff, 0xa0,
    0x0, 0x0, 0x8, 0xff, 0xff, 0xff, 0xff, 0xee,
    0xcc, 0xcc, 0xd8, 0xe6, 0xfe, 0xff, 0xff, 0xff,
    0xff, 0xff, 0xff, 0xff, 0xaf, 0x5, 0x0, 0x0,
    0x8, 0xff, 0xff, 0xff, 0xff, 0xff, 0xff, 0xff,
    0xff, 0xff, 0xff, 0xff, 0xff, 0xff, 0xff, 0xff,
    0xf8, 0x79, 0x2, 0x0, 0x0, 0x0, 0x8, 0xff,
    0xff, 0xff, 0xff, 0xff, 0xff, 0xff, 0xff, 0xff,
    0xff, 0xff, 0xff, 0xff, 0xf2, 0x98, 0x1e, 0x0,
    0x0, 0x0, 0x0, 0x0, 0x8, 0xff, 0xff, 0xff,
    0xff, 0xff, 0xff, 0xff, 0xfc, 0xf2, 0xe0, 0xbd,
    0x8f, 0x4f, 0xa, 0x0, 0x0, 0x0, 0x0, 0x0,
    0x0, 0x0,

    /* U+0045 "E" */
    0x8, 0xff, 0xff, 0xff, 0xff, 0xff, 0xff, 0xff,
    0xff, 0xff, 0xff, 0xff, 0xff, 0xff, 0xff, 0xff,
    0xff, 0xa4, 0x8, 0xff, 0xff, 0xff, 0xff, 0xff,
    0xff, 0xff, 0xff, 0xff, 0xff, 0xff, 0xff, 0xff,
    0xff, 0xff, 0xff, 0xa4, 0x8, 0xff, 0xff, 0xff,
    0xff, 0xff, 0xff, 0xff, 0xff, 0xff, 0xff, 0xff,
    0xff, 0xff, 0xff, 0xff, 0xff, 0xa4, 0x8, 0xff,
    0xff, 0xff, 0xff, 0xe5, 0xb0, 0xb0, 0xb0, 0xb0,
    0xb0, 0xb0, 0xb0, 0xb0, 0xb0, 0xb0, 0xb0, 0x70,
    0x8, 0xff, 0xff, 0xff, 0xff, 0xac, 0x0, 0x0,
    0x0, 0x0, 0x0, 0x0, 0x0, 0x0, 0x0, 0x0,
    0x0, 0x0, 0x8, 0xff, 0xff, 0xff, 0xff, 0xac,
    0x0, 0x0, 0x0, 0x0, 0x0, 0x0, 0x0, 0x0,
    0x0, 0x0, 0x0, 0x0, 0x8, 0xff, 0xff, 0xff,
    0xff, 0xac, 0x0, 0x0, 0x0, 0x0, 0x0, 0x0,
    0x0, 0x0, 0x0, 0x0, 0x0, 0x0, 0x8, 0xff,
    0xff, 0xff, 0xff, 0xac, 0x0, 0x0, 0x0, 0x0,
    0x0, 0x0, 0x0, 0x0, 0x0, 0x0, 0x0, 0x0,
    0x8, 0xff, 0xff, 0xff, 0xff, 0xe7, 0xb4, 0xb4,
    0xb4, 0xb4, 0xb4, 0xb4, 0xb4, 0xb4, 0xb4, 0xb4,
    0xb4, 0x8, 0x8, 0xff, 0xff, 0xff, 0xff, 0xff,
    0xff, 0xff, 0xff, 0xff, 0xff, 0xff, 0xff, 0xff,
    0xff, 0xff, 0xff, 0xc, 0x8, 0xff, 0xff, 0xff,
    0xff, 0xff, 0xff, 0xff, 0xff, 0xff, 0xff, 0xff,
    0xff, 0xff, 0xff, 0xff, 0xff, 0xc, 0x8, 0xff,
    0xff, 0xff, 0xff, 0xff, 0xff, 0xff, 0xff, 0xff,
    0xff, 0xff, 0xff, 0xff, 0xff, 0xff, 0xff, 0xc,
    0x8, 0xff, 0xff, 0xff, 0xff, 0xac, 0x0, 0x0,
    0x0, 0x0, 0x0, 0x0, 0x0, 0x0, 0x0, 0x0,
    0x0, 0x0, 0x8, 0xff, 0xff, 0xff, 0xff, 0xac,
    0x0, 0x0, 0x0, 0x0, 0x0, 0x0, 0x0, 0x0,
    0x0, 0x0, 0x0, 0x0, 0x8, 0xff, 0xff, 0xff,
    0xff, 0xac, 0x0, 0x0, 0x0, 0x0, 0x0, 0x0,
    0x0, 0x0, 0x0, 0x0, 0x0, 0x0, 0x8, 0xff,
    0xff, 0xff, 0xff, 0xac, 0x0, 0x0, 0x0, 0x0,
    0x0, 0x0, 0x0, 0x0, 0x0, 0x0, 0x0, 0x0,
    0x8, 0xff, 0xff, 0xff, 0xff, 0xac, 0x0, 0x0,
    0x0, 0x0, 0x0, 0x0, 0x0, 0x0, 0x0, 0x0,
    0x0, 0x0, 0x8, 0xff, 0xff, 0xff, 0xff, 0xac,
    0x0, 0x0, 0x0, 0x0, 0x0, 0x0, 0x0, 0x0,
    0x0, 0x0, 0x0, 0x0, 0x8, 0xff, 0xff, 0xff,
    0xff, 0xac, 0x0, 0x0, 0x0, 0x0, 0x0, 0x0,
    0x0, 0x0, 0x0, 0x0, 0x0, 0x0, 0x8, 0xff,
    0xff, 0xff, 0xff, 0xe4, 0xac, 0xac, 0xac, 0xac,
    0xac, 0xac, 0xac, 0xac, 0xac, 0xac, 0xac, 0x6e,
    0x8, 0xff, 0xff, 0xff, 0xff, 0xff, 0xff, 0xff,
    0xff, 0xff, 0xff, 0xff, 0xff, 0xff, 0xff, 0xff,
    0xff, 0xa4, 0x8, 0xff, 0xff, 0xff, 0xff, 0xff,
    0xff, 0xff, 0xff, 0xff, 0xff, 0xff, 0xff, 0xff,
    0xff, 0xff, 0xff, 0xa4, 0x8, 0xff, 0xff, 0xff,
    0xff, 0xff, 0xff, 0xff, 0xff, 0xff, 0xff, 0xff,
    0xff, 0xff, 0xff, 0xff, 0xff, 0xa4,

    /* U+0046 "F" */
    0x8, 0xff, 0xff, 0xff, 0xff, 0xff, 0xff, 0xff,
    0xff, 0xff, 0xff, 0xff, 0xff, 0xff, 0xff, 0xff,
    0xd8, 0x8, 0xff, 0xff, 0xff, 0xff, 0xff, 0xff,
    0xff, 0xff, 0xff, 0xff, 0xff, 0xff, 0xff, 0xff,
    0xff, 0xd8, 0x8, 0xff, 0xff, 0xff, 0xff, 0xff,
    0xff, 0xff, 0xff, 0xff, 0xff, 0xff, 0xff, 0xff,
    0xff, 0xff, 0xd8, 0x8, 0xff, 0xff, 0xff, 0xff,
    0xe0, 0xb0, 0xb0, 0xb0, 0xb0, 0xb0, 0xb0, 0xb0,
    0xb0, 0xb0, 0xb0, 0x94, 0x8, 0xff, 0xff, 0xff,
    0xff, 0x9c, 0x0, 0x0, 0x0, 0x0, 0x0, 0x0,
    0x0, 0x0, 0x0, 0x0, 0x0, 0x8, 0xff, 0xff,
    0xff, 0xff, 0x9c, 0x0, 0x0, 0x0, 0x0, 0x0,
    0x0, 0x0, 0x0, 0x0, 0x0, 0x0, 0x8, 0xff,
    0xff, 0xff, 0xff, 0x9c, 0x0, 0x0, 0x0, 0x0,
    0x0, 0x0, 0x0, 0x0, 0x0, 0x0, 0x0, 0x8,
    0xff, 0xff, 0xff, 0xff, 0x9c, 0x0, 0x0, 0x0,
    0x0, 0x0, 0x0, 0x0, 0x0, 0x0, 0x0, 0x0,
    0x8, 0xff, 0xff, 0xff, 0xff, 0xe2, 0xb4, 0xb4,
    0xb4, 0xb4, 0xb4, 0xb4, 0xb4, 0xb4, 0xb4, 0x70,
    0x0, 0x8, 0xff, 0xff, 0xff, 0xff, 0xff, 0xff,
    0xff, 0xff, 0xff, 0xff, 0xff, 0xff, 0xff, 0xff,
    0xa0, 0x0, 0x8, 0xff, 0xff, 0xff, 0xff, 0xff,
    0xff, 0xff, 0xff, 0xff, 0xff, 0xff, 0xff, 0xff,
    0xff, 0xa0, 0x0, 0x8, 0xff, 0xff, 0xff, 0xff,
    0xff, 0xff, 0xff, 0xff, 0xff, 0xff, 0xff, 0xff,
    0xff, 0xff, 0xa0, 0x0, 0x8, 0xff, 0xff, 0xff,
    0xff, 0x9c, 0x0, 0x0, 0x0, 0x0, 0x0, 0x0,
    0x0, 0x0, 0x0, 0x0, 0x0, 0x8, 0xff, 0xff,
    0xff, 0xff, 0x9c, 0x0, 0x0, 0x0, 0x0, 0x0,
    0x0, 0x0, 0x0, 0x0, 0x0, 0x0, 0x8, 0xff,
    0xff, 0xff, 0xff, 0x9c, 0x0, 0x0, 0x0, 0x0,
    0x0, 0x0, 0x0, 0x0, 0x0, 0x0, 0x0, 0x8,
    0xff, 0xff, 0xff, 0xff, 0x9c, 0x0, 0x0, 0x0,
    0x0, 0x0, 0x0, 0x0, 0x0, 0x0, 0x0, 0x0,
    0x8, 0xff, 0xff, 0xff, 0xff, 0x9c, 0x0, 0x0,
    0x0, 0x0, 0x0, 0x0, 0x0, 0x0, 0x0, 0x0,
    0x0, 0x8, 0xff, 0xff, 0xff, 0xff, 0x9c, 0x0,
    0x0, 0x0, 0x0, 0x0, 0x0, 0x0, 0x0, 0x0,
    0x0, 0x0, 0x8, 0xff, 0xff, 0xff, 0xff, 0x9c,
    0x0, 0x0, 0x0, 0x0, 0x0, 0x0, 0x0, 0x0,
    0x0, 0x0, 0x0, 0x8, 0xff, 0xff, 0xff, 0xff,
    0x9c, 0x0, 0x0, 0x0, 0x0, 0x0, 0x0, 0x0,
    0x0, 0x0, 0x0, 0x0, 0x8, 0xff, 0xff, 0xff,
    0xff, 0x9c, 0x0, 0x0, 0x0, 0x0, 0x0, 0x0,
    0x0, 0x0, 0x0, 0x0, 0x0, 0x8, 0xff, 0xff,
    0xff, 0xff, 0x9c, 0x0, 0x0, 0x0, 0x0, 0x0,
    0x0, 0x0, 0x0, 0x0, 0x0, 0x0, 0x8, 0xff,
    0xff, 0xff, 0xff, 0x9c, 0x0, 0x0, 0x0, 0x0,
    0x0, 0x0, 0x0, 0x0, 0x0, 0x0, 0x0,

    /* U+0047 "G" */
    0x0, 0x0, 0x0, 0x0, 0x0, 0x0, 0x0, 0x5,
    0x4c, 0x95, 0xc6, 0xe9, 0xf7, 0xf9, 0xeb, 0xd8,
    0xaf, 0x82, 0x3d, 0x3, 0x0, 0x0, 0x0, 0x0,
    0x0, 0x0, 0x0, 0x0, 0x5, 0x72, 0xe6, 0xff,
    0xff, 0xff, 0xff, 0xff, 0xff, 0xff, 0xff, 0xff,
    0xff, 0xff, 0xed, 0x8d, 0x21, 0x0, 0x0, 0x0,
    0x0, 0x0, 0x24, 0xd2, 0xff, 0xff, 0xff, 0xff,
    0xff, 0xff, 0xff, 0xff, 0xff, 0xff, 0xff, 0xff,
    0xff, 0xff, 0xff, 0xdb, 0x0, 0x0, 0x0, 0x0,
    0x2b, 0xed, 0xff, 0xff, 0xff, 0xff, 0xff, 0xff,
    0xf3, 0xdd, 0xd6, 0xe5, 0xf8, 0xff, 0xff, 0xff,
    0xff, 0xff, 0xdc, 0x0, 0x0, 0x0, 0x10, 0xe2,
    0xff, 0xff, 0xff, 0xff, 0xf8, 0x95, 0x32, 0x2,
    0x0, 0x0, 0x0, 0x3, 0x29, 0x5c, 0xa6, 0xef,
    0xff, 0xdc, 0x0, 0x0, 0x0, 0x9a, 0xff, 0xff,
    0xff, 0xff, 0xe6, 0x34, 0x0, 0x0, 0x0, 0x0,
    0x0, 0x0, 0x0, 0x0, 0x0, 0x0, 0x7, 0x62,
    0xa2, 0x0, 0x0, 0x1f, 0xfb, 0xff, 0xff, 0xff,
    0xf9, 0x36, 0x0, 0x0, 0x0, 0x0, 0x0, 0x0,
    0x0, 0x0, 0x0, 0x0, 0x0, 0x0, 0x0, 0x0,
    0x0, 0x0, 0x7d, 0xff, 0xff, 0xff, 0xff, 0x99,
    0x0, 0x0, 0x0, 0x0, 0x0, 0x0, 0x0, 0x0,
    0x0, 0x0, 0x0, 0x0, 0x0, 0x0, 0x0, 0x0,
    0x0, 0xc7, 0xff, 0xff, 0xff, 0xff, 0x35, 0x0,
    0x0, 0x0, 0x0, 0x0, 0x0, 0x0, 0x0, 0x0,
    0x0, 0x0, 0x0, 0x0, 0x0, 0x0, 0x0, 0x2,
    0xf5, 0xff, 0xff, 0xff, 0xf4, 0x3, 0x0, 0x0,
    0x0, 0x0, 0x0, 0x0, 0x0, 0x0, 0x0, 0x0,
    0x0, 0x0, 0x0, 0x0, 0x0, 0x0, 0x12, 0xff,
    0xff, 0xff, 0xff, 0xdb, 0x0, 0x0, 0x0, 0x0,
    0x0, 0x0, 0xa4, 0xff, 0xff, 0xff, 0xff, 0xff,
    0xff, 0xff, 0xff, 0xff, 0x64, 0x1c, 0xff, 0xff,
    0xff, 0xff, 0xd0, 0x0, 0x0, 0x0, 0x0, 0x0,
    0x0, 0xa4, 0xff, 0xff, 0xff, 0xff, 0xff, 0xff,
    0xff, 0xff, 0xff, 0x64, 0x12, 0xff, 0xff, 0xff,
    0xff, 0xde, 0x0, 0x0, 0x0, 0x0, 0x0, 0x0,
    0xa4, 0xff, 0xff, 0xff, 0xff, 0xff, 0xff, 0xff,
    0xff, 0xff, 0x64, 0x2, 0xf5, 0xff, 0xff, 0xff,
    0xf6, 0x4, 0x0, 0x0, 0x0, 0x0, 0x0, 0x52,
    0x80, 0x80, 0x80, 0x80, 0x80, 0xdc, 0xff, 0xff,
    0xff, 0x64, 0x0, 0xc8, 0xff, 0xff, 0xff, 0xff,
    0x34, 0x0, 0x0, 0x0, 0x0, 0x0, 0x0, 0x0,
    0x0, 0x0, 0x0, 0x0, 0xb8, 0xff, 0xff, 0xff,
    0x64, 0x0, 0x80, 0xff, 0xff, 0xff, 0xff, 0x93,
    0x0, 0x0, 0x0, 0x0, 0x0, 0x0, 0x0, 0x0,
    0x0, 0x0, 0x0, 0xb8, 0xff, 0xff, 0xff, 0x64,
    0x0, 0x23, 0xfc, 0xff, 0xff, 0xff, 0xf5, 0x29,
    0x0, 0x0, 0x0, 0x0, 0x0, 0x0, 0x0, 0x0,
    0x0, 0x0, 0xb8, 0xff, 0xff, 0xff, 0x64, 0x0,
    0x0, 0x9f, 0xff, 0xff, 0xff, 0xff, 0xd9, 0x23,
    0x0, 0x0, 0x0, 0x0, 0x0, 0x0, 0x0, 0x0,
    0x0, 0xb8, 0xff, 0xff, 0xff, 0x64, 0x0, 0x0,
    0x12, 0xe4, 0xff, 0xff, 0xff, 0xff, 0xf0, 0x81,
    0x21, 0x0, 0x0, 0x0, 0x0, 0x0, 0x23, 0x7a,
    0xee, 0xff, 0xff, 0xff, 0x64, 0x0, 0x0, 0x0,
    0x2d, 0xed, 0xff, 0xff, 0xff, 0xff, 0xff, 0xff,
    0xe6, 0xcc, 0xbf, 0xca, 0xea, 0xff, 0xff, 0xff,
    0xff, 0xff, 0xff, 0x64, 0x0, 0x0, 0x0, 0x0,
    0x24, 0xd1, 0xff, 0xff, 0xff, 0xff, 0xff, 0xff,
    0xff, 0xff, 0xff, 0xff, 0xff, 0xff, 0xff, 0xff,
    0xff, 0xff, 0x5b, 0x0, 0x0, 0x0, 0x0, 0x0,
    0x4, 0x6d, 0xe1, 0xff, 0xff, 0xff, 0xff, 0xff,
    0xff, 0xff, 0xff, 0xff, 0xff, 0xff, 0xfa, 0xb2,
    0x47, 0x0, 0x0, 0x0, 0x0, 0x0, 0x0, 0x0,
    0x0, 0x3, 0x44, 0x8b, 0xbf, 0xe4, 0xf5, 0xfc,
    0xee, 0xdc, 0xb7, 0x86, 0x4f, 0xe, 0x0, 0x0,
    0x0,

    /* U+0048 "H" */
    0x8, 0xff, 0xff, 0xff, 0xff, 0xc4, 0x0, 0x0,
    0x0, 0x0, 0x0, 0x0, 0x0, 0x0, 0x0, 0x98,
    0xff, 0xff, 0xff, 0xff, 0x34, 0x8, 0xff, 0xff,
    0xff, 0xff, 0xc4, 0x0, 0x0, 0x0, 0x0, 0x0,
    0x0, 0x0, 0x0, 0x0, 0x98, 0xff, 0xff, 0xff,
    0xff, 0x34, 0x8, 0xff, 0xff, 0xff, 0xff, 0xc4,
    0x0, 0x0, 0x0, 0x0, 0x0, 0x0, 0x0, 0x0,
    0x0, 0x98, 0xff, 0xff, 0xff, 0xff, 0x34, 0x8,
    0xff, 0xff, 0xff, 0xff, 0xc4, 0x0, 0x0, 0x0,
    0x0, 0x0, 0x0, 0x0, 0x0, 0x0, 0x98, 0xff,
    0xff, 0xff, 0xff, 0x34, 0x8, 0xff, 0xff, 0xff,
    0xff, 0xc4, 0x0, 0x0, 0x0, 0x0, 0x0, 0x0,
    0x0, 0x0, 0x0, 0x98, 0xff, 0xff, 0xff, 0xff,
    0x34, 0x8, 0xff, 0xff, 0xff, 0xff, 0xc4, 0x0,
    0x0, 0x0, 0x0, 0x0, 0x0, 0x0, 0x0, 0x0,
    0x98, 0xff, 0xff, 0xff, 0xff, 0x34, 0x8, 0xff,
    0xff, 0xff, 0xff, 0xc4, 0x0, 0x0, 0x0, 0x0,
    0x0, 0x0, 0x0, 0x0, 0x0, 0x98, 0xff, 0xff,
    0xff, 0xff, 0x34, 0x8, 0xff, 0xff, 0xff, 0xff,
    0xc4, 0x0, 0x0, 0x0, 0x0, 0x0, 0x0, 0x0,
    0x0, 0x0, 0x98, 0xff, 0xff, 0xff, 0xff, 0x34,
    0x8, 0xff, 0xff, 0xff, 0xff, 0xff, 0xff, 0xff,
    0xff, 0xff, 0xff, 0xff, 0xff, 0xff, 0xff, 0xff,
    0xff, 0xff, 0xff, 0xff, 0x34, 0x8, 0xff, 0xff,
    0xff, 0xff, 0xff, 0xff, 0xff, 0xff, 0xff, 0xff,
    0xff, 0xff, 0xff, 0xff, 0xff, 0xff, 0xff, 0xff,
    0xff, 0x34, 0x8, 0xff, 0xff, 0xff, 0xff, 0xff,
    0xff, 0xff, 0xff, 0xff, 0xff, 0xff, 0xff, 0xff,
    0xff, 0xff, 0xff, 0xff, 0xff, 0xff, 0x34, 0x8,
    0xff, 0xff, 0xff, 0xff, 0xff, 0xff, 0xff, 0xff,
    0xff, 0xff, 0xff, 0xff, 0xff, 0xff, 0xff, 0xff,
    0xff, 0xff, 0xff, 0x34, 0x8, 0xff, 0xff, 0xff,
    0xff, 0xc4, 0x0, 0x0, 0x0, 0x0, 0x0, 0x0,
    0x0, 0x0, 0x0, 0x98, 0xff, 0xff, 0xff, 0xff,
    0x34, 0x8, 0xff, 0xff, 0xff, 0xff, 0xc4, 0x0,
    0x0, 0x0, 0x0, 0x0, 0x0, 0x0, 0x0, 0x0,
    0x98, 0xff, 0xff, 0xff, 0xff, 0x34, 0x8, 0xff,
    0xff, 0xff, 0xff, 0xc4, 0x0, 0x0, 0x0, 0x0,
    0x0, 0x0, 0x0, 0x0, 0x0, 0x98, 0xff, 0xff,
    0xff, 0xff, 0x34, 0x8, 0xff, 0xff, 0xff, 0xff,
    0xc4, 0x0, 0x0, 0x0, 0x0, 0x0, 0x0, 0x0,
    0x0, 0x0, 0x98, 0xff, 0xff, 0xff, 0xff, 0x34,
    0x8, 0xff, 0xff, 0xff, 0xff, 0xc4, 0x0, 0x0,
    0x0, 0x0, 0x0, 0x0, 0x0, 0x0, 0x0, 0x98,
    0xff, 0xff, 0xff, 0xff, 0x34, 0x8, 0xff, 0xff,
    0xff, 0xff, 0xc4, 0x0, 0x0, 0x0, 0x0, 0x0,
    0x0, 0x0, 0x0, 0x0, 0x98, 0xff, 0xff, 0xff,
    0xff, 0x34, 0x8, 0xff, 0xff, 0xff, 0xff, 0xc4,
    0x0, 0x0, 0x0, 0x0, 0x0, 0x0, 0x0, 0x0,
    0x0, 0x98, 0xff, 0xff, 0xff, 0xff, 0x34, 0x8,
    0xff, 0xff, 0xff, 0xff, 0xc4, 0x0, 0x0, 0x0,
    0x0, 0x0, 0x0, 0x0, 0x0, 0x0, 0x98, 0xff,
    0xff, 0xff, 0xff, 0x34, 0x8, 0xff, 0xff, 0xff,
    0xff, 0xc4, 0x0, 0x0, 0x0, 0x0, 0x0, 0x0,
    0x0, 0x0, 0x0, 0x98, 0xff, 0xff, 0xff, 0xff,
    0x34, 0x8, 0xff, 0xff, 0xff, 0xff, 0xc4, 0x0,
    0x0, 0x0, 0x0, 0x0, 0x0, 0x0, 0x0, 0x0,
    0x98, 0xff, 0xff, 0xff, 0xff, 0x34, 0x8, 0xff,
    0xff, 0xff, 0xff, 0xc4, 0x0, 0x0, 0x0, 0x0,
    0x0, 0x0, 0x0, 0x0, 0x0, 0x98, 0xff, 0xff,
    0xff, 0xff, 0x34,

    /* U+0049 "I" */
    0xcc, 0xff, 0xff, 0xff, 0xff, 0xff, 0xff, 0xff,
    0xff, 0xff, 0xff, 0xff, 0x8, 0xcc, 0xff, 0xff,
    0xff, 0xff, 0xff, 0xff, 0xff, 0xff, 0xff, 0xff,
    0xff, 0x8, 0xcc, 0xff, 0xff, 0xff, 0xff, 0xff,
    0xff, 0xff, 0xff, 0xff, 0xff, 0xff, 0x8, 0x6f,
    0x8c, 0x8c, 0xac, 0xff, 0xff, 0xff, 0xff, 0xc7,
    0x8c, 0x8c, 0x8c, 0x4, 0x0, 0x0, 0x0, 0x48,
    0xff, 0xff, 0xff, 0xff, 0x84, 0x0, 0x0, 0x0,
    0x0, 0x0, 0x0, 0x0, 0x48, 0xff, 0xff, 0xff,
    0xff, 0x84, 0x0, 0x0, 0x0, 0x0, 0x0, 0x0,
    0x0, 0x48, 0xff, 0xff, 0xff, 0xff, 0x84, 0x0,
    0x0, 0x0, 0x0, 0x0, 0x0, 0x0, 0x48, 0xff,
    0xff, 0xff, 0xff, 0x84, 0x0, 0x0, 0x0, 0x0,
    0x0, 0x0, 0x0, 0x48, 0xff, 0xff, 0xff, 0xff,
    0x84, 0x0, 0x0, 0x0, 0x0, 0x0, 0x0, 0x0,
    0x48, 0xff, 0xff, 0xff, 0xff, 0x84, 0x0, 0x0,
    0x0, 0x0, 0x0, 0x0, 0x0, 0x48, 0xff, 0xff,
    0xff, 0xff, 0x84, 0x0, 0x0, 0x0, 0x0, 0x0,
    0x0, 0x0, 0x48, 0xff, 0xff, 0xff, 0xff, 0x84,
    0x0, 0x0, 0x0, 0x0, 0x0, 0x0, 0x0, 0x48,
    0xff, 0xff, 0xff, 0xff, 0x84, 0x0, 0x0, 0x0,
    0x0, 0x0, 0x0, 0x0, 0x48, 0xff, 0xff, 0xff,
    0xff, 0x84, 0x0, 0x0, 0x0, 0x0, 0x0, 0x0,
    0x0, 0x48, 0xff, 0xff, 0xff, 0xff, 0x84, 0x0,
    0x0, 0x0, 0x0, 0x0, 0x0, 0x0, 0x48, 0xff,
    0xff, 0xff, 0xff, 0x84, 0x0, 0x0, 0x0, 0x0,
    0x0, 0x0, 0x0, 0x48, 0xff, 0xff, 0xff, 0xff,
    0x84, 0x0, 0x0, 0x0, 0x0, 0x0, 0x0, 0x0,
    0x48, 0xff, 0xff, 0xff, 0xff, 0x84, 0x0, 0x0,
    0x0, 0x0, 0x0, 0x0, 0x0, 0x48, 0xff, 0xff,
    0xff, 0xff, 0x84, 0x0, 0x0, 0x0, 0x0, 0x72,
    0x90, 0x90, 0xaf, 0xff, 0xff, 0xff, 0xff, 0xc9,
    0x90, 0x90, 0x90, 0x4, 0xcc, 0xff, 0xff, 0xff,
    0xff, 0xff, 0xff, 0xff, 0xff, 0xff, 0xff, 0xff,
    0x8, 0xcc, 0xff, 0xff, 0xff, 0xff, 0xff, 0xff,
    0xff, 0xff, 0xff, 0xff, 0xff, 0x8, 0xcc, 0xff,
    0xff, 0xff, 0xff, 0xff, 0xff, 0xff, 0xff, 0xff,
    0xff, 0xff, 0x8,

    /* U+004A "J" */
    0x0, 0x0, 0x0, 0x40, 0xff, 0xff, 0xff, 0xff,
    0xff, 0xff, 0xff, 0xff, 0xff, 0xa0, 0x0, 0x0,
    0x0, 0x40, 0xff, 0xff, 0xff, 0xff, 0xff, 0xff,
    0xff, 0xff, 0xff, 0xa0, 0x0, 0x0, 0x0, 0x40,
    0xff, 0xff, 0xff, 0xff, 0xff, 0xff, 0xff, 0xff,
    0xff, 0xa0, 0x0, 0x0, 0x0, 0x24, 0x90, 0x90,
    0x90, 0x90, 0xa8, 0xff, 0xff, 0xff, 0xff, 0xa0,
    0x0, 0x0, 0x0, 0x0, 0x0, 0x0, 0x0, 0x0,
    0x38, 0xff, 0xff, 0xff, 0xff, 0xa0, 0x0, 0x0,
    0x0, 0x0, 0x0, 0x0, 0x0, 0x0, 0x38, 0xff,
    0xff, 0xff, 0xff, 0xa0, 0x0, 0x0, 0x0, 0x0,
    0x0, 0x0, 0x0, 0x0, 0x38, 0xff, 0xff, 0xff,
    0xff, 0xa0, 0x0, 0x0, 0x0, 0x0, 0x0, 0x0,
    0x0, 0x0, 0x38, 0xff, 0xff, 0xff, 0xff, 0xa0,
    0x0, 0x0, 0x0, 0x0, 0x0, 0x0, 0x0, 0x0,
    0x38, 0xff, 0xff, 0xff, 0xff, 0xa0, 0x0, 0x0,
    0x0, 0x0, 0x0, 0x0, 0x0, 0x0, 0x38, 0xff,
    0xff, 0xff, 0xff, 0xa0, 0x0, 0x0, 0x0, 0x0,
    0x0, 0x0, 0x0, 0x0, 0x38, 0xff, 0xff, 0xff,
    0xff, 0xa0, 0x0, 0x0, 0x0, 0x0, 0x0, 0x0,
    0x0, 0x0, 0x38, 0xff, 0xff, 0xff, 0xff, 0xa0,
    0x0, 0x0, 0x0, 0x0, 0x0, 0x0, 0x0, 0x0,
    0x38, 0xff, 0xff, 0xff, 0xff, 0xa0, 0x0, 0x0,
    0x0, 0x0, 0x0, 0x0, 0x0, 0x0, 0x38, 0xff,
    0xff, 0xff, 0xff, 0xa0, 0x0, 0x0, 0x0, 0x0,
    0x0, 0x0, 0x0, 0x0, 0x3c, 0xff, 0xff, 0xff,
    0xff, 0xa0, 0x0, 0x0, 0x0, 0x0, 0x0, 0x0,
    0x0, 0x0, 0x4b, 0xff, 0xff, 0xff, 0xff, 0x9f,
    0x0, 0x0, 0x0, 0x0, 0x0, 0x0, 0x0, 0x0,
    0x75, 0xff, 0xff, 0xff, 0xff, 0x94, 0x0, 0x0,
    0x0, 0x0, 0x0, 0x0, 0x0, 0x1, 0xce, 0xff,
    0xff, 0xff, 0xff, 0x7a, 0x2b, 0x7f, 0x33, 0x6,
    0x0, 0x0, 0x1c, 0xa1, 0xff, 0xff, 0xff, 0xff,
    0xff, 0x39, 0x48, 0xff, 0xff, 0xfe, 0xea, 0xea,
    0xff, 0xff, 0xff, 0xff, 0xff, 0xff, 0xcb, 0x1,
    0x48, 0xff, 0xff, 0xff, 0xff, 0xff, 0xff, 0xff,
    0xff, 0xff, 0xff, 0xf0, 0x2e, 0x0, 0x48, 0xff,
    0xff, 0xff, 0xff, 0xff, 0xff, 0xff, 0xff, 0xff,
    0xd2, 0x2f, 0x0, 0x0, 0x1c, 0x91, 0xc2, 0xe3,
    0xf7, 0xfc, 0xee, 0xd3, 0x9f, 0x4d, 0x3, 0x0,
    0x0, 0x0,

    /* U+004B "K" */
    0x8, 0xff, 0xff, 0xff, 0xff, 0xbc, 0x0, 0x0,
    0x0, 0x0, 0x0, 0x0, 0x0, 0x0, 0x21, 0xe8,
    0xff, 0xff, 0xff, 0xff, 0x62, 0x0, 0x0, 0x8,
    0xff, 0xff, 0xff, 0xff, 0xbc, 0x0, 0x0, 0x0,
    0x0, 0x0, 0x0, 0x0, 0x13, 0xd9, 0xff, 0xff,
    0xff, 0xff, 0x76, 0x0, 0x0, 0x0, 0x8, 0xff,
    0xff, 0xff, 0xff, 0xbc, 0x0, 0x0, 0x0, 0x0,
    0x0, 0x0, 0x9, 0xc6, 0xff, 0xff, 0xff, 0xff,
    0x8a, 0x0, 0x0, 0x0, 0x0, 0x8, 0xff, 0xff,
    0xff, 0xff, 0xbc, 0x0, 0x0, 0x0, 0x0, 0x0,
    0x2, 0xaf, 0xff, 0xff, 0xff, 0xff, 0x9e, 0x0,
    0x0, 0x0, 0x0, 0x0, 0x8, 0xff, 0xff, 0xff,
    0xff, 0xbc, 0x0, 0x0, 0x0, 0x0, 0x0, 0x95,
    0xff, 0xff, 0xff, 0xff, 0xaf, 0x3, 0x0, 0x0,
    0x0, 0x0, 0x0, 0x8, 0xff, 0xff, 0xff, 0xff,
    0xbc, 0x0, 0x0, 0x0, 0x0, 0x79, 0xff, 0xff,
    0xff, 0xff, 0xc0, 0x8, 0x0, 0x0, 0x0, 0x0,
    0x0, 0x0, 0x8, 0xff, 0xff, 0xff, 0xff, 0xbc,
    0x0, 0x0, 0x0, 0x5c, 0xfe, 0xff, 0xff, 0xff,
    0xce, 0xe, 0x0, 0x0, 0x0, 0x0, 0x0, 0x0,
    0x0, 0x8, 0xff, 0xff, 0xff, 0xff, 0xbc, 0x0,
    0x0, 0x44, 0xfa, 0xff, 0xff, 0xff, 0xda, 0x16,
    0x0, 0x0, 0x0, 0x0, 0x0, 0x0, 0x0, 0x0,
    0x8, 0xff, 0xff, 0xff, 0xff, 0xbc, 0x0, 0x2f,
    0xf2, 0xff, 0xff, 0xff, 0xe5, 0x1f, 0x0, 0x0,
    0x0, 0x0, 0x0, 0x0, 0x0, 0x0, 0x0, 0x8,
    0xff, 0xff, 0xff, 0xff, 0xbc, 0x1e, 0xe6, 0xff,
    0xff, 0xff, 0xed, 0x2b, 0x0, 0x0, 0x0, 0x0,
    0x0, 0x0, 0x0, 0x0, 0x0, 0x0, 0x8, 0xff,
    0xff, 0xff, 0xff, 0xcc, 0xd6, 0xff, 0xff, 0xff,
    0xff, 0xb5, 0x1, 0x0, 0x0, 0x0, 0x0, 0x0,
    0x0, 0x0, 0x0, 0x0, 0x0, 0x8, 0xff, 0xff,
    0xff, 0xff, 0xff, 0xff, 0xff, 0xff, 0xff, 0xff,
    0xff, 0x82, 0x0, 0x0, 0x0, 0x0, 0x0, 0x0,
    0x0, 0x0, 0x0, 0x0, 0x8, 0xff, 0xff, 0xff,
    0xff, 0xff, 0xff, 0xfe, 0xff, 0xff, 0xff, 0xff,
    0xff, 0x5a, 0x0, 0x0, 0x0, 0x0, 0x0, 0x0,
    0x0, 0x0, 0x0, 0x8, 0xff, 0xff, 0xff, 0xff,
    0xff, 0xfc, 0x52, 0xa5, 0xff, 0xff, 0xff, 0xff,
    0xf7, 0x38, 0x0, 0x0, 0x0, 0x0, 0x0, 0x0,
    0x0, 0x0, 0x8, 0xff, 0xff, 0xff, 0xff, 0xfe,
    0x61, 0x0, 0x8, 0xc9, 0xff, 0xff, 0xff, 0xff,
    0xe8, 0x1e, 0x0, 0x0, 0x0, 0x0, 0x0, 0x0,
    0x0, 0x8, 0xff, 0xff, 0xff, 0xff, 0xc0, 0x0,
    0x0, 0x0, 0x18, 0xe3, 0xff, 0xff, 0xff, 0xff,
    0xd2, 0xc, 0x0, 0x0, 0x0, 0x0, 0x0, 0x0,
    0x8, 0xff, 0xff, 0xff, 0xff, 0xbc, 0x0, 0x0,
    0x0, 0x0, 0x32, 0xf5, 0xff, 0xff, 0xff, 0xff,
    0xb3, 0x2, 0x0, 0x0, 0x0, 0x0, 0x0, 0x8,
    0xff, 0xff, 0xff, 0xff, 0xbc, 0x0, 0x0, 0x0,
    0x0, 0x0, 0x54, 0xfe, 0xff, 0xff, 0xff, 0xff,
    0x8c, 0x0, 0x0, 0x0, 0x0, 0x0, 0x8, 0xff,
    0xff, 0xff, 0xff, 0xbc, 0x0, 0x0, 0x0, 0x0,
    0x0, 0x0, 0x7e, 0xff, 0xff, 0xff, 0xff, 0xff,
    0x63, 0x0, 0x0, 0x0, 0x0, 0x8, 0xff, 0xff,
    0xff, 0xff, 0xbc, 0x0, 0x0, 0x0, 0x0, 0x0,
    0x0, 0x0, 0xa8, 0xff, 0xff, 0xff, 0xff, 0xfa,
    0x40, 0x0, 0x0, 0x0, 0x8, 0xff, 0xff, 0xff,
    0xff, 0xbc, 0x0, 0x0, 0x0, 0x0, 0x0, 0x0,
    0x0, 0x9, 0xcb, 0xff, 0xff, 0xff, 0xff, 0xed,
    0x24, 0x0, 0x0, 0x8, 0xff, 0xff, 0xff, 0xff,
    0xbc, 0x0, 0x0, 0x0, 0x0, 0x0, 0x0, 0x0,
    0x0, 0x1a, 0xe5, 0xff, 0xff, 0xff, 0xff, 0xd8,
    0x10, 0x0, 0x8, 0xff, 0xff, 0xff, 0xff, 0xbc,
    0x0, 0x0, 0x0, 0x0, 0x0, 0x0, 0x0, 0x0,
    0x0, 0x34, 0xf6, 0xff, 0xff, 0xff, 0xff, 0xbb,
    0x4,

    /* U+004C "L" */
    0x8, 0xff, 0xff, 0xff, 0xff, 0xcc, 0x0, 0x0,
    0x0, 0x0, 0x0, 0x0, 0x0, 0x0, 0x0, 0x0,
    0x0, 0x8, 0xff, 0xff, 0xff, 0xff, 0xcc, 0x0,
    0x0, 0x0, 0x0, 0x0, 0x0, 0x0, 0x0, 0x0,
    0x0, 0x0, 0x8, 0xff, 0xff, 0xff, 0xff, 0xcc,
    0x0, 0x0, 0x0, 0x0, 0x0, 0x0, 0x0, 0x0,
    0x0, 0x0, 0x0, 0x8, 0xff, 0xff, 0xff, 0xff,
    0xcc, 0x0, 0x0, 0x0, 0x0, 0x0, 0x0, 0x0,
    0x0, 0x0, 0x0, 0x0, 0x8, 0xff, 0xff, 0xff,
    0xff, 0xcc, 0x0, 0x0, 0x0, 0x0, 0x0, 0x0,
    0x0, 0x0, 0x0, 0x0, 0x0, 0x8, 0xff, 0xff,
    0xff, 0xff, 0xcc, 0x0, 0x0, 0x0, 0x0, 0x0,
    0x0, 0x0, 0x0, 0x0, 0x0, 0x0, 0x8, 0xff,
    0xff, 0xff, 0xff, 0xcc, 0x0, 0x0, 0x0, 0x0,
    0x0, 0x0, 0x0, 0x0, 0x0, 0x0, 0x0, 0x8,
    0xff, 0xff, 0xff, 0xff, 0xcc, 0x0, 0x0, 0x0,
    0x0, 0x0, 0x0, 0x0, 0x0, 0x0, 0x0, 0x0,
    0x8, 0xff, 0xff, 0xff, 0xff, 0xcc, 0x0, 0x0,
    0x0, 0x0, 0x0, 0x0, 0x0, 0x0, 0x0, 0x0,
    0x0, 0x8, 0xff, 0xff, 0xff, 0xff, 0xcc, 0x0,
    0x0, 0x0, 0x0, 0x0, 0x0, 0x0, 0x0, 0x0,
    0x0, 0x0, 0x8, 0xff, 0xff, 0xff, 0xff, 0xcc,
    0x0, 0x0, 0x0, 0x0, 0x0, 0x0, 0x0, 0x0,
    0x0, 0x0, 0x0, 0x8, 0xff, 0xff, 0xff, 0xff,
    0xcc, 0x0, 0x0, 0x0, 0x0, 0x0, 0x0, 0x0,
    0x0, 0x0, 0x0, 0x0, 0x8, 0xff, 0xff, 0xff,
    0xff, 0xcc, 0x0, 0x0, 0x0, 0x0, 0x0, 0x0,
    0x0, 0x0, 0x0, 0x0, 0x0, 0x8, 0xff, 0xff,
    0xff, 0xff, 0xcc, 0x0, 0x0, 0x0, 0x0, 0x0,
    0x0, 0x0, 0x0, 0x0, 0x0, 0x0, 0x8, 0xff,
    0xff, 0xff, 0xff, 0xcc, 0x0, 0x0, 0x0, 0x0,
    0x0, 0x0, 0x0, 0x0, 0x0, 0x0, 0x0, 0x8,
    0xff, 0xff, 0xff, 0xff, 0xcc, 0x0, 0x0, 0x0,
    0x0, 0x0, 0x0, 0x0, 0x0, 0x0, 0x0, 0x0,
    0x8, 0xff, 0xff, 0xff, 0xff, 0xcc, 0x0, 0x0,
    0x0, 0x0, 0x0, 0x0, 0x0, 0x0, 0x0, 0x0,
    0x0, 0x8, 0xff, 0xff, 0xff, 0xff, 0xcc, 0x0,
    0x0, 0x0, 0x0, 0x0, 0x0, 0x0, 0x0, 0x0,
    0x0, 0x0, 0x8, 0xff, 0xff, 0xff, 0xff, 0xcc,
    0x0, 0x0, 0x0, 0x0, 0x0, 0x0, 0x0, 0x0,
    0x0, 0x0, 0x0, 0x8, 0xff, 0xff, 0xff, 0xff,
    0xf7, 0xd8, 0xd8, 0xd8, 0xd8, 0xd8, 0xd8, 0xd8,
    0xd8, 0xd8, 0xd8, 0xac, 0x8, 0xff, 0xff, 0xff,
    0xff, 0xff, 0xff, 0xff, 0xff, 0xff, 0xff, 0xff,
    0xff, 0xff, 0xff, 0xff, 0xcc, 0x8, 0xff, 0xff,
    0xff, 0xff, 0xff, 0xff, 0xff, 0xff, 0xff, 0xff,
    0xff, 0xff, 0xff, 0xff, 0xff, 0xcc, 0x8, 0xff,
    0xff, 0xff, 0xff, 0xff, 0xff, 0xff, 0xff, 0xff,
    0xff, 0xff, 0xff, 0xff, 0xff, 0xff, 0xcc,

    /* U+004D "M" */
    0x8, 0xff, 0xff, 0xff, 0xff, 0xff, 0xcf, 0x0,
    0x0, 0x0, 0x0, 0x0, 0x0, 0x0, 0x0, 0x0,
    0x0, 0x0, 0x8a, 0xff, 0xff, 0xff, 0xff, 0xff,
    0x48, 0x8, 0xff, 0xff, 0xff, 0xff, 0xff, 0xff,
    0x4b, 0x0, 0x0, 0x0, 0x0, 0x0, 0x0, 0x0,
    0x0, 0x0, 0x11, 0xf2, 0xff, 0xff, 0xff, 0xff,
    0xff, 0x48, 0x8, 0xff, 0xff, 0xff, 0xff, 0xff,
    0xff, 0xc5, 0x0, 0x0, 0x0, 0x0, 0x0, 0x0,
    0x0, 0x0, 0x0, 0x7f, 0xff, 0xff, 0xff, 0xff,
    0xff, 0xff, 0x48, 0x8, 0xff, 0xff, 0xff, 0xff,
    0xff, 0xff, 0xff, 0x3f, 0x0, 0x0, 0x0, 0x0,
    0x0, 0x0, 0x0, 0xc, 0xed, 0xff, 0xff, 0xff,
    0xff, 0xff, 0xff, 0x48, 0x8, 0xff, 0xff, 0xff,
    0xff, 0xff, 0xff, 0xff, 0xba, 0x0, 0x0, 0x0,
    0x0, 0x0, 0x0, 0x0, 0x75, 0xff, 0xff, 0xff,
    0xff, 0xff, 0xff, 0xff, 0x48, 0x8, 0xff, 0xff,
    0xff, 0xff, 0xf2, 0xff, 0xff, 0xff, 0x34, 0x0,
    0x0, 0x0, 0x0, 0x0, 0x8, 0xe7, 0xff, 0xff,
    0xf2, 0xff, 0xff, 0xff, 0xff, 0x48, 0x8, 0xff,
    0xff, 0xff, 0xff, 0x8a, 0xff, 0xff, 0xff, 0xae,
    0x0, 0x0, 0x0, 0x0, 0x0, 0x6b, 0xff, 0xff,
    0xff, 0x8a, 0xff, 0xff, 0xff, 0xff, 0x48, 0x8,
    0xff, 0xff, 0xff, 0xff, 0x50, 0xc1, 0xff, 0xff,
    0xfe, 0x2a, 0x0, 0x0, 0x0, 0x5, 0xe1, 0xff,
    0xff, 0xc1, 0x50, 0xff, 0xff, 0xff, 0xff, 0x48,
    0x8, 0xff, 0xff, 0xff, 0xff, 0x50, 0x47, 0xff,
    0xff, 0xff, 0xa3, 0x0, 0x0, 0x0, 0x61, 0xff,
    0xff, 0xff, 0x48, 0x50, 0xff, 0xff, 0xff, 0xff,
    0x48, 0x8, 0xff, 0xff, 0xff, 0xff, 0x50, 0x0,
    0xcd, 0xff, 0xff, 0xfb, 0x21, 0x0, 0x2, 0xd9,
    0xff, 0xff, 0xcf, 0x0, 0x50, 0xff, 0xff, 0xff,
    0xff, 0x48, 0x8, 0xff, 0xff, 0xff, 0xff, 0x50,
    0x0, 0x54, 0xff, 0xff, 0xff, 0x98, 0x0, 0x57,
    0xff, 0xff, 0xff, 0x56, 0x0, 0x50, 0xff, 0xff,
    0xff, 0xff, 0x48, 0x8, 0xff, 0xff, 0xff, 0xff,
    0x50, 0x0, 0x2, 0xd8, 0xff, 0xff, 0xf8, 0x1a,
    0xd0, 0xff, 0xff, 0xdb, 0x2, 0x0, 0x50, 0xff,
    0xff, 0xff, 0xff, 0x48, 0x8, 0xff, 0xff, 0xff,
    0xff, 0x50, 0x0, 0x0, 0x61, 0xff, 0xff, 0xff,
    0xcb, 0xff, 0xff, 0xff, 0x64, 0x0, 0x0, 0x50,
    0xff, 0xff, 0xff, 0xff, 0x48, 0x8, 0xff, 0xff,
    0xff, 0xff, 0x50, 0x0, 0x0, 0x5, 0xe1, 0xff,
    0xff, 0xff, 0xff, 0xff, 0xe5, 0x6, 0x0, 0x0,
    0x50, 0xff, 0xff, 0xff, 0xff, 0x48, 0x8, 0xff,
    0xff, 0xff, 0xff, 0x50, 0x0, 0x0, 0x0, 0x6d,
    0xff, 0xff, 0xff, 0xff, 0xff, 0x72, 0x0, 0x0,
    0x0, 0x50, 0xff, 0xff, 0xff, 0xff, 0x48, 0x8,
    0xff, 0xff, 0xff, 0xff, 0x50, 0x0, 0x0, 0x0,
    0x9, 0xea, 0xff, 0xff, 0xff, 0xed, 0xc, 0x0,
    0x0, 0x0, 0x50, 0xff, 0xff, 0xff, 0xff, 0x48,
    0x8, 0xff, 0xff, 0xff, 0xff, 0x50, 0x0, 0x0,
    0x0, 0x0, 0x7a, 0xff, 0xff, 0xff, 0x80, 0x0,
    0x0, 0x0, 0x0, 0x50, 0xff, 0xff, 0xff, 0xff,
    0x48, 0x8, 0xff, 0xff, 0xff, 0xff, 0x50, 0x0,
    0x0, 0x0, 0x0, 0xf, 0x78, 0x78, 0x78, 0x12,
    0x0, 0x0, 0x0, 0x0, 0x50, 0xff, 0xff, 0xff,
    0xff, 0x48, 0x8, 0xff, 0xff, 0xff, 0xff, 0x50,
    0x0, 0x0, 0x0, 0x0, 0x0, 0x0, 0x0, 0x0,
    0x0, 0x0, 0x0, 0x0, 0x0, 0x50, 0xff, 0xff,
    0xff, 0xff, 0x48, 0x8, 0xff, 0xff, 0xff, 0xff,
    0x50, 0x0, 0x0, 0x0, 0x0, 0x0, 0x0, 0x0,
    0x0, 0x0, 0x0, 0x0, 0x0, 0x0, 0x50, 0xff,
    0xff, 0xff, 0xff, 0x48, 0x8, 0xff, 0xff, 0xff,
    0xff, 0x50, 0x0, 0x0, 0x0, 0x0, 0x0, 0x0,
    0x0, 0x0, 0x0, 0x0, 0x0, 0x0, 0x0, 0x50,
    0xff, 0xff, 0xff, 0xff, 0x48, 0x8, 0xff, 0xff,
    0xff, 0xff, 0x50, 0x0, 0x0, 0x0, 0x0, 0x0,
    0x0, 0x0, 0x0, 0x0, 0x0, 0x0, 0x0, 0x0,
    0x50, 0xff, 0xff, 0xff, 0xff, 0x48, 0x8, 0xff,
    0xff, 0xff, 0xff, 0x50, 0x0, 0x0, 0x0, 0x0,
    0x0, 0x0, 0x0, 0x0, 0x0, 0x0, 0x0, 0x0,
    0x0, 0x50, 0xff, 0xff, 0xff, 0xff, 0x48,

    /* U+004E "N" */
    0x8, 0xff, 0xff, 0xff, 0xff, 0xff, 0x69, 0x0,
    0x0, 0x0, 0x0, 0x0, 0x0, 0x0, 0x0, 0x0,
    0xfc, 0xff, 0xff, 0xff, 0x58, 0x8, 0xff, 0xff,
    0xff, 0xff, 0xff, 0xef, 0x16, 0x0, 0x0, 0x0,
    0x0, 0x0, 0x0, 0x0, 0x0, 0xfc, 0xff, 0xff,
    0xff, 0x58, 0x8, 0xff, 0xff, 0xff, 0xff, 0xff,
    0xff, 0xa1, 0x0, 0x0, 0x0, 0x0, 0x0, 0x0,
    0x0, 0x0, 0xfc, 0xff, 0xff, 0xff, 0x58, 0x8,
    0xff, 0xff, 0xff, 0xff, 0xff, 0xff, 0xff, 0x3d,
    0x0, 0x0, 0x0, 0x0, 0x0, 0x0, 0x0, 0xfc,
    0xff, 0xff, 0xff, 0x58, 0x8, 0xff, 0xff, 0xff,
    0xff, 0xff, 0xff, 0xff, 0xd3, 0x4, 0x0, 0x0,
    0x0, 0x0, 0x0, 0x0, 0xfc, 0xff, 0xff, 0xff,
    0x58, 0x8, 0xff, 0xff, 0xff, 0xff, 0xff, 0xff,
    0xff, 0xff, 0x74, 0x0, 0x0, 0x0, 0x0, 0x0,
    0x0, 0xfc, 0xff, 0xff, 0xff, 0x58, 0x8, 0xff,
    0xff, 0xff, 0xff, 0xe9, 0xff, 0xff, 0xff, 0xf3,
    0x1c, 0x0, 0x0, 0x0, 0x0, 0x0, 0xfc, 0xff,
    0xff, 0xff, 0x58, 0x8, 0xff, 0xff, 0xff, 0xff,
    0x68, 0xf5, 0xff, 0xff, 0xff, 0xac, 0x0, 0x0,
    0x0, 0x0, 0x0, 0xfc, 0xff, 0xff, 0xff, 0x58,
    0x8, 0xff, 0xff, 0xff, 0xff, 0x48, 0x79, 0xff,
    0xff, 0xff, 0xff, 0x47, 0x0, 0x0, 0x0, 0x0,
    0xfc, 0xff, 0xff, 0xff, 0x58, 0x8, 0xff, 0xff,
    0xff, 0xff, 0x48, 0x5, 0xd6, 0xff, 0xff, 0xff,
    0xdb, 0x7, 0x0, 0x0, 0x0, 0xfc, 0xff, 0xff,
    0xff, 0x58, 0x8, 0xff, 0xff, 0xff, 0xff, 0x48,
    0x0, 0x40, 0xff, 0xff, 0xff, 0xff, 0x7f, 0x0,
    0x0, 0x0, 0xfc, 0xff, 0xff, 0xff, 0x58, 0x8,
    0xff, 0xff, 0xff, 0xff, 0x48, 0x0, 0x0, 0xa2,
    0xff, 0xff, 0xff, 0xf7, 0x23, 0x0, 0x0, 0xfc,
    0xff, 0xff, 0xff, 0x58, 0x8, 0xff, 0xff, 0xff,
    0xff, 0x48, 0x0, 0x0, 0x16, 0xee, 0xff, 0xff,
    0xff, 0xb6, 0x0, 0x0, 0xfc, 0xff, 0xff, 0xff,
    0x58, 0x8, 0xff, 0xff, 0xff, 0xff, 0x48, 0x0,
    0x0, 0x0, 0x68, 0xff, 0xff, 0xff, 0xff, 0x52,
    0x0, 0xfc, 0xff, 0xff, 0xff, 0x58, 0x8, 0xff,
    0xff, 0xff, 0xff, 0x48, 0x0, 0x0, 0x0, 0x2,
    0xc9, 0xff, 0xff, 0xff, 0xe2, 0xb, 0xfc, 0xff,
    0xff, 0xff, 0x58, 0x8, 0xff, 0xff, 0xff, 0xff,
    0x48, 0x0, 0x0, 0x0, 0x0, 0x31, 0xfc, 0xff,
    0xff, 0xff, 0x8a, 0xfc, 0xff, 0xff, 0xff, 0x58,
    0x8, 0xff, 0xff, 0xff, 0xff, 0x48, 0x0, 0x0,
    0x0, 0x0, 0x0, 0x91, 0xff, 0xff, 0xff, 0xfa,
    0xfe, 0xff, 0xff, 0xff, 0x58, 0x8, 0xff, 0xff,
    0xff, 0xff, 0x48, 0x0, 0x0, 0x0, 0x0, 0x0,
    0xe, 0xe5, 0xff, 0xff, 0xff, 0xff, 0xff, 0xff,
    0xff, 0x58, 0x8, 0xff, 0xff, 0xff, 0xff, 0x48,
    0x0, 0x0, 0x0, 0x0, 0x0, 0x0, 0x57, 0xff,
    0xff, 0xff, 0xff, 0xff, 0xff, 0xff, 0x58, 0x8,
    0xff, 0xff, 0xff, 0xff, 0x48, 0x0, 0x0, 0x0,
    0x0, 0x0, 0x0, 0x0, 0xba, 0xff, 0xff, 0xff,
    0xff, 0xff, 0xff, 0x58, 0x8, 0xff, 0xff, 0xff,
    0xff, 0x48, 0x0, 0x0, 0x0, 0x0, 0x0, 0x0,
    0x0, 0x24, 0xf8, 0xff, 0xff, 0xff, 0xff, 0xff,
    0x58, 0x8, 0xff, 0xff, 0xff, 0xff, 0x48, 0x0,
    0x0, 0x0, 0x0, 0x0, 0x0, 0x0, 0x0, 0x80,
    0xff, 0xff, 0xff, 0xff, 0xff, 0x58, 0x8, 0xff,
    0xff, 0xff, 0xff, 0x48, 0x0, 0x0, 0x0, 0x0,
    0x0, 0x0, 0x0, 0x0, 0x7, 0xda, 0xff, 0xff,
    0xff, 0xff, 0x58,

    /* U+004F "O" */
    0x0, 0x0, 0x0, 0x0, 0x0, 0x0, 0x0, 0x15,
    0x68, 0xad, 0xda, 0xf2, 0xfb, 0xef, 0xd3, 0xa2,
    0x57, 0x9, 0x0, 0x0, 0x0, 0x0, 0x0, 0x0,
    0x0, 0x0, 0x0, 0x0, 0x0, 0xf, 0x91, 0xf7,
    0xff, 0xff, 0xff, 0xff, 0xff, 0xff, 0xff, 0xff,
    0xff, 0xea, 0x72, 0x3, 0x0, 0x0, 0x0, 0x0,
    0x0, 0x0, 0x0, 0x0, 0x33, 0xe4, 0xff, 0xff,
    0xff, 0xff, 0xff, 0xff, 0xff, 0xff, 0xff, 0xff,
    0xff, 0xff, 0xff, 0xc9, 0x19, 0x0, 0x0, 0x0,
    0x0, 0x0, 0x0, 0x36, 0xf4, 0xff, 0xff, 0xff,
    0xff, 0xff, 0xf6, 0xd2, 0xc1, 0xd4, 0xfb, 0xff,
    0xff, 0xff, 0xff, 0xff, 0xe0, 0x19, 0x0, 0x0,
    0x0, 0x0, 0x13, 0xe7, 0xff, 0xff, 0xff, 0xff,
    0xe3, 0x5d, 0xa, 0x0, 0x0, 0x0, 0x10, 0x6e,
    0xee, 0xff, 0xff, 0xff, 0xff, 0xc8, 0x3, 0x0,
    0x0, 0x0, 0x9d, 0xff, 0xff, 0xff, 0xff, 0xd3,
    0x16, 0x0, 0x0, 0x0, 0x0, 0x0, 0x0, 0x0,
    0x28, 0xe6, 0xff, 0xff, 0xff, 0xff, 0x70, 0x0,
    0x0, 0x1f, 0xfb, 0xff, 0xff, 0xff, 0xf6, 0x26,
    0x0, 0x0, 0x0, 0x0, 0x0, 0x0, 0x0, 0x0,
    0x0, 0x44, 0xff, 0xff, 0xff, 0xff, 0xe7, 0x7,
    0x0, 0x7d, 0xff, 0xff, 0xff, 0xff, 0x97, 0x0,
    0x0, 0x0, 0x0, 0x0, 0x0, 0x0, 0x0, 0x0,
    0x0, 0x0, 0xbe, 0xff, 0xff, 0xff, 0xff, 0x52,
    0x0, 0xc6, 0xff, 0xff, 0xff, 0xff, 0x3c, 0x0,
    0x0, 0x0, 0x0, 0x0, 0x0, 0x0, 0x0, 0x0,
    0x0, 0x0, 0x64, 0xff, 0xff, 0xff, 0xff, 0x9e,
    0x1, 0xf4, 0xff, 0xff, 0xff, 0xfb, 0x8, 0x0,
    0x0, 0x0, 0x0, 0x0, 0x0, 0x0, 0x0, 0x0,
    0x0, 0x0, 0x2d, 0xff, 0xff, 0xff, 0xff, 0xcf,
    0x12, 0xff, 0xff, 0xff, 0xff, 0xe8, 0x0, 0x0,
    0x0, 0x0, 0x0, 0x0, 0x0, 0x0, 0x0, 0x0,
    0x0, 0x0, 0x11, 0xff, 0xff, 0xff, 0xff, 0xec,
    0x1c, 0xff, 0xff, 0xff, 0xff, 0xdc, 0x0, 0x0,
    0x0, 0x0, 0x0, 0x0, 0x0, 0x0, 0x0, 0x0,
    0x0, 0x0, 0x4, 0xff, 0xff, 0xff, 0xff, 0xf8,
    0x13, 0xff, 0xff, 0xff, 0xff, 0xed, 0x0, 0x0,
    0x0, 0x0, 0x0, 0x0, 0x0, 0x0, 0x0, 0x0,
    0x0, 0x0, 0xf, 0xff, 0xff, 0xff, 0xff, 0xed,
    0x2, 0xf6, 0xff, 0xff, 0xff, 0xfe, 0x6, 0x0,
    0x0, 0x0, 0x0, 0x0, 0x0, 0x0, 0x0, 0x0,
    0x0, 0x0, 0x27, 0xff, 0xff, 0xff, 0xff, 0xd2,
    0x0, 0xcb, 0xff, 0xff, 0xff, 0xff, 0x43, 0x0,
    0x0, 0x0, 0x0, 0x0, 0x0, 0x0, 0x0, 0x0,
    0x0, 0x0, 0x5b, 0xff, 0xff, 0xff, 0xff, 0xa3,
    0x0, 0x85, 0xff, 0xff, 0xff, 0xff, 0x94, 0x0,
    0x0, 0x0, 0x0, 0x0, 0x0, 0x0, 0x0, 0x0,
    0x0, 0x0, 0xaf, 0xff, 0xff, 0xff, 0xff, 0x5b,
    0x0, 0x29, 0xfe, 0xff, 0xff, 0xff, 0xf9, 0x26,
    0x0, 0x0, 0x0, 0x0, 0x0, 0x0, 0x0, 0x0,
    0x0, 0x2f, 0xfb, 0xff, 0xff, 0xff, 0xf0, 0xd,
    0x0, 0x0, 0xae, 0xff, 0xff, 0xff, 0xff, 0xcd,
    0x15, 0x0, 0x0, 0x0, 0x0, 0x0, 0x0, 0x0,
    0x16, 0xd5, 0xff, 0xff, 0xff, 0xff, 0x83, 0x0,
    0x0, 0x0, 0x1e, 0xf1, 0xff, 0xff, 0xff, 0xff,
    0xdc, 0x54, 0x3, 0x0, 0x0, 0x0, 0x3, 0x51,
    0xde, 0xff, 0xff, 0xff, 0xff, 0xdb, 0x9, 0x0,
    0x0, 0x0, 0x0, 0x48, 0xfa, 0xff, 0xff, 0xff,
    0xff, 0xff, 0xe8, 0xc1, 0xaa, 0xbb, 0xed, 0xff,
    0xff, 0xff, 0xff, 0xff, 0xee, 0x29, 0x0, 0x0,
    0x0, 0x0, 0x0, 0x0, 0x46, 0xef, 0xff, 0xff,
    0xff, 0xff, 0xff, 0xff, 0xff, 0xff, 0xff, 0xff,
    0xff, 0xff, 0xff, 0xde, 0x2b, 0x0, 0x0, 0x0,
    0x0, 0x0, 0x0, 0x0, 0x0, 0x19, 0xa2, 0xfb,
    0xff, 0xff, 0xff, 0xff, 0xff, 0xff, 0xff, 0xff,
    0xff, 0xf5, 0x8d, 0xc, 0x0, 0x0, 0x0, 0x0,
    0x0, 0x0, 0x0, 0x0, 0x0, 0x0, 0x0, 0x1d,
    0x71, 0xb2, 0xdd, 0xf4, 0xfc, 0xf2, 0xd8, 0xaa,
    0x65, 0x12, 0x0, 0x0, 0x0, 0x0, 0x0, 0x0,

    /* U+0050 "P" */
    0x8, 0xff, 0xff, 0xff, 0xff, 0xff, 0xff, 0xff,
    0xf9, 0xed, 0xdb, 0xb3, 0x83, 0x33, 0x0, 0x0,
    0x0, 0x0, 0x0, 0x8, 0xff, 0xff, 0xff, 0xff,
    0xff, 0xff, 0xff, 0xff, 0xff, 0xff, 0xff, 0xff,
    0xff, 0xcc, 0x3c, 0x0, 0x0, 0x0, 0x8, 0xff,
    0xff, 0xff, 0xff, 0xff, 0xff, 0xff, 0xff, 0xff,
    0xff, 0xff, 0xff, 0xff, 0xff, 0xfb, 0x5c, 0x0,
    0x0, 0x8, 0xff, 0xff, 0xff, 0xff, 0xd8, 0x88,
    0x88, 0x8c, 0x9f, 0xd0, 0xff, 0xff, 0xff, 0xff,
    0xff, 0xf8, 0x29, 0x0, 0x8, 0xff, 0xff, 0xff,
    0xff, 0xac, 0x0, 0x0, 0x0, 0x0, 0x0, 0x34,
    0xda, 0xff, 0xff, 0xff, 0xff, 0xa0, 0x0, 0x8,
    0xff, 0xff, 0xff, 0xff, 0xac, 0x0, 0x0, 0x0,
    0x0, 0x0, 0x0, 0x24, 0xfb, 0xff, 0xff, 0xff,
    0xeb, 0x0, 0x8, 0xff, 0xff, 0xff, 0xff, 0xac,
    0x0, 0x0, 0x0, 0x0, 0x0, 0x0, 0x0, 0xc3,
    0xff, 0xff, 0xff, 0xff, 0xb, 0x8, 0xff, 0xff,
    0xff, 0xff, 0xac, 0x0, 0x0, 0x0, 0x0, 0x0,
    0x0, 0x0, 0xae, 0xff, 0xff, 0xff, 0xff, 0x15,
    0x8, 0xff, 0xff, 0xff, 0xff, 0xac, 0x0, 0x0,
    0x0, 0x0, 0x0, 0x0, 0x0, 0xcc, 0xff, 0xff,
    0xff, 0xf9, 0x4, 0x8, 0xff, 0xff, 0xff, 0xff,
    0xac, 0x0, 0x0, 0x0, 0x0, 0x0, 0x0, 0x2b,
    0xfd, 0xff, 0xff, 0xff, 0xc4, 0x0, 0x8, 0xff,
    0xff, 0xff, 0xff, 0xac, 0x0, 0x0, 0x0, 0x0,
    0x0, 0x2f, 0xdc, 0xff, 0xff, 0xff, 0xff, 0x62,
    0x0, 0x8, 0xff, 0xff, 0xff, 0xff, 0xd2, 0x74,
    0x74, 0x7b, 0x92, 0xc7, 0xfe, 0xff, 0xff, 0xff,
    0xff, 0xc4, 0x3, 0x0, 0x8, 0xff, 0xff, 0xff,
    0xff, 0xff, 0xff, 0xff, 0xff, 0xff, 0xff, 0xff,
    0xff, 0xff, 0xff, 0xd6, 0x12, 0x0, 0x0, 0x8,
    0xff, 0xff, 0xff, 0xff, 0xff, 0xff, 0xff, 0xff,
    0xff, 0xff, 0xff, 0xff, 0xfc, 0x8f, 0xc, 0x0,
    0x0, 0x0, 0x8, 0xff, 0xff, 0xff, 0xff, 0xff,
    0xff, 0xff, 0xff, 0xf1, 0xda, 0xb9, 0x6f, 0x1e,
    0x0, 0x0, 0x0, 0x0, 0x0, 0x8, 0xff, 0xff,
    0xff, 0xff, 0xc4, 0x0, 0x0, 0x0, 0x0, 0x0,
    0x0, 0x0, 0x0, 0x0, 0x0, 0x0, 0x0, 0x0,
    0x8, 0xff, 0xff, 0xff, 0xff, 0xc4, 0x0, 0x0,
    0x0, 0x0, 0x0, 0x0, 0x0, 0x0, 0x0, 0x0,
    0x0, 0x0, 0x0, 0x8, 0xff, 0xff, 0xff, 0xff,
    0xc4, 0x0, 0x0, 0x0, 0x0, 0x0, 0x0, 0x0,
    0x0, 0x0, 0x0, 0x0, 0x0, 0x0, 0x8, 0xff,
    0xff, 0xff, 0xff, 0xc4, 0x0, 0x0, 0x0, 0x0,
    0x0, 0x0, 0x0, 0x0, 0x0, 0x0, 0x0, 0x0,
    0x0, 0x8, 0xff, 0xff, 0xff, 0xff, 0xc4, 0x0,
    0x0, 0x0, 0x0, 0x0, 0x0, 0x0, 0x0, 0x0,
    0x0, 0x0, 0x0, 0x0, 0x8, 0xff, 0xff, 0xff,
    0xff, 0xc4, 0x0, 0x0, 0x0, 0x0, 0x0, 0x0,
    0x0, 0x0, 0x0, 0x0, 0x0, 0x0, 0x0, 0x8,
    0xff, 0xff, 0xff, 0xff, 0xc4, 0x0, 0x0, 0x0,
    0x0, 0x0, 0x0, 0x0, 0x0, 0x0, 0x0, 0x0,
    0x0, 0x0, 0x8, 0xff, 0xff, 0xff, 0xff, 0xc4,
    0x0, 0x0, 0x0, 0x0, 0x0, 0x0, 0x0, 0x0,
    0x0, 0x0, 0x0, 0x0, 0x0,

    /* U+0051 "Q" */
    0x0, 0x0, 0x0, 0x0, 0x0, 0x0, 0x0, 0x14,
    0x66, 0xad, 0xdb, 0xf2, 0xfc, 0xef, 0xd2, 0xa1,
    0x55, 0x8, 0x0, 0x0, 0x0, 0x0, 0x0, 0x0,
    0x0, 0x0, 0x0, 0x0, 0x0, 0xd, 0x8d, 0xf5,
    0xff, 0xff, 0xff, 0xff, 0xff, 0xff, 0xff, 0xff,
    0xff, 0xe8, 0x6e, 0x2, 0x0, 0x0, 0x0, 0x0,
    0x0, 0x0, 0x0, 0x0, 0x2f, 0xe0, 0xff, 0xff,
    0xff, 0xff, 0xff, 0xff, 0xff, 0xff, 0xff, 0xff,
    0xff, 0xff, 0xff, 0xc4, 0x16, 0x0, 0x0, 0x0,
    0x0, 0x0, 0x0, 0x30, 0xf1, 0xff, 0xff, 0xff,
    0xff, 0xff, 0xf6, 0xd1, 0xc2, 0xd5, 0xfc, 0xff,
    0xff, 0xff, 0xff, 0xff, 0xdb, 0x15, 0x0, 0x0,
    0x0, 0x0, 0xf, 0xe3, 0xff, 0xff, 0xff, 0xff,
    0xe4, 0x5e, 0xa, 0x0, 0x0, 0x0, 0x11, 0x72,
    0xf1, 0xff, 0xff, 0xff, 0xff, 0xc1, 0x1, 0x0,
    0x0, 0x0, 0x94, 0xff, 0xff, 0xff, 0xff, 0xd5,
    0x18, 0x0, 0x0, 0x0, 0x0, 0x0, 0x0, 0x0,
    0x2c, 0xe9, 0xff, 0xff, 0xff, 0xff, 0x67, 0x0,
    0x0, 0x19, 0xf9, 0xff, 0xff, 0xff, 0xf8, 0x29,
    0x0, 0x0, 0x0, 0x0, 0x0, 0x0, 0x0, 0x0,
    0x0, 0x4a, 0xff, 0xff, 0xff, 0xff, 0xe2, 0x4,
    0x0, 0x75, 0xff, 0xff, 0xff, 0xff, 0x9c, 0x0,
    0x0, 0x0, 0x0, 0x0, 0x0, 0x0, 0x0, 0x0,
    0x0, 0x0, 0xc4, 0xff, 0xff, 0xff, 0xff, 0x4c,
    0x0, 0xc0, 0xff, 0xff, 0xff, 0xff, 0x40, 0x0,
    0x0, 0x0, 0x0, 0x0, 0x0, 0x0, 0x0, 0x0,
    0x0, 0x0, 0x68, 0xff, 0xff, 0xff, 0xff, 0x99,
    0x0, 0xf0, 0xff, 0xff, 0xff, 0xfd, 0xb, 0x0,
    0x0, 0x0, 0x0, 0x0, 0x0, 0x0, 0x0, 0x0,
    0x0, 0x0, 0x31, 0xff, 0xff, 0xff, 0xff, 0xcb,
    0x10, 0xff, 0xff, 0xff, 0xff, 0xe9, 0x0, 0x0,
    0x0, 0x0, 0x0, 0x0, 0x0, 0x0, 0x0, 0x0,
    0x0, 0x0, 0x13, 0xff, 0xff, 0xff, 0xff, 0xea,
    0x1c, 0xff, 0xff, 0xff, 0xff, 0xdc, 0x0, 0x0,
    0x0, 0x0, 0x0, 0x0, 0x0, 0x0, 0x0, 0x0,
    0x0, 0x0, 0x4, 0xff, 0xff, 0xff, 0xff, 0xf7,
    0x15, 0xff, 0xff, 0xff, 0xff, 0xea, 0x0, 0x0,
    0x0, 0x0, 0x0, 0x0, 0x0, 0x0, 0x0, 0x0,
    0x0, 0x0, 0xd, 0xff, 0xff, 0xff, 0xff, 0xec,
    0x4, 0xf9, 0xff, 0xff, 0xff, 0xfd, 0x3, 0x0,
    0x0, 0x0, 0x0, 0x0, 0x0, 0x0, 0x0, 0x0,
    0x0, 0x0, 0x20, 0xff, 0xff, 0xff, 0xff, 0xd8,
    0x0, 0xd1, 0xff, 0xff, 0xff, 0xff, 0x37, 0x0,
    0x0, 0x0, 0x0, 0x0, 0x0, 0x0, 0x0, 0x0,
    0x0, 0x0, 0x4e, 0xff, 0xff, 0xff, 0xff, 0xaa,
    0x0, 0x8f, 0xff, 0xff, 0xff, 0xff, 0x85, 0x0,
    0x0, 0x0, 0x0, 0x0, 0x0, 0x0, 0x0, 0x0,
    0x0, 0x0, 0x94, 0xff, 0xff, 0xff, 0xff, 0x6c,
    0x0, 0x35, 0xff, 0xff, 0xff, 0xff, 0xee, 0x15,
    0x0, 0x0, 0x0, 0x0, 0x0, 0x0, 0x0, 0x0,
    0x0, 0x12, 0xef, 0xff, 0xff, 0xff, 0xfa, 0x14,
    0x0, 0x0, 0xbe, 0xff, 0xff, 0xff, 0xff, 0xad,
    0x4, 0x0, 0x0, 0x0, 0x0, 0x0, 0x0, 0x0,
    0x2, 0xaa, 0xff, 0xff, 0xff, 0xff, 0x96, 0x0,
    0x0, 0x0, 0x2c, 0xf9, 0xff, 0xff, 0xff, 0xff,
    0xb4, 0x1c, 0x0, 0x0, 0x0, 0x0, 0x0, 0x19,
    0xae, 0xff, 0xff, 0xff, 0xff, 0xe8, 0x14, 0x0,
    0x0, 0x0, 0x0, 0x61, 0xff, 0xff, 0xff, 0xff,
    0xff, 0xfb, 0xaf, 0x85, 0x6e, 0x7f, 0xb2, 0xf6,
    0xff, 0xff, 0xff, 0xff, 0xf8, 0x3b, 0x0, 0x0,
    0x0, 0x0, 0x0, 0x0, 0x62, 0xf9, 0xff, 0xff,
    0xff, 0xff, 0xff, 0xff, 0xff, 0xff, 0xff, 0xff,
    0xff, 0xff, 0xff, 0xee, 0x3e, 0x0, 0x0, 0x0,
    0x0, 0x0, 0x0, 0x0, 0x0, 0x2e, 0xc1, 0xff,
    0xff, 0xff, 0xff, 0xff, 0xff, 0xff, 0xff, 0xff,
    0xff, 0xfd, 0xa7, 0x19, 0x0, 0x0, 0x0, 0x0,
    0x0, 0x0, 0x0, 0x0, 0x0, 0x0, 0x0, 0x38,
    0x8d, 0xc8, 0xec, 0xfb, 0xff, 0xff, 0xff, 0xff,
    0xd3, 0x21, 0x0, 0x0, 0x0, 0x0, 0x0, 0x0,
    0x0, 0x0, 0x0, 0x0, 0x0, 0x0, 0x0, 0x0,
    0x0, 0x0, 0x0, 0x0, 0x86, 0xff, 0xff, 0xff,
    0xe4, 0x1, 0x0, 0x0, 0x0, 0x0, 0x0, 0x0,
    0x0, 0x0, 0x0, 0x0, 0x0, 0x0, 0x0, 0x0,
    0x0, 0x0, 0x0, 0x0, 0x5b, 0xff, 0xff, 0xff,
    0xff, 0x7d, 0x0, 0x0, 0x0, 0x0, 0x0, 0x0,
    0x0, 0x0, 0x0, 0x0, 0x0, 0x0, 0x0, 0x0,
    0x0, 0x0, 0x0, 0x0, 0x12, 0xf4, 0xff, 0xff,
    0xff, 0xff, 0xc9, 0x8a, 0x7a, 0x8d, 0xbd, 0x98,
    0x0, 0x0, 0x0, 0x0, 0x0, 0x0, 0x0, 0x0,
    0x0, 0x0, 0x0, 0x0, 0x0, 0x79, 0xff, 0xff,
    0xff, 0xff, 0xff, 0xff, 0xff, 0xff, 0xff, 0xac,
    0x0, 0x0, 0x0, 0x0, 0x0, 0x0, 0x0, 0x0,
    0x0, 0x0, 0x0, 0x0, 0x0, 0x1, 0x90, 0xff,
    0xff, 0xff, 0xff, 0xff, 0xff, 0xff, 0xff, 0xac,
    0x0, 0x0, 0x0, 0x0, 0x0, 0x0, 0x0, 0x0,
    0x0, 0x0, 0x0, 0x0, 0x0, 0x0, 0x0, 0x3b,
    0xa3, 0xde, 0xf7, 0xf8, 0xe9, 0xd4, 0xa6, 0x53,

    /* U+0052 "R" */
    0x8, 0xff, 0xff, 0xff, 0xff, 0xff, 0xff, 0xff,
    0xff, 0xff, 0xf7, 0xe8, 0xc5, 0x92, 0x3e, 0x0,
    0x0, 0x0, 0x0, 0x0, 0x0, 0x0, 0x8, 0xff,
    0xff, 0xff, 0xff, 0xff, 0xff, 0xff, 0xff, 0xff,
    0xff, 0xff, 0xff, 0xff, 0xff, 0xc4, 0x26, 0x0,
    0x0, 0x0, 0x0, 0x0, 0x8, 0xff, 0xff, 0xff,
    0xff, 0xff, 0xff, 0xff, 0xff, 0xff, 0xff, 0xff,
    0xff, 0xff, 0xff, 0xff, 0xeb, 0x26, 0x0, 0x0,
    0x0, 0x0, 0x8, 0xff, 0xff, 0xff, 0xff, 0xe7,
    0xa4, 0xa4, 0xa5, 0xb0, 0xd1, 0xfd, 0xff, 0xff,
    0xff, 0xff, 0xff, 0xbd, 0x0, 0x0, 0x0, 0x0,
    0x8, 0xff, 0xff, 0xff, 0xff, 0xbc, 0x0, 0x0,
    0x0, 0x0, 0x0, 0x1a, 0xa5, 0xff, 0xff, 0xff,
    0xff, 0xff, 0x1e, 0x0, 0x0, 0x0, 0x8, 0xff,
    0xff, 0xff, 0xff, 0xbc, 0x0, 0x0, 0x0, 0x0,
    0x0, 0x0, 0x2, 0xcd, 0xff, 0xff, 0xff, 0xff,
    0x48, 0x0, 0x0, 0x0, 0x8, 0xff, 0xff, 0xff,
    0xff, 0xbc, 0x0, 0x0, 0x0, 0x0, 0x0, 0x0,
    0x0, 0x86, 0xff, 0xff, 0xff, 0xff, 0x50, 0x0,
    0x0, 0x0, 0x8, 0xff, 0xff, 0xff, 0xff, 0xbc,
    0x0, 0x0, 0x0, 0x0, 0x0, 0x0, 0x0, 0x8c,
    0xff, 0xff, 0xff, 0xff, 0x36, 0x0, 0x0, 0x0,
    0x8, 0xff, 0xff, 0xff, 0xff, 0xbc, 0x0, 0x0,
    0x0, 0x0, 0x0, 0x0, 0x1, 0xd0, 0xff, 0xff,
    0xff, 0xf2, 0x7, 0x0, 0x0, 0x0, 0x8, 0xff,
    0xff, 0xff, 0xff, 0xbc, 0x0, 0x0, 0x0, 0x0,
    0x0, 0x3, 0x87, 0xff, 0xff, 0xff, 0xff, 0x91,
    0x0, 0x0, 0x0, 0x0, 0x8, 0xff, 0xff, 0xff,
    0xff, 0xd4, 0x5c, 0x5c, 0x5f, 0x6c, 0x93, 0xdf,
    0xff, 0xff, 0xff, 0xff, 0xde, 0x11, 0x0, 0x0,
    0x0, 0x0, 0x8, 0xff, 0xff, 0xff, 0xff, 0xff,
    0xff, 0xff, 0xff, 0xff, 0xff, 0xff, 0xff, 0xff,
    0xff, 0xd7, 0x23, 0x0, 0x0, 0x0, 0x0, 0x0,
    0x8, 0xff, 0xff, 0xff, 0xff, 0xff, 0xff, 0xff,
    0xff, 0xff, 0xff, 0xff, 0xff, 0xee, 0x7d, 0x9,
    0x0, 0x0, 0x0, 0x0, 0x0, 0x0, 0x8, 0xff,
    0xff, 0xff, 0xff, 0xff, 0xff, 0xff, 0xff, 0xff,
    0xff, 0xff, 0xff, 0xed, 0x24, 0x0, 0x0, 0x0,
    0x0, 0x0, 0x0, 0x0, 0x8, 0xff, 0xff, 0xff,
    0xff, 0xc4, 0x0, 0x0, 0x2, 0xb7, 0xff, 0xff,
    0xff, 0xff, 0xd7, 0xf, 0x0, 0x0, 0x0, 0x0,
    0x0, 0x0, 0x8, 0xff, 0xff, 0xff, 0xff, 0xc4,
    0x0, 0x0, 0x0, 0x11, 0xdc, 0xff, 0xff, 0xff,
    0xff, 0xb9, 0x3, 0x0, 0x0, 0x0, 0x0, 0x0,
    0x8, 0xff, 0xff, 0xff, 0xff, 0xc4, 0x0, 0x0,
    0x0, 0x0, 0x2d, 0xf4, 0xff, 0xff, 0xff, 0xff,
    0x92, 0x0, 0x0, 0x0, 0x0, 0x0, 0x8, 0xff,
    0xff, 0xff, 0xff, 0xc4, 0x0, 0x0, 0x0, 0x0,
    0x0, 0x55, 0xff, 0xff, 0xff, 0xff, 0xff, 0x67,
    0x0, 0x0, 0x0, 0x0, 0x8, 0xff, 0xff, 0xff,
    0xff, 0xc4, 0x0, 0x0, 0x0, 0x0, 0x0, 0x0,
    0x88, 0xff, 0xff, 0xff, 0xff, 0xfb, 0x41, 0x0,
    0x0, 0x0, 0x8, 0xff, 0xff, 0xff, 0xff, 0xc4,
    0x0, 0x0, 0x0, 0x0, 0x0, 0x0, 0x2, 0xb9,
    0xff, 0xff, 0xff, 0xff, 0xed, 0x24, 0x0, 0x0,
    0x8, 0xff, 0xff, 0xff, 0xff, 0xc4, 0x0, 0x0,
    0x0, 0x0, 0x0, 0x0, 0x0, 0x11, 0xdd, 0xff,
    0xff, 0xff, 0xff, 0xd7, 0xf, 0x0, 0x8, 0xff,
    0xff, 0xff, 0xff, 0xc4, 0x0, 0x0, 0x0, 0x0,
    0x0, 0x0, 0x0, 0x0, 0x2e, 0xf5, 0xff, 0xff,
    0xff, 0xff, 0xb8, 0x3, 0x8, 0xff, 0xff, 0xff,
    0xff, 0xc4, 0x0, 0x0, 0x0, 0x0, 0x0, 0x0,
    0x0, 0x0, 0x0, 0x57, 0xff, 0xff, 0xff, 0xff,
    0xff, 0x91,

    /* U+0053 "S" */
    0x0, 0x0, 0x0, 0x0, 0x4, 0x47, 0x92, 0xcd,
    0xe5, 0xfa, 0xf5, 0xe8, 0xcd, 0xa9, 0x78, 0x3b,
    0x5, 0x0, 0x0, 0x0, 0x0, 0x0, 0x0, 0x50,
    0xd8, 0xff, 0xff, 0xff, 0xff, 0xff, 0xff, 0xff,
    0xff, 0xff, 0xff, 0xff, 0xed, 0x9c, 0xb, 0x0,
    0x0, 0x0, 0x83, 0xff, 0xff, 0xff, 0xff, 0xff,
    0xff, 0xff, 0xff, 0xff, 0xff, 0xff, 0xff, 0xff,
    0xff, 0xff, 0x1c, 0x0, 0x0, 0x73, 0xff, 0xff,
    0xff, 0xff, 0xff, 0xca, 0x8e, 0x73, 0x79, 0x8a,
    0xab, 0xe4, 0xff, 0xff, 0xff, 0xff, 0x1c, 0x0,
    0x10, 0xf3, 0xff, 0xff, 0xff, 0xee, 0x40, 0x0,
    0x0, 0x0, 0x0, 0x0, 0x0, 0x0, 0x28, 0x89,
    0xed, 0xff, 0x1c, 0x0, 0x57, 0xff, 0xff, 0xff,
    0xff, 0x73, 0x0, 0x0, 0x0, 0x0, 0x0, 0x0,
    0x0, 0x0, 0x0, 0x0, 0x12, 0x87, 0x11, 0x0,
    0x75, 0xff, 0xff, 0xff, 0xff, 0x57, 0x0, 0x0,
    0x0, 0x0, 0x0, 0x0, 0x0, 0x0, 0x0, 0x0,
    0x0, 0x0, 0x0, 0x0, 0x62, 0xff, 0xff, 0xff,
    0xff, 0xb2, 0x2, 0x0, 0x0, 0x0, 0x0, 0x0,
    0x0, 0x0, 0x0, 0x0, 0x0, 0x0, 0x0, 0x0,
    0x2c, 0xff, 0xff, 0xff, 0xff, 0xff, 0xbf, 0x41,
    0x2, 0x0, 0x0, 0x0, 0x0, 0x0, 0x0, 0x0,
    0x0, 0x0, 0x0, 0x0, 0x0, 0xb4, 0xff, 0xff,
    0xff, 0xff, 0xff, 0xff, 0xee, 0xb4, 0x7f, 0x4a,
    0x14, 0x0, 0x0, 0x0, 0x0, 0x0, 0x0, 0x0,
    0x0, 0x10, 0xce, 0xff, 0xff, 0xff, 0xff, 0xff,
    0xff, 0xff, 0xff, 0xff, 0xff, 0xd5, 0x88, 0x23,
    0x0, 0x0, 0x0, 0x0, 0x0, 0x0, 0x7, 0x86,
    0xf5, 0xff, 0xff, 0xff, 0xff, 0xff, 0xff, 0xff,
    0xff, 0xff, 0xff, 0xfe, 0xb0, 0x1d, 0x0, 0x0,
    0x0, 0x0, 0x0, 0x0, 0x11, 0x67, 0xb7, 0xf5,
    0xff, 0xff, 0xff, 0xff, 0xff, 0xff, 0xff, 0xff,
    0xff, 0xe6, 0x1f, 0x0, 0x0, 0x0, 0x0, 0x0,
    0x0, 0x0, 0x0, 0x6, 0x3b, 0x7a, 0xbc, 0xf8,
    0xff, 0xff, 0xff, 0xff, 0xff, 0xff, 0xb7, 0x0,
    0x0, 0x0, 0x0, 0x0, 0x0, 0x0, 0x0, 0x0,
    0x0, 0x0, 0x0, 0xb, 0x5a, 0xd2, 0xff, 0xff,
    0xff, 0xff, 0xff, 0x19, 0x0, 0x0, 0x0, 0x0,
    0x0, 0x0, 0x0, 0x0, 0x0, 0x0, 0x0, 0x0,
    0x0, 0x6, 0xc7, 0xff, 0xff, 0xff, 0xff, 0x41,
    0xb, 0x4, 0x0, 0x0, 0x0, 0x0, 0x0, 0x0,
    0x0, 0x0, 0x0, 0x0, 0x0, 0x0, 0x7d, 0xff,
    0xff, 0xff, 0xff, 0x42, 0x78, 0xd4, 0x41, 0x0,
    0x0, 0x0, 0x0, 0x0, 0x0, 0x0, 0x0, 0x0,
    0x0, 0x0, 0xa5, 0xff, 0xff, 0xff, 0xff, 0x1d,
    0x78, 0xff, 0xff, 0xc4, 0x60, 0xf, 0x0, 0x0,
    0x0, 0x0, 0x0, 0x0, 0x0, 0x5f, 0xfd, 0xff,
    0xff, 0xff, 0xca, 0x0, 0x78, 0xff, 0xff, 0xff,
    0xff, 0xfd, 0xd3, 0x9f, 0x88, 0x76, 0x77, 0x93,
    0xd5, 0xff, 0xff, 0xff, 0xff, 0xfd, 0x3f, 0x0,
    0x78, 0xff, 0xff, 0xff, 0xff, 0xff, 0xff, 0xff,
    0xff, 0xff, 0xff, 0xff, 0xff, 0xff, 0xff, 0xff,
    0xfb, 0x63, 0x0, 0x0, 0x1e, 0x8c, 0xeb, 0xff,
    0xff, 0xff, 0xff, 0xff, 0xff, 0xff, 0xff, 0xff,
    0xff, 0xff, 0xff, 0xc9, 0x38, 0x0, 0x0, 0x0,
    0x0, 0x0, 0x4, 0x39, 0x7b, 0xa9, 0xcd, 0xe7,
    0xf2, 0xfc, 0xf1, 0xdc, 0xbe, 0x7b, 0x32, 0x0,
    0x0, 0x0, 0x0, 0x0,

    /* U+0054 "T" */
    0xa4, 0xff, 0xff, 0xff, 0xff, 0xff, 0xff, 0xff,
    0xff, 0xff, 0xff, 0xff, 0xff, 0xff, 0xff, 0xff,
    0xff, 0xff, 0xff, 0xff, 0xff, 0x58, 0xa4, 0xff,
    0xff, 0xff, 0xff, 0xff, 0xff, 0xff, 0xff, 0xff,
    0xff, 0xff, 0xff, 0xff, 0xff, 0xff, 0xff, 0xff,
    0xff, 0xff, 0xff, 0x58, 0xa4, 0xff, 0xff, 0xff,
    0xff, 0xff, 0xff, 0xff, 0xff, 0xff, 0xff, 0xff,
    0xff, 0xff, 0xff, 0xff, 0xff, 0xff, 0xff, 0xff,
    0xff, 0x58, 0x7b, 0xc0, 0xc0, 0xc0, 0xc0, 0xc0,
    0xc0, 0xc0, 0xe2, 0xff, 0xff, 0xff, 0xff, 0xd0,
    0xc0, 0xc0, 0xc0, 0xc0, 0xc0, 0xc0, 0xc0, 0x42,
    0x0, 0x0, 0x0, 0x0, 0x0, 0x0, 0x0, 0x0,
    0x88, 0xff, 0xff, 0xff, 0xff, 0x40, 0x0, 0x0,
    0x0, 0x0, 0x0, 0x0, 0x0, 0x0, 0x0, 0x0,
    0x0, 0x0, 0x0, 0x0, 0x0, 0x0, 0x88, 0xff,
    0xff, 0xff, 0xff, 0x40, 0x0, 0x0, 0x0, 0x0,
    0x0, 0x0, 0x0, 0x0, 0x0, 0x0, 0x0, 0x0,
    0x0, 0x0, 0x0, 0x0, 0x88, 0xff, 0xff, 0xff,
    0xff, 0x40, 0x0, 0x0, 0x0, 0x0, 0x0, 0x0,
    0x0, 0x0, 0x0, 0x0, 0x0, 0x0, 0x0, 0x0,
    0x0, 0x0, 0x88, 0xff, 0xff, 0xff, 0xff, 0x40,
    0x0, 0x0, 0x0, 0x0, 0x0, 0x0, 0x0, 0x0,
    0x0, 0x0, 0x0, 0x0, 0x0, 0x0, 0x0, 0x0,
    0x88, 0xff, 0xff, 0xff, 0xff, 0x40, 0x0, 0x0,
    0x0, 0x0, 0x0, 0x0, 0x0, 0x0, 0x0, 0x0,
    0x0, 0x0, 0x0, 0x0, 0x0, 0x0, 0x88, 0xff,
    0xff, 0xff, 0xff, 0x40, 0x0, 0x0, 0x0, 0x0,
    0x0, 0x0, 0x0, 0x0, 0x0, 0x0, 0x0, 0x0,
    0x0, 0x0, 0x0, 0x0, 0x88, 0xff, 0xff, 0xff,
    0xff, 0x40, 0x0, 0x0, 0x0, 0x0, 0x0, 0x0,
    0x0, 0x0, 0x0, 0x0, 0x0, 0x0, 0x0, 0x0,
    0x0, 0x0, 0x88, 0xff, 0xff, 0xff, 0xff, 0x40,
    0x0, 0x0, 0x0, 0x0, 0x0, 0x0, 0x0, 0x0,
    0x0, 0x0, 0x0, 0x0, 0x0, 0x0, 0x0, 0x0,
    0x88, 0xff, 0xff, 0xff, 0xff, 0x40, 0x0, 0x0,
    0x0, 0x0, 0x0, 0x0, 0x0, 0x0, 0x0, 0x0,
    0x0, 0x0, 0x0, 0x0, 0x0, 0x0, 0x88, 0xff,
    0xff, 0xff, 0xff, 0x40, 0x0, 0x0, 0x0, 0x0,
    0x0, 0x0, 0x0, 0x0, 0x0, 0x0, 0x0, 0x0,
    0x0, 0x0, 0x0, 0x0, 0x88, 0xff, 0xff, 0xff,
    0xff, 0x40, 0x0, 0x0, 0x0, 0x0, 0x0, 0x0,
    0x0, 0x0, 0x0, 0x0, 0x0, 0x0, 0x0, 0x0,
    0x0, 0x0, 0x88, 0xff, 0xff, 0xff, 0xff, 0x40,
    0x0, 0x0, 0x0, 0x0, 0x0, 0x0, 0x0, 0x0,
    0x0, 0x0, 0x0, 0x0, 0x0, 0x0, 0x0, 0x0,
    0x88, 0xff, 0xff, 0xff, 0xff, 0x40, 0x0, 0x0,
    0x0, 0x0, 0x0, 0x0, 0x0, 0x0, 0x0, 0x0,
    0x0, 0x0, 0x0, 0x0, 0x0, 0x0, 0x88, 0xff,
    0xff, 0xff, 0xff, 0x40, 0x0, 0x0, 0x0, 0x0,
    0x0, 0x0, 0x0, 0x0, 0x0, 0x0, 0x0, 0x0,
    0x0, 0x0, 0x0, 0x0, 0x88, 0xff, 0xff, 0xff,
    0xff, 0x40, 0x0, 0x0, 0x0, 0x0, 0x0, 0x0,
    0x0, 0x0, 0x0, 0x0, 0x0, 0x0, 0x0, 0x0,
    0x0, 0x0, 0x88, 0xff, 0xff, 0xff, 0xff, 0x40,
    0x0, 0x0, 0x0, 0x0, 0x0, 0x0, 0x0, 0x0,
    0x0, 0x0, 0x0, 0x0, 0x0, 0x0, 0x0, 0x0,
    0x88, 0xff, 0xff, 0xff, 0xff, 0x40, 0x0, 0x0,
    0x0, 0x0, 0x0, 0x0, 0x0, 0x0, 0x0, 0x0,
    0x0, 0x0, 0x0, 0x0, 0x0, 0x0, 0x88, 0xff,
    0xff, 0xff, 0xff, 0x40, 0x0, 0x0, 0x0, 0x0,
    0x0, 0x0, 0x0, 0x0, 0x0, 0x0, 0x0, 0x0,
    0x0, 0x0, 0x0, 0x0, 0x88, 0xff, 0xff, 0xff,
    0xff, 0x40, 0x0, 0x0, 0x0, 0x0, 0x0, 0x0,
    0x0, 0x0,

    /* U+0055 "U" */
    0x48, 0xff, 0xff, 0xff, 0xff, 0x80, 0x0, 0x0,
    0x0, 0x0, 0x0, 0x0, 0x0, 0x0, 0x0, 0xc4,
    0xff, 0xff, 0xff, 0xff, 0x4, 0x48, 0xff, 0xff,
    0xff, 0xff, 0x80, 0x0, 0x0, 0x0, 0x0, 0x0,
    0x0, 0x0, 0x0, 0x0, 0xc4, 0xff, 0xff, 0xff,
    0xff, 0x4, 0x48, 0xff, 0xff, 0xff, 0xff, 0x80,
    0x0, 0x0, 0x0, 0x0, 0x0, 0x0, 0x0, 0x0,
    0x0, 0xc4, 0xff, 0xff, 0xff, 0xff, 0x4, 0x48,
    0xff, 0xff, 0xff, 0xff, 0x80, 0x0, 0x0, 0x0,
    0x0, 0x0, 0x0, 0x0, 0x0, 0x0, 0xc4, 0xff,
    0xff, 0xff, 0xff, 0x4, 0x48, 0xff, 0xff, 0xff,
    0xff, 0x80, 0x0, 0x0, 0x0, 0x0, 0x0, 0x0,
    0x0, 0x0, 0x0, 0xc4, 0xff, 0xff, 0xff, 0xff,
    0x4, 0x48, 0xff, 0xff, 0xff, 0xff, 0x80, 0x0,
    0x0, 0x0, 0x0, 0x0, 0x0, 0x0, 0x0, 0x0,
    0xc4, 0xff, 0xff, 0xff, 0xff, 0x4, 0x48, 0xff,
    0xff, 0xff, 0xff, 0x80, 0x0, 0x0, 0x0, 0x0,
    0x0, 0x0, 0x0, 0x0, 0x0, 0xc4, 0xff, 0xff,
    0xff, 0xff, 0x4, 0x48, 0xff, 0xff, 0xff, 0xff,
    0x80, 0x0, 0x0, 0x0, 0x0, 0x0, 0x0, 0x0,
    0x0, 0x0, 0xc4, 0xff, 0xff, 0xff, 0xff, 0x4,
    0x48, 0xff, 0xff, 0xff, 0xff, 0x80, 0x0, 0x0,
    0x0, 0x0, 0x0, 0x0, 0x0, 0x0, 0x0, 0xc4,
    0xff, 0xff, 0xff, 0xff, 0x4, 0x48, 0xff, 0xff,
    0xff, 0xff, 0x80, 0x0, 0x0, 0x0, 0x0, 0x0,
    0x0, 0x0, 0x0, 0x0, 0xc4, 0xff, 0xff, 0xff,
    0xff, 0x4, 0x48, 0xff, 0xff, 0xff, 0xff, 0x80,
    0x0, 0x0, 0x0, 0x0, 0x0, 0x0, 0x0, 0x0,
    0x0, 0xc4, 0xff, 0xff, 0xff, 0xff, 0x4, 0x48,
    0xff, 0xff, 0xff, 0xff, 0x80, 0x0, 0x0, 0x0,
    0x0, 0x0, 0x0, 0x0, 0x0, 0x0, 0xc4, 0xff,
    0xff, 0xff, 0xff, 0x4, 0x48, 0xff, 0xff, 0xff,
    0xff, 0x80, 0x0, 0x0, 0x0, 0x0, 0x0, 0x0,
    0x0, 0x0, 0x0, 0xc4, 0xff, 0xff, 0xff, 0xff,
    0x4, 0x48, 0xff, 0xff, 0xff, 0xff, 0x83, 0x0,
    0x0, 0x0, 0x0, 0x0, 0x0, 0x0, 0x0, 0x0,
    0xc6, 0xff, 0xff, 0xff, 0xff, 0x4, 0x42, 0xff,
    0xff, 0xff, 0xff, 0x92, 0x0, 0x0, 0x0, 0x0,
    0x0, 0x0, 0x0, 0x0, 0x0, 0xd4, 0xff, 0xff,
    0xff, 0xfc, 0x1, 0x30, 0xff, 0xff, 0xff, 0xff,
    0xbc, 0x0, 0x0, 0x0, 0x0, 0x0, 0x0, 0x0,
    0x0, 0x3, 0xf7, 0xff, 0xff, 0xff, 0xe9, 0x0,
    0x10, 0xfd, 0xff, 0xff, 0xff, 0xf9, 0x15, 0x0,
    0x0, 0x0, 0x0, 0x0, 0x0, 0x0, 0x45, 0xff,
    0xff, 0xff, 0xff, 0xc6, 0x0, 0x0, 0xca, 0xff,
    0xff, 0xff, 0xff, 0xa6, 0x1, 0x0, 0x0, 0x0,
    0x0, 0x0, 0x8, 0xcb, 0xff, 0xff, 0xff, 0xff,
    0x81, 0x0, 0x0, 0x65, 0xff, 0xff, 0xff, 0xff,
    0xff, 0xb5, 0x39, 0x3, 0x0, 0x9, 0x49, 0xcb,
    0xff, 0xff, 0xff, 0xff, 0xf8, 0x1e, 0x0, 0x0,
    0x4, 0xcf, 0xff, 0xff, 0xff, 0xff, 0xff, 0xff,
    0xfd, 0xf4, 0xff, 0xff, 0xff, 0xff, 0xff, 0xff,
    0xff, 0x83, 0x0, 0x0, 0x0, 0x0, 0x1c, 0xdf,
    0xff, 0xff, 0xff, 0xff, 0xff, 0xff, 0xff, 0xff,
    0xff, 0xff, 0xff, 0xff, 0xff, 0xa5, 0x1, 0x0,
    0x0, 0x0, 0x0, 0x0, 0x10, 0xa3, 0xfd, 0xff,
    0xff, 0xff, 0xff, 0xff, 0xff, 0xff, 0xff, 0xff,
    0xee, 0x6d, 0x0, 0x0, 0x0, 0x0, 0x0, 0x0,
    0x0, 0x0, 0x0, 0x20, 0x7b, 0xb6, 0xe0, 0xf2,
    0xfb, 0xed, 0xd8, 0xa5, 0x62, 0xa, 0x0, 0x0,
    0x0, 0x0, 0x0,

    /* U+0056 "V" */
    0x85, 0xff, 0xff, 0xff, 0xff, 0x64, 0x0, 0x0,
    0x0, 0x0, 0x0, 0x0, 0x0, 0x0, 0x0, 0x0,
    0x0, 0x6a, 0xff, 0xff, 0xff, 0xff, 0x3f, 0x26,
    0xff, 0xff, 0xff, 0xff, 0xbf, 0x0, 0x0, 0x0,
    0x0, 0x0, 0x0, 0x0, 0x0, 0x0, 0x0, 0x0,
    0xc5, 0xff, 0xff, 0xff, 0xdf, 0x1, 0x0, 0xc7,
    0xff, 0xff, 0xff, 0xfd, 0x1b, 0x0, 0x0, 0x0,
    0x0, 0x0, 0x0, 0x0, 0x0, 0x0, 0x21, 0xff,
    0xff, 0xff, 0xff, 0x81, 0x0, 0x0, 0x68, 0xff,
    0xff, 0xff, 0xff, 0x74, 0x0, 0x0, 0x0, 0x0,
    0x0, 0x0, 0x0, 0x0, 0x0, 0x7b, 0xff, 0xff,
    0xff, 0xff, 0x23, 0x0, 0x0, 0x11, 0xf8, 0xff,
    0xff, 0xff, 0xce, 0x0, 0x0, 0x0, 0x0, 0x0,
    0x0, 0x0, 0x0, 0x0, 0xd6, 0xff, 0xff, 0xff,
    0xc3, 0x0, 0x0, 0x0, 0x0, 0xab, 0xff, 0xff,
    0xff, 0xff, 0x29, 0x0, 0x0, 0x0, 0x0, 0x0,
    0x0, 0x0, 0x31, 0xff, 0xff, 0xff, 0xff, 0x64,
    0x0, 0x0, 0x0, 0x0, 0x4c, 0xff, 0xff, 0xff,
    0xff, 0x83, 0x0, 0x0, 0x0, 0x0, 0x0, 0x0,
    0x0, 0x8c, 0xff, 0xff, 0xff, 0xf6, 0xe, 0x0,
    0x0, 0x0, 0x0, 0x4, 0xe9, 0xff, 0xff, 0xff,
    0xdd, 0x0, 0x0, 0x0, 0x0, 0x0, 0x0, 0x2,
    0xe5, 0xff, 0xff, 0xff, 0xa6, 0x0, 0x0, 0x0,
    0x0, 0x0, 0x0, 0x8e, 0xff, 0xff, 0xff, 0xff,
    0x38, 0x0, 0x0, 0x0, 0x0, 0x0, 0x43, 0xff,
    0xff, 0xff, 0xff, 0x46, 0x0, 0x0, 0x0, 0x0,
    0x0, 0x0, 0x30, 0xff, 0xff, 0xff, 0xff, 0x93,
    0x0, 0x0, 0x0, 0x0, 0x0, 0x9e, 0xff, 0xff,
    0xff, 0xe5, 0x2, 0x0, 0x0, 0x0, 0x0, 0x0,
    0x0, 0x0, 0xd1, 0xff, 0xff, 0xff, 0xe9, 0x4,
    0x0, 0x0, 0x0, 0x8, 0xf0, 0xff, 0xff, 0xff,
    0x88, 0x0, 0x0, 0x0, 0x0, 0x0, 0x0, 0x0,
    0x0, 0x72, 0xff, 0xff, 0xff, 0xff, 0x48, 0x0,
    0x0, 0x0, 0x54, 0xff, 0xff, 0xff, 0xff, 0x2a,
    0x0, 0x0, 0x0, 0x0, 0x0, 0x0, 0x0, 0x0,
    0x17, 0xfb, 0xff, 0xff, 0xff, 0xa2, 0x0, 0x0,
    0x0, 0xaf, 0xff, 0xff, 0xff, 0xca, 0x0, 0x0,
    0x0, 0x0, 0x0, 0x0, 0x0, 0x0, 0x0, 0x0,
    0xb5, 0xff, 0xff, 0xff, 0xf2, 0x9, 0x0, 0x11,
    0xf9, 0xff, 0xff, 0xff, 0x6b, 0x0, 0x0, 0x0,
    0x0, 0x0, 0x0, 0x0, 0x0, 0x0, 0x0, 0x56,
    0xff, 0xff, 0xff, 0xff, 0x57, 0x0, 0x66, 0xff,
    0xff, 0xff, 0xf9, 0x12, 0x0, 0x0, 0x0, 0x0,
    0x0, 0x0, 0x0, 0x0, 0x0, 0x0, 0x7, 0xef,
    0xff, 0xff, 0xff, 0xb1, 0x0, 0xc1, 0xff, 0xff,
    0xff, 0xad, 0x0, 0x0, 0x0, 0x0, 0x0, 0x0,
    0x0, 0x0, 0x0, 0x0, 0x0, 0x0, 0x98, 0xff,
    0xff, 0xff, 0xfa, 0x2f, 0xfe, 0xff, 0xff, 0xff,
    0x4d, 0x0, 0x0, 0x0, 0x0, 0x0, 0x0, 0x0,
    0x0, 0x0, 0x0, 0x0, 0x0, 0x39, 0xff, 0xff,
    0xff, 0xff, 0xd5, 0xff, 0xff, 0xff, 0xea, 0x4,
    0x0, 0x0, 0x0, 0x0, 0x0, 0x0, 0x0, 0x0,
    0x0, 0x0, 0x0, 0x0, 0x0, 0xda, 0xff, 0xff,
    0xff, 0xff, 0xff, 0xff, 0xff, 0x8f, 0x0, 0x0,
    0x0, 0x0, 0x0, 0x0, 0x0, 0x0, 0x0, 0x0,
    0x0, 0x0, 0x0, 0x0, 0x7c, 0xff, 0xff, 0xff,
    0xff, 0xff, 0xff, 0xff, 0x30, 0x0, 0x0, 0x0,
    0x0, 0x0, 0x0, 0x0, 0x0, 0x0, 0x0, 0x0,
    0x0, 0x0, 0x0, 0x1f, 0xfe, 0xff, 0xff, 0xff,
    0xff, 0xff, 0xd1, 0x0, 0x0, 0x0, 0x0, 0x0,
    0x0, 0x0, 0x0, 0x0, 0x0, 0x0, 0x0, 0x0,
    0x0, 0x0, 0x0, 0xbe, 0xff, 0xff, 0xff, 0xff,
    0xff, 0x72, 0x0, 0x0, 0x0, 0x0, 0x0, 0x0,
    0x0, 0x0, 0x0, 0x0, 0x0, 0x0, 0x0, 0x0,
    0x0, 0x0, 0x5f, 0xff, 0xff, 0xff, 0xff, 0xfb,
    0x17, 0x0, 0x0, 0x0, 0x0, 0x0, 0x0, 0x0,
    0x0,

    /* U+0057 "W" */
    0xde, 0xff, 0xff, 0xff, 0xd5, 0x0, 0x0, 0x0,
    0x0, 0x0, 0x0, 0x0, 0x0, 0xa3, 0xff, 0xff,
    0xff, 0xff, 0x40, 0x0, 0x0, 0x0, 0x0, 0x0,
    0x0, 0x0, 0x4b, 0xff, 0xff, 0xff, 0xff, 0x45,
    0x9b, 0xff, 0xff, 0xff, 0xfe, 0x13, 0x0, 0x0,
    0x0, 0x0, 0x0, 0x0, 0x0, 0xe6, 0xff, 0xff,
    0xff, 0xff, 0x83, 0x0, 0x0, 0x0, 0x0, 0x0,
    0x0, 0x0, 0x89, 0xff, 0xff, 0xff, 0xf8, 0x9,
    0x57, 0xff, 0xff, 0xff, 0xff, 0x4e, 0x0, 0x0,
    0x0, 0x0, 0x0, 0x0, 0x2c, 0xff, 0xff, 0xff,
    0xff, 0xff, 0xc6, 0x0, 0x0, 0x0, 0x0, 0x0,
    0x0, 0x0, 0xc6, 0xff, 0xff, 0xff, 0xbf, 0x0,
    0x14, 0xfe, 0xff, 0xff, 0xff, 0x8b, 0x0, 0x0,
    0x0, 0x0, 0x0, 0x0, 0x71, 0xff, 0xff, 0xff,
    0xff, 0xff, 0xfb, 0xd, 0x0, 0x0, 0x0, 0x0,
    0x0, 0x9, 0xf9, 0xff, 0xff, 0xff, 0x7b, 0x0,
    0x0, 0xcf, 0xff, 0xff, 0xff, 0xc7, 0x0, 0x0,
    0x0, 0x0, 0x0, 0x0, 0xb6, 0xff, 0xff, 0xff,
    0xff, 0xff, 0xff, 0x4c, 0x0, 0x0, 0x0, 0x0,
    0x0, 0x41, 0xff, 0xff, 0xff, 0xff, 0x38, 0x0,
    0x0, 0x8b, 0xff, 0xff, 0xff, 0xfa, 0x9, 0x0,
    0x0, 0x0, 0x0, 0x6, 0xf4, 0xff, 0xff, 0xff,
    0xff, 0xff, 0xff, 0x8f, 0x0, 0x0, 0x0, 0x0,
    0x0, 0x7f, 0xff, 0xff, 0xff, 0xf1, 0x3, 0x0,
    0x0, 0x48, 0xff, 0xff, 0xff, 0xff, 0x40, 0x0,
    0x0, 0x0, 0x0, 0x3f, 0xff, 0xff, 0xff, 0xdb,
    0xff, 0xff, 0xff, 0xd2, 0x0, 0x0, 0x0, 0x0,
    0x0, 0xbd, 0xff, 0xff, 0xff, 0xb1, 0x0, 0x0,
    0x0, 0xa, 0xf9, 0xff, 0xff, 0xff, 0x7d, 0x0,
    0x0, 0x0, 0x0, 0x84, 0xff, 0xff, 0xff, 0x62,
    0xf2, 0xff, 0xff, 0xfe, 0x16, 0x0, 0x0, 0x0,
    0x4, 0xf5, 0xff, 0xff, 0xff, 0x6d, 0x0, 0x0,
    0x0, 0x0, 0xc0, 0xff, 0xff, 0xff, 0xb9, 0x0,
    0x0, 0x0, 0x0, 0xc9, 0xff, 0xff, 0xff, 0x19,
    0xb1, 0xff, 0xff, 0xff, 0x58, 0x0, 0x0, 0x0,
    0x38, 0xff, 0xff, 0xff, 0xff, 0x2a, 0x0, 0x0,
    0x0, 0x0, 0x7c, 0xff, 0xff, 0xff, 0xf2, 0x3,
    0x0, 0x0, 0x10, 0xfc, 0xff, 0xff, 0xd2, 0x0,
    0x6b, 0xff, 0xff, 0xff, 0x9a, 0x0, 0x0, 0x0,
    0x75, 0xff, 0xff, 0xff, 0xe6, 0x0, 0x0, 0x0,
    0x0, 0x0, 0x38, 0xff, 0xff, 0xff, 0xff, 0x32,
    0x0, 0x0, 0x52, 0xff, 0xff, 0xff, 0x8c, 0x0,
    0x25, 0xff, 0xff, 0xff, 0xdd, 0x0, 0x0, 0x0,
    0xb3, 0xff, 0xff, 0xff, 0xa3, 0x0, 0x0, 0x0,
    0x0, 0x0, 0x3, 0xf0, 0xff, 0xff, 0xff, 0x6f,
    0x0, 0x0, 0x97, 0xff, 0xff, 0xff, 0x46, 0x0,
    0x0, 0xde, 0xff, 0xff, 0xff, 0x20, 0x0, 0x1,
    0xee, 0xff, 0xff, 0xff, 0x5f, 0x0, 0x0, 0x0,
    0x0, 0x0, 0x0, 0xb1, 0xff, 0xff, 0xff, 0xab,
    0x0, 0x0, 0xdc, 0xff, 0xff, 0xf7, 0x8, 0x0,
    0x0, 0x99, 0xff, 0xff, 0xff, 0x63, 0x0, 0x2e,
    0xff, 0xff, 0xff, 0xff, 0x1c, 0x0, 0x0, 0x0,
    0x0, 0x0, 0x0, 0x6d, 0xff, 0xff, 0xff, 0xe8,
    0x0, 0x20, 0xff, 0xff, 0xff, 0xb9, 0x0, 0x0,
    0x0, 0x52, 0xff, 0xff, 0xff, 0xa6, 0x0, 0x6c,
    0xff, 0xff, 0xff, 0xd8, 0x0, 0x0, 0x0, 0x0,
    0x0, 0x0, 0x0, 0x29, 0xff, 0xff, 0xff, 0xff,
    0x24, 0x65, 0xff, 0xff, 0xff, 0x73, 0x0, 0x0,
    0x0, 0xf, 0xfc, 0xff, 0xff, 0xe8, 0x0, 0xa9,
    0xff, 0xff, 0xff, 0x95, 0x0, 0x0, 0x0, 0x0,
    0x0, 0x0, 0x0, 0x0, 0xe4, 0xff, 0xff, 0xff,
    0x61, 0xaa, 0xff, 0xff, 0xff, 0x2d, 0x0, 0x0,
    0x0, 0x0, 0xc6, 0xff, 0xff, 0xff, 0x2c, 0xe6,
    0xff, 0xff, 0xff, 0x51, 0x0, 0x0, 0x0, 0x0,
    0x0, 0x0, 0x0, 0x0, 0xa1, 0xff, 0xff, 0xff,
    0x9f, 0xec, 0xff, 0xff, 0xe6, 0x0, 0x0, 0x0,
    0x0, 0x0, 0x80, 0xff, 0xff, 0xff, 0x94, 0xff,
    0xff, 0xff, 0xfd, 0x11, 0x0, 0x0, 0x0, 0x0,
    0x0, 0x0, 0x0, 0x0, 0x5d, 0xff, 0xff, 0xff,
    0xf6, 0xff, 0xff, 0xff, 0xa1, 0x0, 0x0, 0x0,
    0x0, 0x0, 0x3a, 0xff, 0xff, 0xff, 0xf8, 0xff,
    0xff, 0xff, 0xca, 0x0, 0x0, 0x0, 0x0, 0x0,
    0x0, 0x0, 0x0, 0x0, 0x1a, 0xff, 0xff, 0xff,
    0xff, 0xff, 0xff, 0xff, 0x5b, 0x0, 0x0, 0x0,
    0x0, 0x0, 0x3, 0xf0, 0xff, 0xff, 0xff, 0xff,
    0xff, 0xff, 0x87, 0x0, 0x0, 0x0, 0x0, 0x0,
    0x0, 0x0, 0x0, 0x0, 0x0, 0xd6, 0xff, 0xff,
    0xff, 0xff, 0xff, 0xfe, 0x16, 0x0, 0x0, 0x0,
    0x0, 0x0, 0x0, 0xae, 0xff, 0xff, 0xff, 0xff,
    0xff, 0xff, 0x43, 0x0, 0x0, 0x0, 0x0, 0x0,
    0x0, 0x0, 0x0, 0x0, 0x0, 0x92, 0xff, 0xff,
    0xff, 0xff, 0xff, 0xcf, 0x0, 0x0, 0x0, 0x0,
    0x0, 0x0, 0x0, 0x68, 0xff, 0xff, 0xff, 0xff,
    0xff, 0xf7, 0x8, 0x0, 0x0, 0x0, 0x0, 0x0,
    0x0, 0x0, 0x0, 0x0, 0x0, 0x4e, 0xff, 0xff,
    0xff, 0xff, 0xff, 0x89, 0x0, 0x0, 0x0, 0x0,
    0x0, 0x0, 0x0, 0x21, 0xff, 0xff, 0xff, 0xff,
    0xff, 0xbc, 0x0, 0x0, 0x0, 0x0, 0x0, 0x0,
    0x0, 0x0, 0x0, 0x0, 0x0, 0xe, 0xfb, 0xff,
    0xff, 0xff, 0xff, 0x43, 0x0, 0x0, 0x0, 0x0,
    0x0, 0x0, 0x0, 0x0, 0xdb, 0xff, 0xff, 0xff,
    0xff, 0x79, 0x0, 0x0, 0x0, 0x0, 0x0, 0x0,

    /* U+0058 "X" */
    0xa, 0xd8, 0xff, 0xff, 0xff, 0xff, 0x5a, 0x0,
    0x0, 0x0, 0x0, 0x0, 0x0, 0x0, 0x0, 0x0,
    0x21, 0xf3, 0xff, 0xff, 0xff, 0xde, 0xe, 0x0,
    0x34, 0xfa, 0xff, 0xff, 0xff, 0xee, 0x1b, 0x0,
    0x0, 0x0, 0x0, 0x0, 0x0, 0x0, 0x2, 0xc2,
    0xff, 0xff, 0xff, 0xfc, 0x3a, 0x0, 0x0, 0x0,
    0x7c, 0xff, 0xff, 0xff, 0xff, 0xb7, 0x0, 0x0,
    0x0, 0x0, 0x0, 0x0, 0x0, 0x76, 0xff, 0xff,
    0xff, 0xff, 0x81, 0x0, 0x0, 0x0, 0x0, 0x3,
    0xc5, 0xff, 0xff, 0xff, 0xff, 0x67, 0x0, 0x0,
    0x0, 0x0, 0x0, 0x2e, 0xf9, 0xff, 0xff, 0xff,
    0xc7, 0x4, 0x0, 0x0, 0x0, 0x0, 0x0, 0x22,
    0xf2, 0xff, 0xff, 0xff, 0xf3, 0x22, 0x0, 0x0,
    0x0, 0x6, 0xd1, 0xff, 0xff, 0xff, 0xf2, 0x22,
    0x0, 0x0, 0x0, 0x0, 0x0, 0x0, 0x0, 0x61,
    0xff, 0xff, 0xff, 0xff, 0xc3, 0x2, 0x0, 0x0,
    0x89, 0xff, 0xff, 0xff, 0xff, 0x5f, 0x0, 0x0,
    0x0, 0x0, 0x0, 0x0, 0x0, 0x0, 0x0, 0xae,
    0xff, 0xff, 0xff, 0xff, 0x74, 0x0, 0x3c, 0xfd,
    0xff, 0xff, 0xff, 0xa9, 0x0, 0x0, 0x0, 0x0,
    0x0, 0x0, 0x0, 0x0, 0x0, 0x0, 0x14, 0xe6,
    0xff, 0xff, 0xff, 0xf8, 0x37, 0xdd, 0xff, 0xff,
    0xff, 0xe3, 0x11, 0x0, 0x0, 0x0, 0x0, 0x0,
    0x0, 0x0, 0x0, 0x0, 0x0, 0x0, 0x48, 0xff,
    0xff, 0xff, 0xff, 0xf9, 0xff, 0xff, 0xff, 0xfd,
    0x40, 0x0, 0x0, 0x0, 0x0, 0x0, 0x0, 0x0,
    0x0, 0x0, 0x0, 0x0, 0x0, 0x0, 0x94, 0xff,
    0xff, 0xff, 0xff, 0xff, 0xff, 0xff, 0x88, 0x0,
    0x0, 0x0, 0x0, 0x0, 0x0, 0x0, 0x0, 0x0,
    0x0, 0x0, 0x0, 0x0, 0x0, 0x9, 0xd7, 0xff,
    0xff, 0xff, 0xff, 0xff, 0xcc, 0x5, 0x0, 0x0,
    0x0, 0x0, 0x0, 0x0, 0x0, 0x0, 0x0, 0x0,
    0x0, 0x0, 0x0, 0x0, 0x0, 0x65, 0xff, 0xff,
    0xff, 0xff, 0xff, 0x6d, 0x0, 0x0, 0x0, 0x0,
    0x0, 0x0, 0x0, 0x0, 0x0, 0x0, 0x0, 0x0,
    0x0, 0x0, 0x0, 0x13, 0xe5, 0xff, 0xff, 0xff,
    0xff, 0xff, 0xef, 0x1c, 0x0, 0x0, 0x0, 0x0,
    0x0, 0x0, 0x0, 0x0, 0x0, 0x0, 0x0, 0x0,
    0x0, 0x0, 0xae, 0xff, 0xff, 0xff, 0xff, 0xff,
    0xff, 0xff, 0xbb, 0x1, 0x0, 0x0, 0x0, 0x0,
    0x0, 0x0, 0x0, 0x0, 0x0, 0x0, 0x0, 0x0,
    0x63, 0xff, 0xff, 0xff, 0xff, 0xe0, 0xff, 0xff,
    0xff, 0xff, 0x6e, 0x0, 0x0, 0x0, 0x0, 0x0,
    0x0, 0x0, 0x0, 0x0, 0x0, 0x0, 0x24, 0xf3,
    0xff, 0xff, 0xff, 0xbf, 0x16, 0xe9, 0xff, 0xff,
    0xff, 0xf6, 0x29, 0x0, 0x0, 0x0, 0x0, 0x0,
    0x0, 0x0, 0x0, 0x0, 0x4, 0xc9, 0xff, 0xff,
    0xff, 0xf1, 0x1f, 0x0, 0x50, 0xff, 0xff, 0xff,
    0xff, 0xcc, 0x5, 0x0, 0x0, 0x0, 0x0, 0x0,
    0x0, 0x0, 0x0, 0x83, 0xff, 0xff, 0xff, 0xff,
    0x61, 0x0, 0x0, 0x0, 0xa3, 0xff, 0xff, 0xff,
    0xff, 0x83, 0x0, 0x0, 0x0, 0x0, 0x0, 0x0,
    0x0, 0x3b, 0xfc, 0xff, 0xff, 0xff, 0xb0, 0x0,
    0x0, 0x0, 0x0, 0x11, 0xe5, 0xff, 0xff, 0xff,
    0xfc, 0x38, 0x0, 0x0, 0x0, 0x0, 0x0, 0xe,
    0xdf, 0xff, 0xff, 0xff, 0xea, 0x16, 0x0, 0x0,
    0x0, 0x0, 0x0, 0x4a, 0xff, 0xff, 0xff, 0xff,
    0xda, 0xb, 0x0, 0x0, 0x0, 0x0, 0xa3, 0xff,
    0xff, 0xff, 0xff, 0x50, 0x0, 0x0, 0x0, 0x0,
    0x0, 0x0, 0x0, 0x9c, 0xff, 0xff, 0xff, 0xff,
    0x97, 0x0, 0x0, 0x0, 0x58, 0xff, 0xff, 0xff,
    0xff, 0xa0, 0x0, 0x0, 0x0, 0x0, 0x0, 0x0,
    0x0, 0x0, 0xe, 0xe1, 0xff, 0xff, 0xff, 0xff,
    0x4a, 0x0, 0x1d, 0xef, 0xff, 0xff, 0xff, 0xe1,
    0xe, 0x0, 0x0, 0x0, 0x0, 0x0, 0x0, 0x0,
    0x0, 0x0, 0x43, 0xfe, 0xff, 0xff, 0xff, 0xe7,
    0x13,

    /* U+0059 "Y" */
    0xaa, 0xff, 0xff, 0xff, 0xff, 0x7d, 0x0, 0x0,
    0x0, 0x0, 0x0, 0x0, 0x0, 0x0, 0x0, 0x0,
    0x61, 0xff, 0xff, 0xff, 0xff, 0xa0, 0x1a, 0xf2,
    0xff, 0xff, 0xff, 0xf7, 0x22, 0x0, 0x0, 0x0,
    0x0, 0x0, 0x0, 0x0, 0x0, 0xf, 0xe9, 0xff,
    0xff, 0xff, 0xed, 0x15, 0x0, 0x70, 0xff, 0xff,
    0xff, 0xff, 0xb4, 0x0, 0x0, 0x0, 0x0, 0x0,
    0x0, 0x0, 0x0, 0x92, 0xff, 0xff, 0xff, 0xff,
    0x65, 0x0, 0x0, 0x3, 0xcf, 0xff, 0xff, 0xff,
    0xff, 0x50, 0x0, 0x0, 0x0, 0x0, 0x0, 0x0,
    0x2e, 0xfc, 0xff, 0xff, 0xff, 0xc5, 0x1, 0x0,
    0x0, 0x0, 0x38, 0xfe, 0xff, 0xff, 0xff, 0xe1,
    0xa, 0x0, 0x0, 0x0, 0x0, 0x0, 0xc3, 0xff,
    0xff, 0xff, 0xfb, 0x2d, 0x0, 0x0, 0x0, 0x0,
    0x0, 0x99, 0xff, 0xff, 0xff, 0xff, 0x88, 0x0,
    0x0, 0x0, 0x0, 0x5d, 0xff, 0xff, 0xff, 0xff,
    0x8b, 0x0, 0x0, 0x0, 0x0, 0x0, 0x0, 0x11,
    0xea, 0xff, 0xff, 0xff, 0xfa, 0x29, 0x0, 0x0,
    0xe, 0xe7, 0xff, 0xff, 0xff, 0xe2, 0xb, 0x0,
    0x0, 0x0, 0x0, 0x0, 0x0, 0x0, 0x5f, 0xff,
    0xff, 0xff, 0xff, 0xbf, 0x0, 0x0, 0x8f, 0xff,
    0xff, 0xff, 0xff, 0x50, 0x0, 0x0, 0x0, 0x0,
    0x0, 0x0, 0x0, 0x0, 0x0, 0xc2, 0xff, 0xff,
    0xff, 0xff, 0x5b, 0x2b, 0xfb, 0xff, 0xff, 0xff,
    0xb2, 0x0, 0x0, 0x0, 0x0, 0x0, 0x0, 0x0,
    0x0, 0x0, 0x0, 0x2b, 0xfa, 0xff, 0xff, 0xff,
    0xe7, 0xc4, 0xff, 0xff, 0xff, 0xf5, 0x1f, 0x0,
    0x0, 0x0, 0x0, 0x0, 0x0, 0x0, 0x0, 0x0,
    0x0, 0x0, 0x89, 0xff, 0xff, 0xff, 0xff, 0xff,
    0xff, 0xff, 0xff, 0x76, 0x0, 0x0, 0x0, 0x0,
    0x0, 0x0, 0x0, 0x0, 0x0, 0x0, 0x0, 0x0,
    0xb, 0xe1, 0xff, 0xff, 0xff, 0xff, 0xff, 0xff,
    0xd4, 0x5, 0x0, 0x0, 0x0, 0x0, 0x0, 0x0,
    0x0, 0x0, 0x0, 0x0, 0x0, 0x0, 0x0, 0x4f,
    0xff, 0xff, 0xff, 0xff, 0xff, 0xfe, 0x3c, 0x0,
    0x0, 0x0, 0x0, 0x0, 0x0, 0x0, 0x0, 0x0,
    0x0, 0x0, 0x0, 0x0, 0x0, 0x0, 0xb2, 0xff,
    0xff, 0xff, 0xff, 0xa5, 0x0, 0x0, 0x0, 0x0,
    0x0, 0x0, 0x0, 0x0, 0x0, 0x0, 0x0, 0x0,
    0x0, 0x0, 0x0, 0x0, 0x70, 0xff, 0xff, 0xff,
    0xff, 0x80, 0x0, 0x0, 0x0, 0x0, 0x0, 0x0,
    0x0, 0x0, 0x0, 0x0, 0x0, 0x0, 0x0, 0x0,
    0x0, 0x0, 0x70, 0xff, 0xff, 0xff, 0xff, 0x80,
    0x0, 0x0, 0x0, 0x0, 0x0, 0x0, 0x0, 0x0,
    0x0, 0x0, 0x0, 0x0, 0x0, 0x0, 0x0, 0x0,
    0x70, 0xff, 0xff, 0xff, 0xff, 0x80, 0x0, 0x0,
    0x0, 0x0, 0x0, 0x0, 0x0, 0x0, 0x0, 0x0,
    0x0, 0x0, 0x0, 0x0, 0x0, 0x0, 0x70, 0xff,
    0xff, 0xff, 0xff, 0x80, 0x0, 0x0, 0x0, 0x0,
    0x0, 0x0, 0x0, 0x0, 0x0, 0x0, 0x0, 0x0,
    0x0, 0x0, 0x0, 0x0, 0x70, 0xff, 0xff, 0xff,
    0xff, 0x80, 0x0, 0x0, 0x0, 0x0, 0x0, 0x0,
    0x0, 0x0, 0x0, 0x0, 0x0, 0x0, 0x0, 0x0,
    0x0, 0x0, 0x70, 0xff, 0xff, 0xff, 0xff, 0x80,
    0x0, 0x0, 0x0, 0x0, 0x0, 0x0, 0x0, 0x0,
    0x0, 0x0, 0x0, 0x0, 0x0, 0x0, 0x0, 0x0,
    0x70, 0xff, 0xff, 0xff, 0xff, 0x80, 0x0, 0x0,
    0x0, 0x0, 0x0, 0x0, 0x0, 0x0, 0x0, 0x0,
    0x0, 0x0, 0x0, 0x0, 0x0, 0x0, 0x70, 0xff,
    0xff, 0xff, 0xff, 0x80, 0x0, 0x0, 0x0, 0x0,
    0x0, 0x0, 0x0, 0x0, 0x0, 0x0, 0x0, 0x0,
    0x0, 0x0, 0x0, 0x0, 0x70, 0xff, 0xff, 0xff,
    0xff, 0x80, 0x0, 0x0, 0x0, 0x0, 0x0, 0x0,
    0x0, 0x0,

    /* U+005A "Z" */
    0x0, 0xa4, 0xff, 0xff, 0xff, 0xff, 0xff, 0xff,
    0xff, 0xff, 0xff, 0xff, 0xff, 0xff, 0xff, 0xff,
    0xff, 0xff, 0xff, 0x48, 0x0, 0xa4, 0xff, 0xff,
    0xff, 0xff, 0xff, 0xff, 0xff, 0xff, 0xff, 0xff,
    0xff, 0xff, 0xff, 0xff, 0xff, 0xff, 0xff, 0x48,
    0x0, 0xa4, 0xff, 0xff, 0xff, 0xff, 0xff, 0xff,
    0xff, 0xff, 0xff, 0xff, 0xff, 0xff, 0xff, 0xff,
    0xff, 0xff, 0xff, 0x48, 0x0, 0x73, 0xb4, 0xb4,
    0xb4, 0xb4, 0xb4, 0xb4, 0xb4, 0xb4, 0xb4, 0xb4,
    0xb4, 0xde, 0xff, 0xff, 0xff, 0xff, 0xff, 0x3a,
    0x0, 0x0, 0x0, 0x0, 0x0, 0x0, 0x0, 0x0,
    0x0, 0x0, 0x0, 0x0, 0x25, 0xef, 0xff, 0xff,
    0xff, 0xff, 0x93, 0x0, 0x0, 0x0, 0x0, 0x0,
    0x0, 0x0, 0x0, 0x0, 0x0, 0x0, 0x0, 0xe,
    0xd6, 0xff, 0xff, 0xff, 0xff, 0xbd, 0x4, 0x0,
    0x0, 0x0, 0x0, 0x0, 0x0, 0x0, 0x0, 0x0,
    0x0, 0x0, 0x1, 0xb2, 0xff, 0xff, 0xff, 0xff,
    0xdc, 0x12, 0x0, 0x0, 0x0, 0x0, 0x0, 0x0,
    0x0, 0x0, 0x0, 0x0, 0x0, 0x0, 0x85, 0xff,
    0xff, 0xff, 0xff, 0xf2, 0x2a, 0x0, 0x0, 0x0,
    0x0, 0x0, 0x0, 0x0, 0x0, 0x0, 0x0, 0x0,
    0x0, 0x54, 0xff, 0xff, 0xff, 0xff, 0xfd, 0x4d,
    0x0, 0x0, 0x0, 0x0, 0x0, 0x0, 0x0, 0x0,
    0x0, 0x0, 0x0, 0x0, 0x2f, 0xf4, 0xff, 0xff,
    0xff, 0xff, 0x78, 0x0, 0x0, 0x0, 0x0, 0x0,
    0x0, 0x0, 0x0, 0x0, 0x0, 0x0, 0x0, 0x14,
    0xdf, 0xff, 0xff, 0xff, 0xff, 0xa6, 0x0, 0x0,
    0x0, 0x0, 0x0, 0x0, 0x0, 0x0, 0x0, 0x0,
    0x0, 0x0, 0x4, 0xbe, 0xff, 0xff, 0xff, 0xff,
    0xcb, 0x9, 0x0, 0x0, 0x0, 0x0, 0x0, 0x0,
    0x0, 0x0, 0x0, 0x0, 0x0, 0x0, 0x93, 0xff,
    0xff, 0xff, 0xff, 0xe7, 0x1b, 0x0, 0x0, 0x0,
    0x0, 0x0, 0x0, 0x0, 0x0, 0x0, 0x0, 0x0,
    0x0, 0x62, 0xff, 0xff, 0xff, 0xff, 0xf8, 0x38,
    0x0, 0x0, 0x0, 0x0, 0x0, 0x0, 0x0, 0x0,
    0x0, 0x0, 0x0, 0x0, 0x38, 0xf9, 0xff, 0xff,
    0xff, 0xff, 0x5e, 0x0, 0x0, 0x0, 0x0, 0x0,
    0x0, 0x0, 0x0, 0x0, 0x0, 0x0, 0x0, 0x1a,
    0xe6, 0xff, 0xff, 0xff, 0xff, 0x8c, 0x0, 0x0,
    0x0, 0x0, 0x0, 0x0, 0x0, 0x0, 0x0, 0x0,
    0x0, 0x0, 0x7, 0xc9, 0xff, 0xff, 0xff, 0xff,
    0xb7, 0x2, 0x0, 0x0, 0x0, 0x0, 0x0, 0x0,
    0x0, 0x0, 0x0, 0x0, 0x0, 0x0, 0xa0, 0xff,
    0xff, 0xff, 0xff, 0xd8, 0xf, 0x0, 0x0, 0x0,
    0x0, 0x0, 0x0, 0x0, 0x0, 0x0, 0x0, 0x0,
    0x0, 0x71, 0xff, 0xff, 0xff, 0xff, 0xef, 0x26,
    0x0, 0x0, 0x0, 0x0, 0x0, 0x0, 0x0, 0x0,
    0x0, 0x0, 0x0, 0x0, 0x21, 0xfc, 0xff, 0xff,
    0xff, 0xff, 0xd9, 0xac, 0xac, 0xac, 0xac, 0xac,
    0xac, 0xac, 0xac, 0xac, 0xac, 0xac, 0xac, 0x83,
    0x30, 0xff, 0xff, 0xff, 0xff, 0xff, 0xff, 0xff,
    0xff, 0xff, 0xff, 0xff, 0xff, 0xff, 0xff, 0xff,
    0xff, 0xff, 0xff, 0xc4, 0x30, 0xff, 0xff, 0xff,
    0xff, 0xff, 0xff, 0xff, 0xff, 0xff, 0xff, 0xff,
    0xff, 0xff, 0xff, 0xff, 0xff, 0xff, 0xff, 0xc4,
    0x30, 0xff, 0xff, 0xff, 0xff, 0xff, 0xff, 0xff,
    0xff, 0xff, 0xff, 0xff, 0xff, 0xff, 0xff, 0xff,
    0xff, 0xff, 0xff, 0xc4,

    /* U+0061 "a" */
    0x0, 0x3, 0x3b, 0x6f, 0xa2, 0xc9, 0xdc, 0xee,
    0xfc, 0xf3, 0xe4, 0xc1, 0x90, 0x41, 0x0, 0x0,
    0x0, 0x0, 0x1c, 0xff, 0xff, 0xff, 0xff, 0xff,
    0xff, 0xff, 0xff, 0xff, 0xff, 0xff, 0xff, 0xc7,
    0x1f, 0x0, 0x0, 0x1c, 0xff, 0xff, 0xff, 0xff,
    0xff, 0xff, 0xff, 0xff, 0xff, 0xff, 0xff, 0xff,
    0xff, 0xe0, 0xd, 0x0, 0x1c, 0xff, 0xe4, 0xa3,
    0x6f, 0x54, 0x3f, 0x3f, 0x56, 0x98, 0xf1, 0xff,
    0xff, 0xff, 0xff, 0x7c, 0x0, 0x6, 0x2a, 0x0,
    0x0, 0x0, 0x0, 0x0, 0x0, 0x0, 0x0, 0x20,
    0xeb, 0xff, 0xff, 0xff, 0xc9, 0x0, 0x0, 0x0,
    0x0, 0x0, 0x0, 0x0, 0x0, 0x0, 0x0, 0x0,
    0x0, 0x98, 0xff, 0xff, 0xff, 0xea, 0x0, 0x0,
    0x0, 0x0, 0x0, 0x6, 0x36, 0x5d, 0x75, 0x85,
    0x8f, 0x94, 0xd0, 0xff, 0xff, 0xff, 0xf7, 0x0,
    0x0, 0x1, 0x4a, 0xb3, 0xf4, 0xff, 0xff, 0xff,
    0xff, 0xff, 0xff, 0xff, 0xff, 0xff, 0xff, 0xf8,
    0x0, 0x14, 0xb9, 0xff, 0xff, 0xff, 0xff, 0xff,
    0xff, 0xff, 0xff, 0xff, 0xff, 0xff, 0xff, 0xff,
    0xf8, 0x3, 0xc1, 0xff, 0xff, 0xff, 0xff, 0xd0,
    0x76, 0x3d, 0x1e, 0xc, 0x4, 0x90, 0xff, 0xff,
    0xff, 0xf8, 0x4f, 0xff, 0xff, 0xff, 0xff, 0x8d,
    0x2, 0x0, 0x0, 0x0, 0x0, 0x0, 0x90, 0xff,
    0xff, 0xff, 0xf8, 0x97, 0xff, 0xff, 0xff, 0xfa,
    0x7, 0x0, 0x0, 0x0, 0x0, 0x0, 0x0, 0x90,
    0xff, 0xff, 0xff, 0xf8, 0xb1, 0xff, 0xff, 0xff,
    0xec, 0x0, 0x0, 0x0, 0x0, 0x0, 0x0, 0x0,
    0x90, 0xff, 0xff, 0xff, 0xf8, 0xa1, 0xff, 0xff,
    0xff, 0xff, 0x2c, 0x0, 0x0, 0x0, 0x0, 0x0,
    0x14, 0xc4, 0xff, 0xff, 0xff, 0xf8, 0x60, 0xff,
    0xff, 0xff, 0xff, 0xd8, 0x48, 0x13, 0x15, 0x3b,
    0x88, 0xed, 0xff, 0xff, 0xff, 0xff, 0xf8, 0x6,
    0xd7, 0xff, 0xff, 0xff, 0xff, 0xff, 0xff, 0xff,
    0xff, 0xff, 0xff, 0xfc, 0xff, 0xff, 0xff, 0xf8,
    0x0, 0x20, 0xd6, 0xff, 0xff, 0xff, 0xff, 0xff,
    0xff, 0xff, 0xfb, 0x8a, 0x95, 0xff, 0xff, 0xff,
    0xf8, 0x0, 0x0, 0x9, 0x6d, 0xc4, 0xf0, 0xfb,
    0xea, 0xc4, 0x82, 0x1e, 0x0, 0x90, 0xff, 0xff,
    0xff, 0xf8,

    /* U+0062 "b" */
    0x84, 0xff, 0xff, 0xff, 0xff, 0x8, 0x0, 0x0,
    0x0, 0x0, 0x0, 0x0, 0x0, 0x0, 0x0, 0x0,
    0x0, 0x0, 0x84, 0xff, 0xff, 0xff, 0xff, 0x8,
    0x0, 0x0, 0x0, 0x0, 0x0, 0x0, 0x0, 0x0,
    0x0, 0x0, 0x0, 0x0, 0x84, 0xff, 0xff, 0xff,
    0xff, 0x8, 0x0, 0x0, 0x0, 0x0, 0x0, 0x0,
    0x0, 0x0, 0x0, 0x0, 0x0, 0x0, 0x84, 0xff,
    0xff, 0xff, 0xff, 0x8, 0x0, 0x0, 0x0, 0x0,
    0x0, 0x0, 0x0, 0x0, 0x0, 0x0, 0x0, 0x0,
    0x84, 0xff, 0xff, 0xff, 0xff, 0x8, 0x0, 0x0,
    0x0, 0x0, 0x0, 0x0, 0x0, 0x0, 0x0, 0x0,
    0x0, 0x0, 0x84, 0xff, 0xff, 0xff, 0xff, 0x8,
    0x0, 0x0, 0x0, 0x0, 0x0, 0x0, 0x0, 0x0,
    0x0, 0x0, 0x0, 0x0, 0x84, 0xff, 0xff, 0xff,
    0xff, 0x8, 0x0, 0x3f, 0xa1, 0xe0, 0xf8, 0xeb,
    0xbe, 0x63, 0x2, 0x0, 0x0, 0x0, 0x84, 0xff,
    0xff, 0xff, 0xff, 0x1e, 0xb3, 0xff, 0xff, 0xff,
    0xff, 0xff, 0xff, 0xff, 0xc4, 0xf, 0x0, 0x0,
    0x84, 0xff, 0xff, 0xff, 0xff, 0xe9, 0xff, 0xff,
    0xff, 0xff, 0xff, 0xff, 0xff, 0xff, 0xff, 0xbe,
    0x1, 0x0, 0x84, 0xff, 0xff, 0xff, 0xff, 0xff,
    0xff, 0xed, 0xc7, 0xca, 0xf9, 0xff, 0xff, 0xff,
    0xff, 0xff, 0x5c, 0x0, 0x84, 0xff, 0xff, 0xff,
    0xff, 0xdb, 0x50, 0x3, 0x0, 0x0, 0x14, 0xb5,
    0xff, 0xff, 0xff, 0xff, 0xc7, 0x0, 0x84, 0xff,
    0xff, 0xff, 0xff, 0x10, 0x0, 0x0, 0x0, 0x0,
    0x0, 0x9, 0xe1, 0xff, 0xff, 0xff, 0xff, 0x12,
    0x84, 0xff, 0xff, 0xff, 0xff, 0x8, 0x0, 0x0,
    0x0, 0x0, 0x0, 0x0, 0x7e, 0xff, 0xff, 0xff,
    0xff, 0x42, 0x84, 0xff, 0xff, 0xff, 0xff, 0x8,
    0x0, 0x0, 0x0, 0x0, 0x0, 0x0, 0x46, 0xff,
    0xff, 0xff, 0xff, 0x5a, 0x84, 0xff, 0xff, 0xff,
    0xff, 0x8, 0x0, 0x0, 0x0, 0x0, 0x0, 0x0,
    0x2e, 0xff, 0xff, 0xff, 0xff, 0x67, 0x84, 0xff,
    0xff, 0xff, 0xff, 0x8, 0x0, 0x0, 0x0, 0x0,
    0x0, 0x0, 0x30, 0xff, 0xff, 0xff, 0xff, 0x57,
    0x84, 0xff, 0xff, 0xff, 0xff, 0x8, 0x0, 0x0,
    0x0, 0x0, 0x0, 0x0, 0x45, 0xff, 0xff, 0xff,
    0xff, 0x3f, 0x84, 0xff, 0xff, 0xff, 0xff, 0x8,
    0x0, 0x0, 0x0, 0x0, 0x0, 0x0, 0x79, 0xff,
    0xff, 0xff, 0xfe, 0x19, 0x84, 0xff, 0xff, 0xff,
    0xff, 0x8, 0x0, 0x0, 0x0, 0x0, 0x0, 0x4,
    0xd8, 0xff, 0xff, 0xff, 0xca, 0x0, 0x84, 0xff,
    0xff, 0xff, 0xff, 0x9, 0x0, 0x0, 0x0, 0x0,
    0x3, 0x98, 0xff, 0xff, 0xff, 0xff, 0x73, 0x0,
    0x84, 0xff, 0xff, 0xff, 0xff, 0xde, 0x84, 0x62,
    0x5d, 0x81, 0xd9, 0xff, 0xff, 0xff, 0xff, 0xdb,
    0x7, 0x0, 0x84, 0xff, 0xff, 0xff, 0xff, 0xff,
    0xff, 0xff, 0xff, 0xff, 0xff, 0xff, 0xff, 0xff,
    0xf4, 0x3d, 0x0, 0x0, 0x84, 0xff, 0xff, 0xff,
    0xff, 0xfe, 0xff, 0xff, 0xff, 0xff, 0xff, 0xff,
    0xff, 0xe9, 0x36, 0x0, 0x0, 0x0, 0x84, 0xff,
    0xff, 0xff, 0xec, 0x24, 0x83, 0xc5, 0xe3, 0xf9,
    0xf1, 0xc8, 0x78, 0xf, 0x0, 0x0, 0x0, 0x0,

    /* U+0063 "c" */
    0x0, 0x0, 0x0, 0x0, 0x0, 0x2c, 0x86, 0xc5,
    0xe6, 0xf9, 0xf4, 0xda, 0xa9, 0x61, 0x11, 0x0,
    0x0, 0x0, 0x0, 0x12, 0xaa, 0xfe, 0xff, 0xff,
    0xff, 0xff, 0xff, 0xff, 0xff, 0xff, 0xf6, 0x7a,
    0x0, 0x0, 0x1f, 0xdf, 0xff, 0xff, 0xff, 0xff,
    0xff, 0xff, 0xff, 0xff, 0xff, 0xff, 0xff, 0xb8,
    0x0, 0x9, 0xd0, 0xff, 0xff, 0xff, 0xff, 0xf8,
    0xab, 0x7d, 0x79, 0x9c, 0xe4, 0xff, 0xff, 0xb8,
    0x0, 0x72, 0xff, 0xff, 0xff, 0xff, 0xd4, 0x20,
    0x0, 0x0, 0x0, 0x0, 0x3, 0x5c, 0xe6, 0xb8,
    0x0, 0xe2, 0xff, 0xff, 0xff, 0xf9, 0x24, 0x0,
    0x0, 0x0, 0x0, 0x0, 0x0, 0x0, 0x12, 0x41,
    0x2a, 0xff, 0xff, 0xff, 0xff, 0xad, 0x0, 0x0,
    0x0, 0x0, 0x0, 0x0, 0x0, 0x0, 0x0, 0x0,
    0x59, 0xff, 0xff, 0xff, 0xff, 0x71, 0x0, 0x0,
    0x0, 0x0, 0x0, 0x0, 0x0, 0x0, 0x0, 0x0,
    0x6d, 0xff, 0xff, 0xff, 0xff, 0x57, 0x0, 0x0,
    0x0, 0x0, 0x0, 0x0, 0x0, 0x0, 0x0, 0x0,
    0x70, 0xff, 0xff, 0xff, 0xff, 0x56, 0x0, 0x0,
    0x0, 0x0, 0x0, 0x0, 0x0, 0x0, 0x0, 0x0,
    0x5d, 0xff, 0xff, 0xff, 0xff, 0x6d, 0x0, 0x0,
    0x0, 0x0, 0x0, 0x0, 0x0, 0x0, 0x0, 0x0,
    0x35, 0xff, 0xff, 0xff, 0xff, 0xa6, 0x0, 0x0,
    0x0, 0x0, 0x0, 0x0, 0x0, 0x0, 0x0, 0x0,
    0x3, 0xf0, 0xff, 0xff, 0xff, 0xf6, 0x1c, 0x0,
    0x0, 0x0, 0x0, 0x0, 0x0, 0x0, 0x6, 0x2d,
    0x0, 0x8c, 0xff, 0xff, 0xff, 0xff, 0xc8, 0x13,
    0x0, 0x0, 0x0, 0x0, 0x0, 0x2d, 0xcc, 0xb8,
    0x0, 0x15, 0xe6, 0xff, 0xff, 0xff, 0xff, 0xee,
    0x90, 0x5d, 0x5a, 0x78, 0xbe, 0xfe, 0xff, 0xb8,
    0x0, 0x0, 0x35, 0xf0, 0xff, 0xff, 0xff, 0xff,
    0xff, 0xff, 0xff, 0xff, 0xff, 0xff, 0xff, 0xb8,
    0x0, 0x0, 0x0, 0x22, 0xc1, 0xff, 0xff, 0xff,
    0xff, 0xff, 0xff, 0xff, 0xff, 0xff, 0xf6, 0x72,
    0x0, 0x0, 0x0, 0x0, 0x0, 0x39, 0x8e, 0xc8,
    0xe8, 0xf9, 0xf5, 0xdd, 0xab, 0x66, 0x14, 0x0,

    /* U+0064 "d" */
    0x0, 0x0, 0x0, 0x0, 0x0, 0x0, 0x0, 0x0,
    0x0, 0x0, 0x0, 0x0, 0x0, 0xfc, 0xff, 0xff,
    0xff, 0x94, 0x0, 0x0, 0x0, 0x0, 0x0, 0x0,
    0x0, 0x0, 0x0, 0x0, 0x0, 0x0, 0x0, 0xfc,
    0xff, 0xff, 0xff, 0x94, 0x0, 0x0, 0x0, 0x0,
    0x0, 0x0, 0x0, 0x0, 0x0, 0x0, 0x0, 0x0,
    0x0, 0xfc, 0xff, 0xff, 0xff, 0x94, 0x0, 0x0,
    0x0, 0x0, 0x0, 0x0, 0x0, 0x0, 0x0, 0x0,
    0x0, 0x0, 0x0, 0xfc, 0xff, 0xff, 0xff, 0x94,
    0x0, 0x0, 0x0, 0x0, 0x0, 0x0, 0x0, 0x0,
    0x0, 0x0, 0x0, 0x0, 0x0, 0xfc, 0xff, 0xff,
    0xff, 0x94, 0x0, 0x0, 0x0, 0x0, 0x0, 0x0,
    0x0, 0x0, 0x0, 0x0, 0x0, 0x0, 0x0, 0xfc,
    0xff, 0xff, 0xff, 0x94, 0x0, 0x0, 0x0, 0x0,
    0x5, 0x65, 0xbe, 0xee, 0xfb, 0xeb, 0xbe, 0x6b,
    0xb, 0xfc, 0xff, 0xff, 0xff, 0x94, 0x0, 0x0,
    0x0, 0x1f, 0xd4, 0xff, 0xff, 0xff, 0xff, 0xff,
    0xff, 0xff, 0xeb, 0xfe, 0xff, 0xff, 0xff, 0x94,
    0x0, 0x0, 0x25, 0xe6, 0xff, 0xff, 0xff, 0xff,
    0xff, 0xff, 0xff, 0xff, 0xff, 0xff, 0xff, 0xff,
    0xff, 0x94, 0x0, 0x1, 0xc1, 0xff, 0xff, 0xff,
    0xff, 0xea, 0x90, 0x68, 0x78, 0xa6, 0xf8, 0xff,
    0xff, 0xff, 0xff, 0x94, 0x0, 0x5a, 0xff, 0xff,
    0xff, 0xff, 0xc3, 0x10, 0x0, 0x0, 0x0, 0x0,
    0x24, 0xff, 0xff, 0xff, 0xff, 0x94, 0x0, 0xb9,
    0xff, 0xff, 0xff, 0xf1, 0x17, 0x0, 0x0, 0x0,
    0x0, 0x0, 0x14, 0xff, 0xff, 0xff, 0xff, 0x94,
    0x10, 0xfb, 0xff, 0xff, 0xff, 0x95, 0x0, 0x0,
    0x0, 0x0, 0x0, 0x0, 0x14, 0xff, 0xff, 0xff,
    0xff, 0x94, 0x35, 0xff, 0xff, 0xff, 0xff, 0x56,
    0x0, 0x0, 0x0, 0x0, 0x0, 0x0, 0x14, 0xff,
    0xff, 0xff, 0xff, 0x94, 0x4f, 0xff, 0xff, 0xff,
    0xff, 0x39, 0x0, 0x0, 0x0, 0x0, 0x0, 0x0,
    0x14, 0xff, 0xff, 0xff, 0xff, 0x94, 0x5a, 0xff,
    0xff, 0xff, 0xff, 0x34, 0x0, 0x0, 0x0, 0x0,
    0x0, 0x0, 0x14, 0xff, 0xff, 0xff, 0xff, 0x94,
    0x4c, 0xff, 0xff, 0xff, 0xff, 0x45, 0x0, 0x0,
    0x0, 0x0, 0x0, 0x0, 0x14, 0xff, 0xff, 0xff,
    0xff, 0x94, 0x2e, 0xff, 0xff, 0xff, 0xff, 0x71,
    0x0, 0x0, 0x0, 0x0, 0x0, 0x0, 0x14, 0xff,
    0xff, 0xff, 0xff, 0x94, 0x4, 0xf6, 0xff, 0xff,
    0xff, 0xc7, 0x0, 0x0, 0x0, 0x0, 0x0, 0x0,
    0x14, 0xff, 0xff, 0xff, 0xff, 0x94, 0x0, 0xa9,
    0xff, 0xff, 0xff, 0xff, 0x6d, 0x0, 0x0, 0x0,
    0x0, 0x10, 0x99, 0xff, 0xff, 0xff, 0xff, 0x94,
    0x0, 0x3a, 0xfe, 0xff, 0xff, 0xff, 0xff, 0xc0,
    0x7e, 0x78, 0xa0, 0xf0, 0xff, 0xff, 0xff, 0xff,
    0xff, 0x94, 0x0, 0x0, 0x96, 0xff, 0xff, 0xff,
    0xff, 0xff, 0xff, 0xff, 0xff, 0xff, 0xee, 0xfe,
    0xff, 0xff, 0xff, 0x94, 0x0, 0x0, 0x3, 0xa0,
    0xff, 0xff, 0xff, 0xff, 0xff, 0xff, 0xff, 0xc5,
    0x1f, 0xfc, 0xff, 0xff, 0xff, 0x94, 0x0, 0x0,
    0x0, 0x0, 0x48, 0xae, 0xe6, 0xfa, 0xeb, 0xb9,
    0x59, 0x1, 0x0, 0xfc, 0xff, 0xff, 0xff, 0x94,

    /* U+0065 "e" */
    0x0, 0x0, 0x0, 0x0, 0x0, 0x29, 0x85, 0xc5,
    0xe6, 0xf9, 0xf1, 0xda, 0xa2, 0x4e, 0x1, 0x0,
    0x0, 0x0, 0x0, 0x0, 0x0, 0xe, 0xa3, 0xfd,
    0xff, 0xff, 0xff, 0xff, 0xff, 0xff, 0xff, 0xff,
    0xc9, 0x1f, 0x0, 0x0, 0x0, 0x0, 0x19, 0xd8,
    0xff, 0xff, 0xff, 0xff, 0xff, 0xff, 0xff, 0xff,
    0xff, 0xff, 0xff, 0xe5, 0x18, 0x0, 0x0, 0x5,
    0xc7, 0xff, 0xff, 0xff, 0xed, 0x6f, 0x25, 0x11,
    0x2c, 0x8e, 0xfe, 0xff, 0xff, 0xff, 0xb0, 0x0,
    0x0, 0x69, 0xff, 0xff, 0xff, 0xee, 0x25, 0x0,
    0x0, 0x0, 0x0, 0x0, 0x87, 0xff, 0xff, 0xff,
    0xfe, 0x29, 0x0, 0xdc, 0xff, 0xff, 0xff, 0x78,
    0x0, 0x0, 0x0, 0x0, 0x0, 0x0, 0xb, 0xfb,
    0xff, 0xff, 0xff, 0x71, 0x24, 0xff, 0xff, 0xff,
    0xff, 0x2f, 0x0, 0x0, 0x0, 0x0, 0x0, 0x0,
    0x0, 0xd8, 0xff, 0xff, 0xff, 0xa0, 0x56, 0xff,
    0xff, 0xff, 0xff, 0xff, 0xff, 0xff, 0xff, 0xff,
    0xff, 0xff, 0xff, 0xff, 0xff, 0xff, 0xff, 0xb3,
    0x6c, 0xff, 0xff, 0xff, 0xff, 0xff, 0xff, 0xff,
    0xff, 0xff, 0xff, 0xff, 0xff, 0xff, 0xff, 0xff,
    0xff, 0xbc, 0x70, 0xff, 0xff, 0xff, 0xff, 0xbb,
    0xb4, 0xb4, 0xb4, 0xb4, 0xb4, 0xb4, 0xb4, 0xb4,
    0xb4, 0xb4, 0xb4, 0x84, 0x5c, 0xff, 0xff, 0xff,
    0xff, 0x2a, 0x0, 0x0, 0x0, 0x0, 0x0, 0x0,
    0x0, 0x0, 0x0, 0x0, 0x0, 0x0, 0x33, 0xff,
    0xff, 0xff, 0xff, 0x65, 0x0, 0x0, 0x0, 0x0,
    0x0, 0x0, 0x0, 0x0, 0x0, 0x0, 0x0, 0x0,
    0x1, 0xe9, 0xff, 0xff, 0xff, 0xd5, 0x5, 0x0,
    0x0, 0x0, 0x0, 0x0, 0x0, 0x0, 0x0, 0x0,
    0x0, 0x0, 0x0, 0x7b, 0xff, 0xff, 0xff, 0xff,
    0xa8, 0x8, 0x0, 0x0, 0x0, 0x0, 0x0, 0x0,
    0x0, 0x1f, 0xa6, 0x59, 0x0, 0xb, 0xd6, 0xff,
    0xff, 0xff, 0xff, 0xdb, 0x6e, 0x2e, 0x13, 0x18,
    0x34, 0x6c, 0xb8, 0xfd, 0xff, 0x64, 0x0, 0x0,
    0x20, 0xdf, 0xff, 0xff, 0xff, 0xff, 0xff, 0xff,
    0xff, 0xff, 0xff, 0xff, 0xff, 0xff, 0xff, 0x64,
    0x0, 0x0, 0x0, 0x10, 0xa2, 0xfc, 0xff, 0xff,
    0xff, 0xff, 0xff, 0xff, 0xff, 0xff, 0xff, 0xff,
    0xdf, 0x3e, 0x0, 0x0, 0x0, 0x0, 0x0, 0x20,
    0x7b, 0xb8, 0xe2, 0xf3, 0xfc, 0xf2, 0xdb, 0xb7,
    0x80, 0x3c, 0x1, 0x0,

    /* U+0066 "f" */
    0x0, 0x0, 0x0, 0x0, 0x0, 0x20, 0x85, 0xc7,
    0xed, 0xfb, 0xf3, 0xe1, 0xb7, 0x30, 0x0, 0x0,
    0x0, 0x0, 0x62, 0xf6, 0xff, 0xff, 0xff, 0xff,
    0xff, 0xff, 0xff, 0x50, 0x0, 0x0, 0x0, 0x41,
    0xfe, 0xff, 0xff, 0xff, 0xff, 0xff, 0xff, 0xff,
    0xff, 0x50, 0x0, 0x0, 0x0, 0xbc, 0xff, 0xff,
    0xff, 0xfe, 0x85, 0x34, 0x20, 0x2c, 0x50, 0x20,
    0x0, 0x0, 0x1, 0xf9, 0xff, 0xff, 0xff, 0xa8,
    0x0, 0x0, 0x0, 0x0, 0x0, 0x0, 0x0, 0x0,
    0x10, 0xff, 0xff, 0xff, 0xff, 0x75, 0x0, 0x0,
    0x0, 0x0, 0x0, 0x0, 0x14, 0xff, 0xff, 0xff,
    0xff, 0xff, 0xff, 0xff, 0xff, 0xff, 0xff, 0xff,
    0x14, 0x0, 0x14, 0xff, 0xff, 0xff, 0xff, 0xff,
    0xff, 0xff, 0xff, 0xff, 0xff, 0xff, 0x14, 0x0,
    0x14, 0xff, 0xff, 0xff, 0xff, 0xff, 0xff, 0xff,
    0xff, 0xff, 0xff, 0xff, 0x14, 0x0, 0x6, 0x58,
    0x65, 0xff, 0xff, 0xff, 0xff, 0xae, 0x58, 0x58,
    0x58, 0x58, 0x6, 0x0, 0x0, 0x0, 0x14, 0xff,
    0xff, 0xff, 0xff, 0x84, 0x0, 0x0, 0x0, 0x0,
    0x0, 0x0, 0x0, 0x0, 0x14, 0xff, 0xff, 0xff,
    0xff, 0x84, 0x0, 0x0, 0x0, 0x0, 0x0, 0x0,
    0x0, 0x0, 0x14, 0xff, 0xff, 0xff, 0xff, 0x84,
    0x0, 0x0, 0x0, 0x0, 0x0, 0x0, 0x0, 0x0,
    0x14, 0xff, 0xff, 0xff, 0xff, 0x84, 0x0, 0x0,
    0x0, 0x0, 0x0, 0x0, 0x0, 0x0, 0x14, 0xff,
    0xff, 0xff, 0xff, 0x84, 0x0, 0x0, 0x0, 0x0,
    0x0, 0x0, 0x0, 0x0, 0x14, 0xff, 0xff, 0xff,
    0xff, 0x84, 0x0, 0x0, 0x0, 0x0, 0x0, 0x0,
    0x0, 0x0, 0x14, 0xff, 0xff, 0xff, 0xff, 0x84,
    0x0, 0x0, 0x0, 0x0, 0x0, 0x0, 0x0, 0x0,
    0x14, 0xff, 0xff, 0xff, 0xff, 0x84, 0x0, 0x0,
    0x0, 0x0, 0x0, 0x0, 0x0, 0x0, 0x14, 0xff,
    0xff, 0xff, 0xff, 0x84, 0x0, 0x0, 0x0, 0x0,
    0x0, 0x0, 0x0, 0x0, 0x14, 0xff, 0xff, 0xff,
    0xff, 0x84, 0x0, 0x0, 0x0, 0x0, 0x0, 0x0,
    0x0, 0x0, 0x14, 0xff, 0xff, 0xff, 0xff, 0x84,
    0x0, 0x0, 0x0, 0x0, 0x0, 0x0, 0x0, 0x0,
    0x14, 0xff, 0xff, 0xff, 0xff, 0x84, 0x0, 0x0,
    0x0, 0x0, 0x0, 0x0, 0x0, 0x0, 0x14, 0xff,
    0xff, 0xff, 0xff, 0x84, 0x0, 0x0, 0x0, 0x0,
    0x0, 0x0, 0x0, 0x0, 0x14, 0xff, 0xff, 0xff,
    0xff, 0x84, 0x0, 0x0, 0x0, 0x0, 0x0, 0x0,

    /* U+0067 "g" */
    0x0, 0x0, 0x0, 0x0, 0x4, 0x62, 0xbe, 0xee,
    0xfc, 0xf0, 0xd0, 0x96, 0x40, 0xc3, 0xff, 0xff,
    0xff, 0x94, 0x0, 0x0, 0x0, 0x1b, 0xce, 0xff,
    0xff, 0xff, 0xff, 0xff, 0xff, 0xff, 0xff, 0xff,
    0xff, 0xff, 0xff, 0x94, 0x0, 0x0, 0x20, 0xe1,
    0xff, 0xff, 0xff, 0xff, 0xff, 0xff, 0xff, 0xff,
    0xff, 0xff, 0xff, 0xff, 0xff, 0x94, 0x0, 0x0,
    0xbc, 0xff, 0xff, 0xff, 0xff, 0xfc, 0xbd, 0x94,
    0xa3, 0xcb, 0xff, 0xff, 0xff, 0xff, 0xff, 0x94,
    0x0, 0x56, 0xff, 0xff, 0xff, 0xff, 0xe2, 0x2f,
    0x0, 0x0, 0x0, 0x0, 0x32, 0xff, 0xff, 0xff,
    0xff, 0x94, 0x0, 0xb6, 0xff, 0xff, 0xff, 0xfc,
    0x31, 0x0, 0x0, 0x0, 0x0, 0x0, 0x0, 0xff,
    0xff, 0xff, 0xff, 0x94, 0xf, 0xfa, 0xff, 0xff,
    0xff, 0xb1, 0x0, 0x0, 0x0, 0x0, 0x0, 0x0,
    0x0, 0xff, 0xff, 0xff, 0xff, 0x94, 0x33, 0xff,
    0xff, 0xff, 0xff, 0x6c, 0x0, 0x0, 0x0, 0x0,
    0x0, 0x0, 0x0, 0xff, 0xff, 0xff, 0xff, 0x94,
    0x4c, 0xff, 0xff, 0xff, 0xff, 0x4b, 0x0, 0x0,
    0x0, 0x0, 0x0, 0x0, 0x0, 0xff, 0xff, 0xff,
    0xff, 0x94, 0x5b, 0xff, 0xff, 0xff, 0xff, 0x43,
    0x0, 0x0, 0x0, 0x0, 0x0, 0x0, 0x0, 0xff,
    0xff, 0xff, 0xff, 0x94, 0x4e, 0xff, 0xff, 0xff,
    0xff, 0x51, 0x0, 0x0, 0x0, 0x0, 0x0, 0x0,
    0x0, 0xff, 0xff, 0xff, 0xff, 0x94, 0x35, 0xff,
    0xff, 0xff, 0xff, 0x77, 0x0, 0x0, 0x0, 0x0,
    0x0, 0x0, 0x0, 0xff, 0xff, 0xff, 0xff, 0x94,
    0x8, 0xfb, 0xff, 0xff, 0xff, 0xc3, 0x0, 0x0,
    0x0, 0x0, 0x0, 0x0, 0x0, 0xff, 0xff, 0xff,
    0xff, 0x94, 0x0, 0xb8, 0xff, 0xff, 0xff, 0xff,
    0x55, 0x0, 0x0, 0x0, 0x0, 0xe, 0xa1, 0xff,
    0xff, 0xff, 0xff, 0x94, 0x0, 0x4d, 0xff, 0xff,
    0xff, 0xff, 0xfb, 0x97, 0x53, 0x55, 0x8b, 0xeb,
    0xff, 0xff, 0xff, 0xff, 0xff, 0x94, 0x0, 0x0,
    0xaf, 0xff, 0xff, 0xff, 0xff, 0xff, 0xff, 0xff,
    0xff, 0xff, 0xff, 0xfe, 0xff, 0xff, 0xff, 0x8f,
    0x0, 0x0, 0xa, 0xb8, 0xff, 0xff, 0xff, 0xff,
    0xff, 0xff, 0xff, 0xef, 0x5a, 0xe0, 0xff, 0xff,
    0xff, 0x7e, 0x0, 0x0, 0x0, 0x0, 0x58, 0xb7,
    0xe9, 0xfa, 0xeb, 0xc0, 0x75, 0xf, 0x0, 0xed,
    0xff, 0xff, 0xff, 0x64, 0x0, 0x0, 0x0, 0x0,
    0x0, 0x0, 0x0, 0x0, 0x0, 0x0, 0x0, 0x0,
    0x28, 0xff, 0xff, 0xff, 0xff, 0x2a, 0x0, 0x0,
    0xa, 0x4, 0x0, 0x0, 0x0, 0x0, 0x0, 0x0,
    0x0, 0x8, 0xb9, 0xff, 0xff, 0xff, 0xd6, 0x1,
    0x0, 0x0, 0x80, 0xf1, 0xb9, 0x8d, 0x6f, 0x5b,
    0x53, 0x58, 0x7f, 0xdc, 0xff, 0xff, 0xff, 0xff,
    0x5a, 0x0, 0x0, 0x0, 0x80, 0xff, 0xff, 0xff,
    0xff, 0xff, 0xff, 0xff, 0xff, 0xff, 0xff, 0xff,
    0xff, 0x9d, 0x0, 0x0, 0x0, 0x0, 0x80, 0xff,
    0xff, 0xff, 0xff, 0xff, 0xff, 0xff, 0xff, 0xff,
    0xff, 0xf6, 0x79, 0x1, 0x0, 0x0, 0x0, 0x0,
    0x22, 0x6b, 0x9d, 0xca, 0xdf, 0xf0, 0xfc, 0xf1,
    0xde, 0xaf, 0x70, 0x13, 0x0, 0x0, 0x0, 0x0,

    /* U+0068 "h" */
    0x84, 0xff, 0xff, 0xff, 0xff, 0x10, 0x0, 0x0,
    0x0, 0x0, 0x0, 0x0, 0x0, 0x0, 0x0, 0x0,
    0x0, 0x84, 0xff, 0xff, 0xff, 0xff, 0x10, 0x0,
    0x0, 0x0, 0x0, 0x0, 0x0, 0x0, 0x0, 0x0,
    0x0, 0x0, 0x84, 0xff, 0xff, 0xff, 0xff, 0x10,
    0x0, 0x0, 0x0, 0x0, 0x0, 0x0, 0x0, 0x0,
    0x0, 0x0, 0x0, 0x84, 0xff, 0xff, 0xff, 0xff,
    0x10, 0x0, 0x0, 0x0, 0x0, 0x0, 0x0, 0x0,
    0x0, 0x0, 0x0, 0x0, 0x84, 0xff, 0xff, 0xff,
    0xff, 0x10, 0x0, 0x0, 0x0, 0x0, 0x0, 0x0,
    0x0, 0x0, 0x0, 0x0, 0x0, 0x84, 0xff, 0xff,
    0xff, 0xff, 0x10, 0x0, 0x0, 0x0, 0x0, 0x0,
    0x0, 0x0, 0x0, 0x0, 0x0, 0x0, 0x84, 0xff,
    0xff, 0xff, 0xff, 0x10, 0x0, 0x28, 0x89, 0xd2,
    0xf1, 0xf6, 0xd8, 0x91, 0x1d, 0x0, 0x0, 0x84,
    0xff, 0xff, 0xff, 0xff, 0x18, 0x94, 0xfc, 0xff,
    0xff, 0xff, 0xff, 0xff, 0xff, 0xf0, 0x40, 0x0,
    0x84, 0xff, 0xff, 0xff, 0xff, 0xd2, 0xff, 0xff,
    0xff, 0xff, 0xff, 0xff, 0xff, 0xff, 0xff, 0xeb,
    0x14, 0x84, 0xff, 0xff, 0xff, 0xff, 0xff, 0xff,
    0xff, 0xf7, 0xf7, 0xff, 0xff, 0xff, 0xff, 0xff,
    0xff, 0x7b, 0x84, 0xff, 0xff, 0xff, 0xff, 0xfa,
    0x94, 0x2d, 0x0, 0x3, 0x38, 0xdc, 0xff, 0xff,
    0xff, 0xff, 0xc1, 0x84, 0xff, 0xff, 0xff, 0xff,
    0x3c, 0x0, 0x0, 0x0, 0x0, 0x0, 0x39, 0xff,
    0xff, 0xff, 0xff, 0xe4, 0x84, 0xff, 0xff, 0xff,
    0xff, 0x10, 0x0, 0x0, 0x0, 0x0, 0x0, 0x0,
    0xee, 0xff, 0xff, 0xff, 0xf2, 0x84, 0xff, 0xff,
    0xff, 0xff, 0x10, 0x0, 0x0, 0x0, 0x0, 0x0,
    0x0, 0xd1, 0xff, 0xff, 0xff, 0xf4, 0x84, 0xff,
    0xff, 0xff, 0xff, 0x10, 0x0, 0x0, 0x0, 0x0,
    0x0, 0x0, 0xc8, 0xff, 0xff, 0xff, 0xf4, 0x84,
    0xff, 0xff, 0xff, 0xff, 0x10, 0x0, 0x0, 0x0,
    0x0, 0x0, 0x0, 0xc8, 0xff, 0xff, 0xff, 0xf4,
    0x84, 0xff, 0xff, 0xff, 0xff, 0x10, 0x0, 0x0,
    0x0, 0x0, 0x0, 0x0, 0xc8, 0xff, 0xff, 0xff,
    0xf4, 0x84, 0xff, 0xff, 0xff, 0xff, 0x10, 0x0,
    0x0, 0x0, 0x0, 0x0, 0x0, 0xc8, 0xff, 0xff,
    0xff, 0xf4, 0x84, 0xff, 0xff, 0xff, 0xff, 0x10,
    0x0, 0x0, 0x0, 0x0, 0x0, 0x0, 0xc8, 0xff,
    0xff, 0xff, 0xf4, 0x84, 0xff, 0xff, 0xff, 0xff,
    0x10, 0x0, 0x0, 0x0, 0x0, 0x0, 0x0, 0xc8,
    0xff, 0xff, 0xff, 0xf4, 0x84, 0xff, 0xff, 0xff,
    0xff, 0x10, 0x0, 0x0, 0x0, 0x0, 0x0, 0x0,
    0xc8, 0xff, 0xff, 0xff, 0xf4, 0x84, 0xff, 0xff,
    0xff, 0xff, 0x10, 0x0, 0x0, 0x0, 0x0, 0x0,
    0x0, 0xc8, 0xff, 0xff, 0xff, 0xf4, 0x84, 0xff,
    0xff, 0xff, 0xff, 0x10, 0x0, 0x0, 0x0, 0x0,
    0x0, 0x0, 0xc8, 0xff, 0xff, 0xff, 0xf4, 0x84,
    0xff, 0xff, 0xff, 0xff, 0x10, 0x0, 0x0, 0x0,
    0x0, 0x0, 0x0, 0xc8, 0xff, 0xff, 0xff, 0xf4,

    /* U+0069 "i" */
    0x78, 0xff, 0xff, 0xff, 0xff, 0x98, 0x78, 0xff,
    0xff, 0xff, 0xff, 0x98, 0x78, 0xff, 0xff, 0xff,
    0xff, 0x98, 0x61, 0xd0, 0xd0, 0xd0, 0xd0, 0x7b,
    0x0, 0x0, 0x0, 0x0, 0x0, 0x0, 0x0, 0x0,
    0x0, 0x0, 0x0, 0x0, 0x4c, 0xff, 0xff, 0xff,
    0xff, 0x6c, 0x4c, 0xff, 0xff, 0xff, 0xff, 0x6c,
    0x4c, 0xff, 0xff, 0xff, 0xff, 0x6c, 0x4c, 0xff,
    0xff, 0xff, 0xff, 0x6c, 0x4c, 0xff, 0xff, 0xff,
    0xff, 0x6c, 0x4c, 0xff, 0xff, 0xff, 0xff, 0x6c,
    0x4c, 0xff, 0xff, 0xff, 0xff, 0x6c, 0x4c, 0xff,
    0xff, 0xff, 0xff, 0x6c, 0x4c, 0xff, 0xff, 0xff,
    0xff, 0x6c, 0x4c, 0xff, 0xff, 0xff, 0xff, 0x6c,
    0x4c, 0xff, 0xff, 0xff, 0xff, 0x6c, 0x4c, 0xff,
    0xff, 0xff, 0xff, 0x6c, 0x4c, 0xff, 0xff, 0xff,
    0xff, 0x6c, 0x4c, 0xff, 0xff, 0xff, 0xff, 0x6c,
    0x4c, 0xff, 0xff, 0xff, 0xff, 0x6c, 0x4c, 0xff,
    0xff, 0xff, 0xff, 0x6c, 0x4c, 0xff, 0xff, 0xff,
    0xff, 0x6c, 0x4c, 0xff, 0xff, 0xff, 0xff, 0x6c,

    /* U+006A "j" */
    0x0, 0x0, 0x0, 0x0, 0x0, 0x78, 0xff, 0xff,
    0xff, 0xff, 0x94, 0x0, 0x0, 0x0, 0x0, 0x0,
    0x78, 0xff, 0xff, 0xff, 0xff, 0x94, 0x0, 0x0,
    0x0, 0x0, 0x0, 0x78, 0xff, 0xff, 0xff, 0xff,
    0x94, 0x0, 0x0, 0x0, 0x0, 0x0, 0x61, 0xd0,
    0xd0, 0xd0, 0xd0, 0x78, 0x0, 0x0, 0x0, 0x0,
    0x0, 0x0, 0x0, 0x0, 0x0, 0x0, 0x0, 0x0,
    0x0, 0x0, 0x0, 0x0, 0x0, 0x0, 0x0, 0x0,
    0x0, 0x0, 0x0, 0x0, 0xac, 0xff, 0xff, 0xff,
    0xff, 0xff, 0xff, 0xff, 0x5c, 0x0, 0x0, 0xac,
    0xff, 0xff, 0xff, 0xff, 0xff, 0xff, 0xff, 0x5c,
    0x0, 0x0, 0xac, 0xff, 0xff, 0xff, 0xff, 0xff,
    0xff, 0xff, 0x5c, 0x0, 0x0, 0x38, 0x54, 0x54,
    0x8c, 0xff, 0xff, 0xff, 0xff, 0x5c, 0x0, 0x0,
    0x0, 0x0, 0x0, 0x54, 0xff, 0xff, 0xff, 0xff,
    0x5c, 0x0, 0x0, 0x0, 0x0, 0x0, 0x54, 0xff,
    0xff, 0xff, 0xff, 0x5c, 0x0, 0x0, 0x0, 0x0,
    0x0, 0x54, 0xff, 0xff, 0xff, 0xff, 0x5c, 0x0,
    0x0, 0x0, 0x0, 0x0, 0x54, 0xff, 0xff, 0xff,
    0xff, 0x5c, 0x0, 0x0, 0x0, 0x0, 0x0, 0x54,
    0xff, 0xff, 0xff, 0xff, 0x5c, 0x0, 0x0, 0x0,
    0x0, 0x0, 0x54, 0xff, 0xff, 0xff, 0xff, 0x5c,
    0x0, 0x0, 0x0, 0x0, 0x0, 0x54, 0xff, 0xff,
    0xff, 0xff, 0x5c, 0x0, 0x0, 0x0, 0x0, 0x0,
    0x54, 0xff, 0xff, 0xff, 0xff, 0x5c, 0x0, 0x0,
    0x0, 0x0, 0x0, 0x54, 0xff, 0xff, 0xff, 0xff,
    0x5c, 0x0, 0x0, 0x0, 0x0, 0x0, 0x54, 0xff,
    0xff, 0xff, 0xff, 0x5c, 0x0, 0x0, 0x0, 0x0,
    0x0, 0x54, 0xff, 0xff, 0xff, 0xff, 0x5c, 0x0,
    0x0, 0x0, 0x0, 0x0, 0x54, 0xff, 0xff, 0xff,
    0xff, 0x5c, 0x0, 0x0, 0x0, 0x0, 0x0, 0x57,
    0xff, 0xff, 0xff, 0xff, 0x5c, 0x0, 0x0, 0x0,
    0x0, 0x0, 0x64, 0xff, 0xff, 0xff, 0xff, 0x5c,
    0x0, 0x0, 0x0, 0x0, 0x0, 0x89, 0xff, 0xff,
    0xff, 0xff, 0x52, 0x0, 0x0, 0x0, 0x0, 0xd,
    0xe3, 0xff, 0xff, 0xff, 0xff, 0x34, 0xb2, 0x81,
    0x63, 0x73, 0xd5, 0xff, 0xff, 0xff, 0xff, 0xe8,
    0x3, 0xec, 0xff, 0xff, 0xff, 0xff, 0xff, 0xff,
    0xff, 0xff, 0x69, 0x0, 0xec, 0xff, 0xff, 0xff,
    0xff, 0xff, 0xff, 0xff, 0x8a, 0x0, 0x0, 0xa1,
    0xd8, 0xed, 0xfb, 0xf4, 0xd9, 0x9e, 0x37, 0x0,
    0x0, 0x0,

    /* U+006B "k" */
    0x84, 0xff, 0xff, 0xff, 0xff, 0x14, 0x0, 0x0,
    0x0, 0x0, 0x0, 0x0, 0x0, 0x0, 0x0, 0x0,
    0x0, 0x0, 0x0, 0x84, 0xff, 0xff, 0xff, 0xff,
    0x14, 0x0, 0x0, 0x0, 0x0, 0x0, 0x0, 0x0,
    0x0, 0x0, 0x0, 0x0, 0x0, 0x0, 0x84, 0xff,
    0xff, 0xff, 0xff, 0x14, 0x0, 0x0, 0x0, 0x0,
    0x0, 0x0, 0x0, 0x0, 0x0, 0x0, 0x0, 0x0,
    0x0, 0x84, 0xff, 0xff, 0xff, 0xff, 0x14, 0x0,
    0x0, 0x0, 0x0, 0x0, 0x0, 0x0, 0x0, 0x0,
    0x0, 0x0, 0x0, 0x0, 0x84, 0xff, 0xff, 0xff,
    0xff, 0x14, 0x0, 0x0, 0x0, 0x0, 0x0, 0x0,
    0x0, 0x0, 0x0, 0x0, 0x0, 0x0, 0x0, 0x84,
    0xff, 0xff, 0xff, 0xff, 0x14, 0x0, 0x0, 0x0,
    0x0, 0x0, 0x0, 0x0, 0x0, 0x0, 0x0, 0x0,
    0x0, 0x0, 0x84, 0xff, 0xff, 0xff, 0xff, 0x14,
    0x0, 0x0, 0x0, 0x0, 0x0, 0x88, 0xff, 0xff,
    0xff, 0xff, 0x70, 0x0, 0x0, 0x84, 0xff, 0xff,
    0xff, 0xff, 0x14, 0x0, 0x0, 0x0, 0x0, 0x66,
    0xff, 0xff, 0xff, 0xff, 0x93, 0x0, 0x0, 0x0,
    0x84, 0xff, 0xff, 0xff, 0xff, 0x14, 0x0, 0x0,
    0x0, 0x49, 0xfb, 0xff, 0xff, 0xff, 0xb3, 0x3,
    0x0, 0x0, 0x0, 0x84, 0xff, 0xff, 0xff, 0xff,
    0x14, 0x0, 0x0, 0x30, 0xf3, 0xff, 0xff, 0xff,
    0xcc, 0xb, 0x0, 0x0, 0x0, 0x0, 0x84, 0xff,
    0xff, 0xff, 0xff, 0x14, 0x0, 0x1d, 0xe5, 0xff,
    0xff, 0xff, 0xe1, 0x19, 0x0, 0x0, 0x0, 0x0,
    0x0, 0x84, 0xff, 0xff, 0xff, 0xff, 0x14, 0xe,
    0xd3, 0xff, 0xff, 0xff, 0xf0, 0x2b, 0x0, 0x0,
    0x0, 0x0, 0x0, 0x0, 0x84, 0xff, 0xff, 0xff,
    0xff, 0x19, 0xbb, 0xff, 0xff, 0xff, 0xfa, 0x44,
    0x0, 0x0, 0x0, 0x0, 0x0, 0x0, 0x0, 0x84,
    0xff, 0xff, 0xff, 0xff, 0xb0, 0xff, 0xff, 0xff,
    0xff, 0x6a, 0x0, 0x0, 0x0, 0x0, 0x0, 0x0,
    0x0, 0x0, 0x84, 0xff, 0xff, 0xff, 0xff, 0xff,
    0xff, 0xff, 0xff, 0xff, 0xab, 0x0, 0x0, 0x0,
    0x0, 0x0, 0x0, 0x0, 0x0, 0x84, 0xff, 0xff,
    0xff, 0xff, 0xff, 0xff, 0xff, 0xff, 0xff, 0xff,
    0x75, 0x0, 0x0, 0x0, 0x0, 0x0, 0x0, 0x0,
    0x84, 0xff, 0xff, 0xff, 0xff, 0xff, 0xb1, 0xf7,
    0xff, 0xff, 0xff, 0xfc, 0x40, 0x0, 0x0, 0x0,
    0x0, 0x0, 0x0, 0x84, 0xff, 0xff, 0xff, 0xff,
    0xa8, 0x2, 0x60, 0xff, 0xff, 0xff, 0xff, 0xe9,
    0x1b, 0x0, 0x0, 0x0, 0x0, 0x0, 0x84, 0xff,
    0xff, 0xff, 0xff, 0x15, 0x0, 0x0, 0x95, 0xff,
    0xff, 0xff, 0xff, 0xc7, 0x6, 0x0, 0x0, 0x0,
    0x0, 0x84, 0xff, 0xff, 0xff, 0xff, 0x14, 0x0,
    0x0, 0x5, 0xc4, 0xff, 0xff, 0xff, 0xff, 0x96,
    0x0, 0x0, 0x0, 0x0, 0x84, 0xff, 0xff, 0xff,
    0xff, 0x14, 0x0, 0x0, 0x0, 0x19, 0xe6, 0xff,
    0xff, 0xff, 0xff, 0x5e, 0x0, 0x0, 0x0, 0x84,
    0xff, 0xff, 0xff, 0xff, 0x14, 0x0, 0x0, 0x0,
    0x0, 0x3a, 0xf9, 0xff, 0xff, 0xff, 0xf6, 0x30,
    0x0, 0x0, 0x84, 0xff, 0xff, 0xff, 0xff, 0x14,
    0x0, 0x0, 0x0, 0x0, 0x0, 0x69, 0xff, 0xff,
    0xff, 0xff, 0xdd, 0x11, 0x0, 0x84, 0xff, 0xff,
    0xff, 0xff, 0x14, 0x0, 0x0, 0x0, 0x0, 0x0,
    0x0, 0x9d, 0xff, 0xff, 0xff, 0xff, 0xb5, 0x1,

    /* U+006C "l" */
    0x58, 0xff, 0xff, 0xff, 0xff, 0x3c, 0x58, 0xff,
    0xff, 0xff, 0xff, 0x3c, 0x58, 0xff, 0xff, 0xff,
    0xff, 0x3c, 0x58, 0xff, 0xff, 0xff, 0xff, 0x3c,
    0x58, 0xff, 0xff, 0xff, 0xff, 0x3c, 0x58, 0xff,
    0xff, 0xff, 0xff, 0x3c, 0x58, 0xff, 0xff, 0xff,
    0xff, 0x3c, 0x58, 0xff, 0xff, 0xff, 0xff, 0x3c,
    0x58, 0xff, 0xff, 0xff, 0xff, 0x3c, 0x58, 0xff,
    0xff, 0xff, 0xff, 0x3c, 0x58, 0xff, 0xff, 0xff,
    0xff, 0x3c, 0x58, 0xff, 0xff, 0xff, 0xff, 0x3c,
    0x58, 0xff, 0xff, 0xff, 0xff, 0x3c, 0x58, 0xff,
    0xff, 0xff, 0xff, 0x3c, 0x58, 0xff, 0xff, 0xff,
    0xff, 0x3c, 0x58, 0xff, 0xff, 0xff, 0xff, 0x3c,
    0x58, 0xff, 0xff, 0xff, 0xff, 0x3c, 0x58, 0xff,
    0xff, 0xff, 0xff, 0x3c, 0x58, 0xff, 0xff, 0xff,
    0xff, 0x3c, 0x58, 0xff, 0xff, 0xff, 0xff, 0x3c,
    0x58, 0xff, 0xff, 0xff, 0xff, 0x3c, 0x58, 0xff,
    0xff, 0xff, 0xff, 0x3c, 0x58, 0xff, 0xff, 0xff,
    0xff, 0x3c, 0x58, 0xff, 0xff, 0xff, 0xff, 0x3c,

    /* U+006D "m" */
    0x84, 0xff, 0xff, 0xff, 0xff, 0x4, 0x0, 0x4a,
    0xa4, 0xdf, 0xf7, 0xe8, 0xc3, 0x67, 0x5, 0x0,
    0x0, 0x0, 0x15, 0x77, 0xc9, 0xec, 0xf7, 0xdd,
    0x99, 0x25, 0x0, 0x0, 0x84, 0xff, 0xff, 0xff,
    0xff, 0x26, 0xc6, 0xff, 0xff, 0xff, 0xff, 0xff,
    0xff, 0xff, 0xbf, 0xd, 0x0, 0x5f, 0xed, 0xff,
    0xff, 0xff, 0xff, 0xff, 0xff, 0xf6, 0x4b, 0x0,
    0x84, 0xff, 0xff, 0xff, 0xff, 0xed, 0xff, 0xff,
    0xff, 0xff, 0xff, 0xff, 0xff, 0xff, 0xff, 0x92,
    0x83, 0xff, 0xff, 0xff, 0xff, 0xff, 0xff, 0xff,
    0xff, 0xff, 0xf1, 0x1a, 0x84, 0xff, 0xff, 0xff,
    0xff, 0xff, 0xff, 0xff, 0xf3, 0xf6, 0xff, 0xff,
    0xff, 0xff, 0xff, 0xff, 0xff, 0xff, 0xff, 0xfc,
    0xee, 0xfe, 0xff, 0xff, 0xff, 0xff, 0xff, 0x83,
    0x84, 0xff, 0xff, 0xff, 0xff, 0xf4, 0x82, 0x23,
    0x0, 0x2, 0x51, 0xf5, 0xff, 0xff, 0xff, 0xff,
    0xff, 0xc3, 0x4d, 0x7, 0x0, 0x1a, 0xb7, 0xff,
    0xff, 0xff, 0xff, 0xc7, 0x84, 0xff, 0xff, 0xff,
    0xff, 0x2a, 0x0, 0x0, 0x0, 0x0, 0x0, 0x84,
    0xff, 0xff, 0xff, 0xff, 0x99, 0x1, 0x0, 0x0,
    0x0, 0x0, 0x14, 0xf8, 0xff, 0xff, 0xff, 0xe8,
    0x84, 0xff, 0xff, 0xff, 0xff, 0x4, 0x0, 0x0,
    0x0, 0x0, 0x0, 0x3b, 0xff, 0xff, 0xff, 0xff,
    0x7a, 0x0, 0x0, 0x0, 0x0, 0x0, 0x0, 0xc3,
    0xff, 0xff, 0xff, 0xf6, 0x84, 0xff, 0xff, 0xff,
    0xff, 0x4, 0x0, 0x0, 0x0, 0x0, 0x0, 0x1d,
    0xff, 0xff, 0xff, 0xff, 0x80, 0x0, 0x0, 0x0,
    0x0, 0x0, 0x0, 0xa5, 0xff, 0xff, 0xff, 0xf8,
    0x84, 0xff, 0xff, 0xff, 0xff, 0x4, 0x0, 0x0,
    0x0, 0x0, 0x0, 0x14, 0xff, 0xff, 0xff, 0xff,
    0x80, 0x0, 0x0, 0x0, 0x0, 0x0, 0x0, 0x9c,
    0xff, 0xff, 0xff, 0xf8, 0x84, 0xff, 0xff, 0xff,
    0xff, 0x4, 0x0, 0x0, 0x0, 0x0, 0x0, 0x14,
    0xff, 0xff, 0xff, 0xff, 0x80, 0x0, 0x0, 0x0,
    0x0, 0x0, 0x0, 0x9c, 0xff, 0xff, 0xff, 0xf8,
    0x84, 0xff, 0xff, 0xff, 0xff, 0x4, 0x0, 0x0,
    0x0, 0x0, 0x0, 0x14, 0xff, 0xff, 0xff, 0xff,
    0x80, 0x0, 0x0, 0x0, 0x0, 0x0, 0x0, 0x9c,
    0xff, 0xff, 0xff, 0xf8, 0x84, 0xff, 0xff, 0xff,
    0xff, 0x4, 0x0, 0x0, 0x0, 0x0, 0x0, 0x14,
    0xff, 0xff, 0xff, 0xff, 0x80, 0x0, 0x0, 0x0,
    0x0, 0x0, 0x0, 0x9c, 0xff, 0xff, 0xff, 0xf8,
    0x84, 0xff, 0xff, 0xff, 0xff, 0x4, 0x0, 0x0,
    0x0, 0x0, 0x0, 0x14, 0xff, 0xff, 0xff, 0xff,
    0x80, 0x0, 0x0, 0x0, 0x0, 0x0, 0x0, 0x9c,
    0xff, 0xff, 0xff, 0xf8, 0x84, 0xff, 0xff, 0xff,
    0xff, 0x4, 0x0, 0x0, 0x0, 0x0, 0x0, 0x14,
    0xff, 0xff, 0xff, 0xff, 0x80, 0x0, 0x0, 0x0,
    0x0, 0x0, 0x0, 0x9c, 0xff, 0xff, 0xff, 0xf8,
    0x84, 0xff, 0xff, 0xff, 0xff, 0x4, 0x0, 0x0,
    0x0, 0x0, 0x0, 0x14, 0xff, 0xff, 0xff, 0xff,
    0x80, 0x0, 0x0, 0x0, 0x0, 0x0, 0x0, 0x9c,
    0xff, 0xff, 0xff, 0xf8, 0x84, 0xff, 0xff, 0xff,
    0xff, 0x4, 0x0, 0x0, 0x0, 0x0, 0x0, 0x14,
    0xff, 0xff, 0xff, 0xff, 0x80, 0x0, 0x0, 0x0,
    0x0, 0x0, 0x0, 0x9c, 0xff, 0xff, 0xff, 0xf8,
    0x84, 0xff, 0xff, 0xff, 0xff, 0x4, 0x0, 0x0,
    0x0, 0x0, 0x0, 0x14, 0xff, 0xff, 0xff, 0xff,
    0x80, 0x0, 0x0, 0x0, 0x0, 0x0, 0x0, 0x9c,
    0xff, 0xff, 0xff, 0xf8, 0x84, 0xff, 0xff, 0xff,
    0xff, 0x4, 0x0, 0x0, 0x0, 0x0, 0x0, 0x14,
    0xff, 0xff, 0xff, 0xff, 0x80, 0x0, 0x0, 0x0,
    0x0, 0x0, 0x0, 0x9c, 0xff, 0xff, 0xff, 0xf8,

    /* U+006E "n" */
    0x84, 0xff, 0xff, 0xff, 0xff, 0x10, 0x0, 0x39,
    0x95, 0xd8, 0xf5, 0xf3, 0xd0, 0x82, 0x12, 0x0,
    0x0, 0x84, 0xff, 0xff, 0xff, 0xff, 0x29, 0xb6,
    0xff, 0xff, 0xff, 0xff, 0xff, 0xff, 0xff, 0xe3,
    0x29, 0x0, 0x84, 0xff, 0xff, 0xff, 0xff, 0xec,
    0xff, 0xff, 0xff, 0xff, 0xff, 0xff, 0xff, 0xff,
    0xff, 0xd7, 0x4, 0x84, 0xff, 0xff, 0xff, 0xff,
    0xff, 0xff, 0xff, 0xf8, 0xf6, 0xff, 0xff, 0xff,
    0xff, 0xff, 0xff, 0x56, 0x84, 0xff, 0xff, 0xff,
    0xff, 0xf7, 0x90, 0x30, 0x0, 0x2, 0x37, 0xdc,
    0xff, 0xff, 0xff, 0xff, 0x9d, 0x84, 0xff, 0xff,
    0xff, 0xff, 0x36, 0x0, 0x0, 0x0, 0x0, 0x0,
    0x39, 0xff, 0xff, 0xff, 0xff, 0xc0, 0x84, 0xff,
    0xff, 0xff, 0xff, 0x10, 0x0, 0x0, 0x0, 0x0,
    0x0, 0x0, 0xee, 0xff, 0xff, 0xff, 0xce, 0x84,
    0xff, 0xff, 0xff, 0xff, 0x10, 0x0, 0x0, 0x0,
    0x0, 0x0, 0x0, 0xd1, 0xff, 0xff, 0xff, 0xd0,
    0x84, 0xff, 0xff, 0xff, 0xff, 0x10, 0x0, 0x0,
    0x0, 0x0, 0x0, 0x0, 0xc8, 0xff, 0xff, 0xff,
    0xd0, 0x84, 0xff, 0xff, 0xff, 0xff, 0x10, 0x0,
    0x0, 0x0, 0x0, 0x0, 0x0, 0xc8, 0xff, 0xff,
    0xff, 0xd0, 0x84, 0xff, 0xff, 0xff, 0xff, 0x10,
    0x0, 0x0, 0x0, 0x0, 0x0, 0x0, 0xc8, 0xff,
    0xff, 0xff, 0xd0, 0x84, 0xff, 0xff, 0xff, 0xff,
    0x10, 0x0, 0x0, 0x0, 0x0, 0x0, 0x0, 0xc8,
    0xff, 0xff, 0xff, 0xd0, 0x84, 0xff, 0xff, 0xff,
    0xff, 0x10, 0x0, 0x0, 0x0, 0x0, 0x0, 0x0,
    0xc8, 0xff, 0xff, 0xff, 0xd0, 0x84, 0xff, 0xff,
    0xff, 0xff, 0x10, 0x0, 0x0, 0x0, 0x0, 0x0,
    0x0, 0xc8, 0xff, 0xff, 0xff, 0xd0, 0x84, 0xff,
    0xff, 0xff, 0xff, 0x10, 0x0, 0x0, 0x0, 0x0,
    0x0, 0x0, 0xc8, 0xff, 0xff, 0xff, 0xd0, 0x84,
    0xff, 0xff, 0xff, 0xff, 0x10, 0x0, 0x0, 0x0,
    0x0, 0x0, 0x0, 0xc8, 0xff, 0xff, 0xff, 0xd0,
    0x84, 0xff, 0xff, 0xff, 0xff, 0x10, 0x0, 0x0,
    0x0, 0x0, 0x0, 0x0, 0xc8, 0xff, 0xff, 0xff,
    0xd0, 0x84, 0xff, 0xff, 0xff, 0xff, 0x10, 0x0,
    0x0, 0x0, 0x0, 0x0, 0x0, 0xc8, 0xff, 0xff,
    0xff, 0xd0,

    /* U+006F "o" */
    0x0, 0x0, 0x0, 0x0, 0x0, 0x35, 0x93, 0xd0,
    0xf2, 0xfb, 0xea, 0xce, 0x90, 0x38, 0x0, 0x0,
    0x0, 0x0, 0x0, 0x0, 0x0, 0x0, 0xd, 0xa7,
    0xff, 0xff, 0xff, 0xff, 0xff, 0xff, 0xff, 0xff,
    0xff, 0xb5, 0x16, 0x0, 0x0, 0x0, 0x0, 0x0,
    0x1c, 0xda, 0xff, 0xff, 0xff, 0xff, 0xff, 0xff,
    0xff, 0xff, 0xff, 0xff, 0xff, 0xe2, 0x1f, 0x0,
    0x0, 0x0, 0x3, 0xc2, 0xff, 0xff, 0xff, 0xff,
    0xd6, 0x8a, 0x76, 0x93, 0xe6, 0xff, 0xff, 0xff,
    0xff, 0xcc, 0x5, 0x0, 0x0, 0x72, 0xff, 0xff,
    0xff, 0xff, 0x8b, 0x3, 0x0, 0x0, 0x0, 0xc,
    0xb4, 0xff, 0xff, 0xff, 0xff, 0x64, 0x0, 0x1,
    0xe2, 0xff, 0xff, 0xff, 0xc9, 0x1, 0x0, 0x0,
    0x0, 0x0, 0x0, 0x10, 0xeb, 0xff, 0xff, 0xff,
    0xd0, 0x0, 0x30, 0xff, 0xff, 0xff, 0xff, 0x65,
    0x0, 0x0, 0x0, 0x0, 0x0, 0x0, 0x0, 0x8f,
    0xff, 0xff, 0xff, 0xfe, 0x14, 0x60, 0xff, 0xff,
    0xff, 0xff, 0x2e, 0x0, 0x0, 0x0, 0x0, 0x0,
    0x0, 0x0, 0x55, 0xff, 0xff, 0xff, 0xff, 0x3e,
    0x75, 0xff, 0xff, 0xff, 0xff, 0x17, 0x0, 0x0,
    0x0, 0x0, 0x0, 0x0, 0x0, 0x3d, 0xff, 0xff,
    0xff, 0xff, 0x52, 0x73, 0xff, 0xff, 0xff, 0xff,
    0x15, 0x0, 0x0, 0x0, 0x0, 0x0, 0x0, 0x0,
    0x3a, 0xff, 0xff, 0xff, 0xff, 0x51, 0x5f, 0xff,
    0xff, 0xff, 0xff, 0x2a, 0x0, 0x0, 0x0, 0x0,
    0x0, 0x0, 0x0, 0x50, 0xff, 0xff, 0xff, 0xff,
    0x3e, 0x34, 0xff, 0xff, 0xff, 0xff, 0x5e, 0x0,
    0x0, 0x0, 0x0, 0x0, 0x0, 0x0, 0x84, 0xff,
    0xff, 0xff, 0xfe, 0x15, 0x3, 0xee, 0xff, 0xff,
    0xff, 0xbf, 0x0, 0x0, 0x0, 0x0, 0x0, 0x0,
    0x7, 0xe0, 0xff, 0xff, 0xff, 0xd0, 0x0, 0x0,
    0x86, 0xff, 0xff, 0xff, 0xff, 0x72, 0x0, 0x0,
    0x0, 0x0, 0x2, 0x99, 0xff, 0xff, 0xff, 0xff,
    0x65, 0x0, 0x0, 0x12, 0xe3, 0xff, 0xff, 0xff,
    0xff, 0xbb, 0x69, 0x55, 0x72, 0xcd, 0xff, 0xff,
    0xff, 0xff, 0xce, 0x6, 0x0, 0x0, 0x0, 0x35,
    0xf0, 0xff, 0xff, 0xff, 0xff, 0xff, 0xff, 0xff,
    0xff, 0xff, 0xff, 0xff, 0xe4, 0x21, 0x0, 0x0,
    0x0, 0x0, 0x0, 0x26, 0xcb, 0xff, 0xff, 0xff,
    0xff, 0xff, 0xff, 0xff, 0xff, 0xff, 0xb9, 0x18,
    0x0, 0x0, 0x0, 0x0, 0x0, 0x0, 0x0, 0x0,
    0x49, 0x9b, 0xd6, 0xee, 0xfb, 0xeb, 0xcf, 0x92,
    0x3a, 0x0, 0x0, 0x0, 0x0, 0x0,

    /* U+0070 "p" */
    0x84, 0xff, 0xff, 0xff, 0xff, 0x10, 0x0, 0x44,
    0xa6, 0xe2, 0xf9, 0xea, 0xbc, 0x60, 0x2, 0x0,
    0x0, 0x0, 0x84, 0xff, 0xff, 0xff, 0xff, 0x2b,
    0xbb, 0xff, 0xff, 0xff, 0xff, 0xff, 0xff, 0xff,
    0xc4, 0xf, 0x0, 0x0, 0x84, 0xff, 0xff, 0xff,
    0xff, 0xf2, 0xff, 0xff, 0xff, 0xff, 0xff, 0xff,
    0xff, 0xff, 0xff, 0xc0, 0x1, 0x0, 0x84, 0xff,
    0xff, 0xff, 0xff, 0xff, 0xff, 0xf5, 0xd0, 0xcf,
    0xf9, 0xff, 0xff, 0xff, 0xff, 0xff, 0x5f, 0x0,
    0x84, 0xff, 0xff, 0xff, 0xff, 0xe2, 0x5d, 0x7,
    0x0, 0x0, 0x10, 0xaa, 0xff, 0xff, 0xff, 0xff,
    0xc8, 0x0, 0x84, 0xff, 0xff, 0xff, 0xff, 0x18,
    0x0, 0x0, 0x0, 0x0, 0x0, 0x5, 0xdc, 0xff,
    0xff, 0xff, 0xff, 0x12, 0x84, 0xff, 0xff, 0xff,
    0xff, 0xc, 0x0, 0x0, 0x0, 0x0, 0x0, 0x0,
    0x7a, 0xff, 0xff, 0xff, 0xff, 0x42, 0x84, 0xff,
    0xff, 0xff, 0xff, 0xc, 0x0, 0x0, 0x0, 0x0,
    0x0, 0x0, 0x45, 0xff, 0xff, 0xff, 0xff, 0x5a,
    0x84, 0xff, 0xff, 0xff, 0xff, 0xc, 0x0, 0x0,
    0x0, 0x0, 0x0, 0x0, 0x2f, 0xff, 0xff, 0xff,
    0xff, 0x67, 0x84, 0xff, 0xff, 0xff, 0xff, 0xc,
    0x0, 0x0, 0x0, 0x0, 0x0, 0x0, 0x2f, 0xff,
    0xff, 0xff, 0xff, 0x57, 0x84, 0xff, 0xff, 0xff,
    0xff, 0xc, 0x0, 0x0, 0x0, 0x0, 0x0, 0x0,
    0x47, 0xff, 0xff, 0xff, 0xff, 0x3e, 0x84, 0xff,
    0xff, 0xff, 0xff, 0xc, 0x0, 0x0, 0x0, 0x0,
    0x0, 0x0, 0x81, 0xff, 0xff, 0xff, 0xfe, 0x18,
    0x84, 0xff, 0xff, 0xff, 0xff, 0xc, 0x0, 0x0,
    0x0, 0x0, 0x0, 0xa, 0xe2, 0xff, 0xff, 0xff,
    0xc5, 0x0, 0x84, 0xff, 0xff, 0xff, 0xff, 0x12,
    0x0, 0x0, 0x0, 0x0, 0x7, 0xa9, 0xff, 0xff,
    0xff, 0xff, 0x69, 0x0, 0x84, 0xff, 0xff, 0xff,
    0xff, 0xee, 0x9b, 0x75, 0x66, 0x87, 0xdf, 0xff,
    0xff, 0xff, 0xff, 0xd0, 0x4, 0x0, 0x84, 0xff,
    0xff, 0xff, 0xff, 0xff, 0xff, 0xff, 0xff, 0xff,
    0xff, 0xff, 0xff, 0xff, 0xee, 0x31, 0x0, 0x0,
    0x84, 0xff, 0xff, 0xff, 0xff, 0xf2, 0xff, 0xff,
    0xff, 0xff, 0xff, 0xff, 0xff, 0xdf, 0x2a, 0x0,
    0x0, 0x0, 0x84, 0xff, 0xff, 0xff, 0xff, 0x1e,
    0x70, 0xc0, 0xec, 0xfc, 0xf1, 0xc4, 0x70, 0xa,
    0x0, 0x0, 0x0, 0x0, 0x84, 0xff, 0xff, 0xff,
    0xff, 0x10, 0x0, 0x0, 0x0, 0x0, 0x0, 0x0,
    0x0, 0x0, 0x0, 0x0, 0x0, 0x0, 0x84, 0xff,
    0xff, 0xff, 0xff, 0x10, 0x0, 0x0, 0x0, 0x0,
    0x0, 0x0, 0x0, 0x0, 0x0, 0x0, 0x0, 0x0,
    0x84, 0xff, 0xff, 0xff, 0xff, 0x10, 0x0, 0x0,
    0x0, 0x0, 0x0, 0x0, 0x0, 0x0, 0x0, 0x0,
    0x0, 0x0, 0x84, 0xff, 0xff, 0xff, 0xff, 0x10,
    0x0, 0x0, 0x0, 0x0, 0x0, 0x0, 0x0, 0x0,
    0x0, 0x0, 0x0, 0x0, 0x84, 0xff, 0xff, 0xff,
    0xff, 0x10, 0x0, 0x0, 0x0, 0x0, 0x0, 0x0,
    0x0, 0x0, 0x0, 0x0, 0x0, 0x0, 0x84, 0xff,
    0xff, 0xff, 0xff, 0x10, 0x0, 0x0, 0x0, 0x0,
    0x0, 0x0, 0x0, 0x0, 0x0, 0x0, 0x0, 0x0,

    /* U+0071 "q" */
    0x0, 0x0, 0x0, 0x0, 0x9, 0x6c, 0xc2, 0xef,
    0xfb, 0xee, 0xc8, 0x86, 0x2f, 0xf8, 0xff, 0xff,
    0xff, 0x80, 0x0, 0x0, 0x0, 0x29, 0xdd, 0xff,
    0xff, 0xff, 0xff, 0xff, 0xff, 0xff, 0xff, 0xff,
    0xff, 0xff, 0xff, 0x80, 0x0, 0x0, 0x2f, 0xee,
    0xff, 0xff, 0xff, 0xff, 0xff, 0xff, 0xff, 0xff,
    0xff, 0xff, 0xff, 0xff, 0xff, 0x80, 0x0, 0x4,
    0xcf, 0xff, 0xff, 0xff, 0xff, 0xec, 0x95, 0x70,
    0x82, 0xb1, 0xfb, 0xff, 0xff, 0xff, 0xff, 0x80,
    0x0, 0x69, 0xff, 0xff, 0xff, 0xff, 0xc4, 0x12,
    0x0, 0x0, 0x0, 0x0, 0x27, 0xff, 0xff, 0xff,
    0xff, 0x80, 0x0, 0xc4, 0xff, 0xff, 0xff, 0xef,
    0x16, 0x0, 0x0, 0x0, 0x0, 0x0, 0x10, 0xff,
    0xff, 0xff, 0xff, 0x80, 0x16, 0xfe, 0xff, 0xff,
    0xff, 0x90, 0x0, 0x0, 0x0, 0x0, 0x0, 0x0,
    0x10, 0xff, 0xff, 0xff, 0xff, 0x80, 0x38, 0xff,
    0xff, 0xff, 0xff, 0x4f, 0x0, 0x0, 0x0, 0x0,
    0x0, 0x0, 0x10, 0xff, 0xff, 0xff, 0xff, 0x80,
    0x51, 0xff, 0xff, 0xff, 0xff, 0x33, 0x0, 0x0,
    0x0, 0x0, 0x0, 0x0, 0x10, 0xff, 0xff, 0xff,
    0xff, 0x80, 0x5a, 0xff, 0xff, 0xff, 0xff, 0x31,
    0x0, 0x0, 0x0, 0x0, 0x0, 0x0, 0x10, 0xff,
    0xff, 0xff, 0xff, 0x80, 0x4c, 0xff, 0xff, 0xff,
    0xff, 0x45, 0x0, 0x0, 0x0, 0x0, 0x0, 0x0,
    0x10, 0xff, 0xff, 0xff, 0xff, 0x80, 0x2d, 0xff,
    0xff, 0xff, 0xff, 0x75, 0x0, 0x0, 0x0, 0x0,
    0x0, 0x0, 0x10, 0xff, 0xff, 0xff, 0xff, 0x80,
    0x3, 0xf5, 0xff, 0xff, 0xff, 0xd1, 0x2, 0x0,
    0x0, 0x0, 0x0, 0x0, 0x10, 0xff, 0xff, 0xff,
    0xff, 0x80, 0x0, 0xa9, 0xff, 0xff, 0xff, 0xff,
    0x90, 0x4, 0x0, 0x0, 0x0, 0x1a, 0xa6, 0xff,
    0xff, 0xff, 0xff, 0x80, 0x0, 0x3b, 0xff, 0xff,
    0xff, 0xff, 0xff, 0xe1, 0xa0, 0x97, 0xbc, 0xf9,
    0xff, 0xff, 0xff, 0xff, 0xff, 0x80, 0x0, 0x0,
    0x99, 0xff, 0xff, 0xff, 0xff, 0xff, 0xff, 0xff,
    0xff, 0xff, 0xf0, 0xff, 0xff, 0xff, 0xff, 0x80,
    0x0, 0x0, 0x4, 0xa5, 0xff, 0xff, 0xff, 0xff,
    0xff, 0xff, 0xff, 0xc4, 0x2f, 0xff, 0xff, 0xff,
    0xff, 0x80, 0x0, 0x0, 0x0, 0x0, 0x4b, 0xb0,
    0xe7, 0xfa, 0xea, 0xb7, 0x58, 0x1, 0x14, 0xff,
    0xff, 0xff, 0xff, 0x80, 0x0, 0x0, 0x0, 0x0,
    0x0, 0x0, 0x0, 0x0, 0x0, 0x0, 0x0, 0x0,
    0x14, 0xff, 0xff, 0xff, 0xff, 0x80, 0x0, 0x0,
    0x0, 0x0, 0x0, 0x0, 0x0, 0x0, 0x0, 0x0,
    0x0, 0x0, 0x14, 0xff, 0xff, 0xff, 0xff, 0x80,
    0x0, 0x0, 0x0, 0x0, 0x0, 0x0, 0x0, 0x0,
    0x0, 0x0, 0x0, 0x0, 0x14, 0xff, 0xff, 0xff,
    0xff, 0x80, 0x0, 0x0, 0x0, 0x0, 0x0, 0x0,
    0x0, 0x0, 0x0, 0x0, 0x0, 0x0, 0x14, 0xff,
    0xff, 0xff, 0xff, 0x80, 0x0, 0x0, 0x0, 0x0,
    0x0, 0x0, 0x0, 0x0, 0x0, 0x0, 0x0, 0x0,
    0x14, 0xff, 0xff, 0xff, 0xff, 0x80, 0x0, 0x0,
    0x0, 0x0, 0x0, 0x0, 0x0, 0x0, 0x0, 0x0,
    0x0, 0x0, 0x14, 0xff, 0xff, 0xff, 0xff, 0x80,

    /* U+0072 "r" */
    0x84, 0xff, 0xff, 0xff, 0xff, 0x14, 0x0, 0x1b,
    0x88, 0xd8, 0xf8, 0xf6, 0x68, 0x84, 0xff, 0xff,
    0xff, 0xff, 0x14, 0x69, 0xf3, 0xff, 0xff, 0xff,
    0xff, 0x74, 0x84, 0xff, 0xff, 0xff, 0xff, 0xa7,
    0xff, 0xff, 0xff, 0xff, 0xff, 0xff, 0x74, 0x84,
    0xff, 0xff, 0xff, 0xff, 0xff, 0xff, 0xff, 0xfe,
    0xf1, 0xfe, 0xff, 0x74, 0x84, 0xff, 0xff, 0xff,
    0xff, 0xff, 0xad, 0x3d, 0x4, 0x0, 0x3, 0x33,
    0x27, 0x84, 0xff, 0xff, 0xff, 0xff, 0x68, 0x0,
    0x0, 0x0, 0x0, 0x0, 0x0, 0x0, 0x84, 0xff,
    0xff, 0xff, 0xff, 0x14, 0x0, 0x0, 0x0, 0x0,
    0x0, 0x0, 0x0, 0x84, 0xff, 0xff, 0xff, 0xff,
    0x14, 0x0, 0x0, 0x0, 0x0, 0x0, 0x0, 0x0,
    0x84, 0xff, 0xff, 0xff, 0xff, 0x14, 0x0, 0x0,
    0x0, 0x0, 0x0, 0x0, 0x0, 0x84, 0xff, 0xff,
    0xff, 0xff, 0x14, 0x0, 0x0, 0x0, 0x0, 0x0,
    0x0, 0x0, 0x84, 0xff, 0xff, 0xff, 0xff, 0x14,
    0x0, 0x0, 0x0, 0x0, 0x0, 0x0, 0x0, 0x84,
    0xff, 0xff, 0xff, 0xff, 0x14, 0x0, 0x0, 0x0,
    0x0, 0x0, 0x0, 0x0, 0x84, 0xff, 0xff, 0xff,
    0xff, 0x14, 0x0, 0x0, 0x0, 0x0, 0x0, 0x0,
    0x0, 0x84, 0xff, 0xff, 0xff, 0xff, 0x14, 0x0,
    0x0, 0x0, 0x0, 0x0, 0x0, 0x0, 0x84, 0xff,
    0xff, 0xff, 0xff, 0x14, 0x0, 0x0, 0x0, 0x0,
    0x0, 0x0, 0x0, 0x84, 0xff, 0xff, 0xff, 0xff,
    0x14, 0x0, 0x0, 0x0, 0x0, 0x0, 0x0, 0x0,
    0x84, 0xff, 0xff, 0xff, 0xff, 0x14, 0x0, 0x0,
    0x0, 0x0, 0x0, 0x0, 0x0, 0x84, 0xff, 0xff,
    0xff, 0xff, 0x14, 0x0, 0x0, 0x0, 0x0, 0x0,
    0x0, 0x0,

    /* U+0073 "s" */
    0x0, 0x0, 0x0, 0xb, 0x65, 0xae, 0xdd, 0xf2,
    0xfa, 0xed, 0xd0, 0xa9, 0x71, 0x2c, 0x0, 0x0,
    0x0, 0x0, 0x57, 0xe7, 0xff, 0xff, 0xff, 0xff,
    0xff, 0xff, 0xff, 0xff, 0xff, 0xff, 0x92, 0x0,
    0x0, 0x61, 0xfe, 0xff, 0xff, 0xff, 0xff, 0xff,
    0xff, 0xff, 0xff, 0xff, 0xff, 0xff, 0xa8, 0x0,
    0x14, 0xf1, 0xff, 0xff, 0xff, 0xc5, 0x46, 0x17,
    0x11, 0x27, 0x5a, 0xa1, 0xf5, 0xff, 0xa8, 0x0,
    0x5f, 0xff, 0xff, 0xff, 0xf3, 0x9, 0x0, 0x0,
    0x0, 0x0, 0x0, 0x0, 0xf, 0x8a, 0xa2, 0x0,
    0x7f, 0xff, 0xff, 0xff, 0xed, 0x4, 0x0, 0x0,
    0x0, 0x0, 0x0, 0x0, 0x0, 0x0, 0x0, 0x0,
    0x64, 0xff, 0xff, 0xff, 0xff, 0xb7, 0x3d, 0x3,
    0x0, 0x0, 0x0, 0x0, 0x0, 0x0, 0x0, 0x0,
    0x13, 0xf4, 0xff, 0xff, 0xff, 0xff, 0xff, 0xf2,
    0xbe, 0x8a, 0x51, 0xe, 0x0, 0x0, 0x0, 0x0,
    0x0, 0x4f, 0xf9, 0xff, 0xff, 0xff, 0xff, 0xff,
    0xff, 0xff, 0xff, 0xf9, 0xa9, 0x29, 0x0, 0x0,
    0x0, 0x0, 0x2a, 0xb4, 0xfc, 0xff, 0xff, 0xff,
    0xff, 0xff, 0xff, 0xff, 0xff, 0xf9, 0x53, 0x0,
    0x0, 0x0, 0x0, 0x0, 0x15, 0x59, 0x92, 0xc6,
    0xf6, 0xff, 0xff, 0xff, 0xff, 0xff, 0xf2, 0x12,
    0x0, 0x0, 0x0, 0x0, 0x0, 0x0, 0x0, 0x0,
    0x4, 0x3a, 0xb0, 0xff, 0xff, 0xff, 0xff, 0x58,
    0x16, 0x0, 0x0, 0x0, 0x0, 0x0, 0x0, 0x0,
    0x0, 0x0, 0xa, 0xf9, 0xff, 0xff, 0xff, 0x6c,
    0x88, 0xb0, 0x1a, 0x0, 0x0, 0x0, 0x0, 0x0,
    0x0, 0x0, 0x14, 0xfd, 0xff, 0xff, 0xff, 0x50,
    0x88, 0xff, 0xfa, 0xa6, 0x5a, 0x1e, 0x4, 0x0,
    0x4, 0x37, 0xc7, 0xff, 0xff, 0xff, 0xf0, 0xb,
    0x88, 0xff, 0xff, 0xff, 0xff, 0xff, 0xfe, 0xf3,
    0xfc, 0xff, 0xff, 0xff, 0xff, 0xfe, 0x5c, 0x0,
    0x5c, 0xf1, 0xff, 0xff, 0xff, 0xff, 0xff, 0xff,
    0xff, 0xff, 0xff, 0xff, 0xe9, 0x55, 0x0, 0x0,
    0x0, 0xb, 0x50, 0x90, 0xbe, 0xe0, 0xf3, 0xfc,
    0xf4, 0xde, 0xb0, 0x65, 0xe, 0x0, 0x0, 0x0,

    /* U+0074 "t" */
    0x0, 0x0, 0x1c, 0xff, 0xff, 0xff, 0xff, 0x6c,
    0x0, 0x0, 0x0, 0x0, 0x0, 0x0, 0x0, 0x0,
    0x1c, 0xff, 0xff, 0xff, 0xff, 0x6c, 0x0, 0x0,
    0x0, 0x0, 0x0, 0x0, 0x0, 0x0, 0x1c, 0xff,
    0xff, 0xff, 0xff, 0x6c, 0x0, 0x0, 0x0, 0x0,
    0x0, 0x0, 0x0, 0x0, 0x1c, 0xff, 0xff, 0xff,
    0xff, 0x6c, 0x0, 0x0, 0x0, 0x0, 0x0, 0x0,
    0x0, 0x0, 0x1c, 0xff, 0xff, 0xff, 0xff, 0x6c,
    0x0, 0x0, 0x0, 0x0, 0x0, 0x0, 0x14, 0xff,
    0xff, 0xff, 0xff, 0xff, 0xff, 0xff, 0xff, 0xff,
    0xff, 0xff, 0xff, 0x4, 0x14, 0xff, 0xff, 0xff,
    0xff, 0xff, 0xff, 0xff, 0xff, 0xff, 0xff, 0xff,
    0xff, 0x4, 0x14, 0xff, 0xff, 0xff, 0xff, 0xff,
    0xff, 0xff, 0xff, 0xff, 0xff, 0xff, 0xff, 0x4,
    0x6, 0x58, 0x6a, 0xff, 0xff, 0xff, 0xff, 0xa6,
    0x58, 0x58, 0x58, 0x58, 0x58, 0x1, 0x0, 0x0,
    0x1c, 0xff, 0xff, 0xff, 0xff, 0x78, 0x0, 0x0,
    0x0, 0x0, 0x0, 0x0, 0x0, 0x0, 0x1c, 0xff,
    0xff, 0xff, 0xff, 0x78, 0x0, 0x0, 0x0, 0x0,
    0x0, 0x0, 0x0, 0x0, 0x1c, 0xff, 0xff, 0xff,
    0xff, 0x78, 0x0, 0x0, 0x0, 0x0, 0x0, 0x0,
    0x0, 0x0, 0x1c, 0xff, 0xff, 0xff, 0xff, 0x78,
    0x0, 0x0, 0x0, 0x0, 0x0, 0x0, 0x0, 0x0,
    0x1c, 0xff, 0xff, 0xff, 0xff, 0x78, 0x0, 0x0,
    0x0, 0x0, 0x0, 0x0, 0x0, 0x0, 0x1c, 0xff,
    0xff, 0xff, 0xff, 0x78, 0x0, 0x0, 0x0, 0x0,
    0x0, 0x0, 0x0, 0x0, 0x1c, 0xff, 0xff, 0xff,
    0xff, 0x79, 0x0, 0x0, 0x0, 0x0, 0x0, 0x0,
    0x0, 0x0, 0x1c, 0xff, 0xff, 0xff, 0xff, 0x83,
    0x0, 0x0, 0x0, 0x0, 0x0, 0x0, 0x0, 0x0,
    0x15, 0xff, 0xff, 0xff, 0xff, 0xa1, 0x0, 0x0,
    0x0, 0x0, 0x0, 0x0, 0x0, 0x0, 0x5, 0xfb,
    0xff, 0xff, 0xff, 0xeb, 0xd, 0x0, 0x0, 0x0,
    0x0, 0x0, 0x0, 0x0, 0x0, 0xc9, 0xff, 0xff,
    0xff, 0xff, 0xd1, 0x72, 0x61, 0x86, 0xcd, 0x12,
    0x0, 0x0, 0x0, 0x62, 0xff, 0xff, 0xff, 0xff,
    0xff, 0xff, 0xff, 0xff, 0xff, 0x14, 0x0, 0x0,
    0x0, 0x1, 0xa1, 0xff, 0xff, 0xff, 0xff, 0xff,
    0xff, 0xff, 0xff, 0x14, 0x0, 0x0, 0x0, 0x0,
    0x0, 0x4e, 0xad, 0xe1, 0xf7, 0xf8, 0xe5, 0xc1,
    0x8e, 0x8,

    /* U+0075 "u" */
    0x8c, 0xff, 0xff, 0xff, 0xff, 0x4, 0x0, 0x0,
    0x0, 0x0, 0x0, 0x0, 0xcc, 0xff, 0xff, 0xff,
    0xc8, 0x8c, 0xff, 0xff, 0xff, 0xff, 0x4, 0x0,
    0x0, 0x0, 0x0, 0x0, 0x0, 0xcc, 0xff, 0xff,
    0xff, 0xc8, 0x8c, 0xff, 0xff, 0xff, 0xff, 0x4,
    0x0, 0x0, 0x0, 0x0, 0x0, 0x0, 0xcc, 0xff,
    0xff, 0xff, 0xc8, 0x8c, 0xff, 0xff, 0xff, 0xff,
    0x4, 0x0, 0x0, 0x0, 0x0, 0x0, 0x0, 0xcc,
    0xff, 0xff, 0xff, 0xc8, 0x8c, 0xff, 0xff, 0xff,
    0xff, 0x4, 0x0, 0x0, 0x0, 0x0, 0x0, 0x0,
    0xcc, 0xff, 0xff, 0xff, 0xc8, 0x8c, 0xff, 0xff,
    0xff, 0xff, 0x4, 0x0, 0x0, 0x0, 0x0, 0x0,
    0x0, 0xcc, 0xff, 0xff, 0xff, 0xc8, 0x8c, 0xff,
    0xff, 0xff, 0xff, 0x4, 0x0, 0x0, 0x0, 0x0,
    0x0, 0x0, 0xcc, 0xff, 0xff, 0xff, 0xc8, 0x8c,
    0xff, 0xff, 0xff, 0xff, 0x4, 0x0, 0x0, 0x0,
    0x0, 0x0, 0x0, 0xcc, 0xff, 0xff, 0xff, 0xc8,
    0x8c, 0xff, 0xff, 0xff, 0xff, 0x4, 0x0, 0x0,
    0x0, 0x0, 0x0, 0x0, 0xcc, 0xff, 0xff, 0xff,
    0xc8, 0x8c, 0xff, 0xff, 0xff, 0xff, 0x4, 0x0,
    0x0, 0x0, 0x0, 0x0, 0x0, 0xcc, 0xff, 0xff,
    0xff, 0xc8, 0x8c, 0xff, 0xff, 0xff, 0xff, 0x8,
    0x0, 0x0, 0x0, 0x0, 0x0, 0x0, 0xcc, 0xff,
    0xff, 0xff, 0xc8, 0x8a, 0xff, 0xff, 0xff, 0xff,
    0x20, 0x0, 0x0, 0x0, 0x0, 0x0, 0x0, 0xcc,
    0xff, 0xff, 0xff, 0xc8, 0x7e, 0xff, 0xff, 0xff,
    0xff, 0x65, 0x0, 0x0, 0x0, 0x0, 0x0, 0xe,
    0xe0, 0xff, 0xff, 0xff, 0xc8, 0x5b, 0xff, 0xff,
    0xff, 0xff, 0xe8, 0x38, 0x0, 0x0, 0x9, 0x58,
    0xda, 0xff, 0xff, 0xff, 0xff, 0xc8, 0x19, 0xfb,
    0xff, 0xff, 0xff, 0xff, 0xff, 0xe1, 0xd3, 0xf6,
    0xff, 0xff, 0xff, 0xff, 0xff, 0xff, 0xc8, 0x0,
    0x9c, 0xff, 0xff, 0xff, 0xff, 0xff, 0xff, 0xff,
    0xff, 0xff, 0xf9, 0xed, 0xff, 0xff, 0xff, 0xc8,
    0x0, 0xc, 0xc1, 0xff, 0xff, 0xff, 0xff, 0xff,
    0xff, 0xff, 0xe5, 0x41, 0xc4, 0xff, 0xff, 0xff,
    0xc8, 0x0, 0x0, 0x5, 0x65, 0xc0, 0xee, 0xfa,
    0xe9, 0xbe, 0x6f, 0xa, 0x0, 0xc4, 0xff, 0xff,
    0xff, 0xc8,

    /* U+0076 "v" */
    0x40, 0xff, 0xff, 0xff, 0xff, 0x94, 0x0, 0x0,
    0x0, 0x0, 0x0, 0x0, 0x0, 0x0, 0x76, 0xff,
    0xff, 0xff, 0xff, 0x2a, 0x1, 0xdd, 0xff, 0xff,
    0xff, 0xeb, 0x4, 0x0, 0x0, 0x0, 0x0, 0x0,
    0x0, 0x0, 0xd2, 0xff, 0xff, 0xff, 0xc6, 0x0,
    0x0, 0x7d, 0xff, 0xff, 0xff, 0xff, 0x4a, 0x0,
    0x0, 0x0, 0x0, 0x0, 0x0, 0x2d, 0xff, 0xff,
    0xff, 0xff, 0x63, 0x0, 0x0, 0x1e, 0xfd, 0xff,
    0xff, 0xff, 0xa5, 0x0, 0x0, 0x0, 0x0, 0x0,
    0x0, 0x8a, 0xff, 0xff, 0xff, 0xf4, 0xc, 0x0,
    0x0, 0x0, 0xbb, 0xff, 0xff, 0xff, 0xf4, 0xb,
    0x0, 0x0, 0x0, 0x0, 0x2, 0xe3, 0xff, 0xff,
    0xff, 0x9d, 0x0, 0x0, 0x0, 0x0, 0x5a, 0xff,
    0xff, 0xff, 0xff, 0x5a, 0x0, 0x0, 0x0, 0x0,
    0x42, 0xff, 0xff, 0xff, 0xff, 0x3a, 0x0, 0x0,
    0x0, 0x0, 0x8, 0xf0, 0xff, 0xff, 0xff, 0xb5,
    0x0, 0x0, 0x0, 0x0, 0x9e, 0xff, 0xff, 0xff,
    0xd7, 0x0, 0x0, 0x0, 0x0, 0x0, 0x0, 0x98,
    0xff, 0xff, 0xff, 0xfb, 0x14, 0x0, 0x0, 0x8,
    0xf1, 0xff, 0xff, 0xff, 0x74, 0x0, 0x0, 0x0,
    0x0, 0x0, 0x0, 0x37, 0xff, 0xff, 0xff, 0xff,
    0x6a, 0x0, 0x0, 0x56, 0xff, 0xff, 0xff, 0xfa,
    0x16, 0x0, 0x0, 0x0, 0x0, 0x0, 0x0, 0x0,
    0xd5, 0xff, 0xff, 0xff, 0xc5, 0x0, 0x0, 0xb2,
    0xff, 0xff, 0xff, 0xad, 0x0, 0x0, 0x0, 0x0,
    0x0, 0x0, 0x0, 0x0, 0x74, 0xff, 0xff, 0xff,
    0xff, 0x21, 0x13, 0xfa, 0xff, 0xff, 0xff, 0x4a,
    0x0, 0x0, 0x0, 0x0, 0x0, 0x0, 0x0, 0x0,
    0x17, 0xfb, 0xff, 0xff, 0xff, 0x7b, 0x6a, 0xff,
    0xff, 0xff, 0xe4, 0x3, 0x0, 0x0, 0x0, 0x0,
    0x0, 0x0, 0x0, 0x0, 0x0, 0xb2, 0xff, 0xff,
    0xff, 0xd5, 0xc6, 0xff, 0xff, 0xff, 0x84, 0x0,
    0x0, 0x0, 0x0, 0x0, 0x0, 0x0, 0x0, 0x0,
    0x0, 0x51, 0xff, 0xff, 0xff, 0xff, 0xff, 0xff,
    0xff, 0xfe, 0x23, 0x0, 0x0, 0x0, 0x0, 0x0,
    0x0, 0x0, 0x0, 0x0, 0x0, 0x5, 0xea, 0xff,
    0xff, 0xff, 0xff, 0xff, 0xff, 0xbe, 0x0, 0x0,
    0x0, 0x0, 0x0, 0x0, 0x0, 0x0, 0x0, 0x0,
    0x0, 0x0, 0x8f, 0xff, 0xff, 0xff, 0xff, 0xff,
    0xff, 0x5b, 0x0, 0x0, 0x0, 0x0, 0x0, 0x0,
    0x0, 0x0, 0x0, 0x0, 0x0, 0x0, 0x2e, 0xff,
    0xff, 0xff, 0xff, 0xff, 0xef, 0x9, 0x0, 0x0,
    0x0, 0x0, 0x0, 0x0, 0x0, 0x0, 0x0, 0x0,
    0x0, 0x0, 0x0, 0xcd, 0xff, 0xff, 0xff, 0xff,
    0x95, 0x0, 0x0, 0x0, 0x0, 0x0, 0x0, 0x0,

    /* U+0077 "w" */
    0x49, 0xff, 0xff, 0xff, 0xf0, 0x3, 0x0, 0x0,
    0x0, 0x0, 0x0, 0xa, 0xf7, 0xff, 0xff, 0xfa,
    0x10, 0x0, 0x0, 0x0, 0x0, 0x0, 0x13, 0xfe,
    0xff, 0xff, 0xff, 0x19, 0xa, 0xf8, 0xff, 0xff,
    0xff, 0x35, 0x0, 0x0, 0x0, 0x0, 0x0, 0x4f,
    0xff, 0xff, 0xff, 0xff, 0x59, 0x0, 0x0, 0x0,
    0x0, 0x0, 0x4f, 0xff, 0xff, 0xff, 0xd2, 0x0,
    0x0, 0xbb, 0xff, 0xff, 0xff, 0x76, 0x0, 0x0,
    0x0, 0x0, 0x0, 0x9c, 0xff, 0xff, 0xff, 0xff,
    0xa7, 0x0, 0x0, 0x0, 0x0, 0x0, 0x8c, 0xff,
    0xff, 0xff, 0x8b, 0x0, 0x0, 0x74, 0xff, 0xff,
    0xff, 0xb8, 0x0, 0x0, 0x0, 0x0, 0x1, 0xe7,
    0xff, 0xff, 0xff, 0xff, 0xf0, 0x5, 0x0, 0x0,
    0x0, 0x0, 0xc9, 0xff, 0xff, 0xff, 0x45, 0x0,
    0x0, 0x2d, 0xff, 0xff, 0xff, 0xf4, 0x5, 0x0,
    0x0, 0x0, 0x36, 0xff, 0xff, 0xff, 0xff, 0xff,
    0xff, 0x44, 0x0, 0x0, 0x0, 0xa, 0xfa, 0xff,
    0xff, 0xf6, 0x8, 0x0, 0x0, 0x0, 0xe5, 0xff,
    0xff, 0xff, 0x3a, 0x0, 0x0, 0x0, 0x83, 0xff,
    0xff, 0xe9, 0xfb, 0xff, 0xff, 0x92, 0x0, 0x0,
    0x0, 0x42, 0xff, 0xff, 0xff, 0xb8, 0x0, 0x0,
    0x0, 0x0, 0x9f, 0xff, 0xff, 0xff, 0x7c, 0x0,
    0x0, 0x0, 0xcf, 0xff, 0xff, 0x95, 0xbe, 0xff,
    0xff, 0xe0, 0x0, 0x0, 0x0, 0x7f, 0xff, 0xff,
    0xff, 0x71, 0x0, 0x0, 0x0, 0x0, 0x58, 0xff,
    0xff, 0xff, 0xbd, 0x0, 0x0, 0x1d, 0xff, 0xff,
    0xff, 0x44, 0x6f, 0xff, 0xff, 0xff, 0x2f, 0x0,
    0x0, 0xbc, 0xff, 0xff, 0xff, 0x2b, 0x0, 0x0,
    0x0, 0x0, 0x13, 0xfd, 0xff, 0xff, 0xf7, 0x7,
    0x0, 0x69, 0xff, 0xff, 0xef, 0x4, 0x1f, 0xff,
    0xff, 0xff, 0x7d, 0x0, 0x4, 0xf4, 0xff, 0xff,
    0xe4, 0x0, 0x0, 0x0, 0x0, 0x0, 0x0, 0xcb,
    0xff, 0xff, 0xff, 0x3f, 0x0, 0xb6, 0xff, 0xff,
    0xa3, 0x0, 0x0, 0xcf, 0xff, 0xff, 0xcc, 0x0,
    0x35, 0xff, 0xff, 0xff, 0x9e, 0x0, 0x0, 0x0,
    0x0, 0x0, 0x0, 0x84, 0xff, 0xff, 0xff, 0x81,
    0xb, 0xf7, 0xff, 0xff, 0x53, 0x0, 0x0, 0x7f,
    0xff, 0xff, 0xfe, 0x1b, 0x72, 0xff, 0xff, 0xff,
    0x58, 0x0, 0x0, 0x0, 0x0, 0x0, 0x0, 0x3d,
    0xff, 0xff, 0xff, 0xc2, 0x50, 0xff, 0xff, 0xf7,
    0xb, 0x0, 0x0, 0x2f, 0xff, 0xff, 0xff, 0x68,
    0xaf, 0xff, 0xff, 0xfd, 0x14, 0x0, 0x0, 0x0,
    0x0, 0x0, 0x0, 0x4, 0xf1, 0xff, 0xff, 0xf9,
    0xa6, 0xff, 0xff, 0xb2, 0x0, 0x0, 0x0, 0x0,
    0xdf, 0xff, 0xff, 0xb7, 0xea, 0xff, 0xff, 0xcb,
    0x0, 0x0, 0x0, 0x0, 0x0, 0x0, 0x0, 0x0,
    0xaf, 0xff, 0xff, 0xff, 0xfd, 0xff, 0xff, 0x61,
    0x0, 0x0, 0x0, 0x0, 0x90, 0xff, 0xff, 0xfd,
    0xff, 0xff, 0xff, 0x84, 0x0, 0x0, 0x0, 0x0,
    0x0, 0x0, 0x0, 0x0, 0x68, 0xff, 0xff, 0xff,
    0xff, 0xff, 0xfc, 0x14, 0x0, 0x0, 0x0, 0x0,
    0x40, 0xff, 0xff, 0xff, 0xff, 0xff, 0xff, 0x3e,
    0x0, 0x0, 0x0, 0x0, 0x0, 0x0, 0x0, 0x0,
    0x21, 0xff, 0xff, 0xff, 0xff, 0xff, 0xc0, 0x0,
    0x0, 0x0, 0x0, 0x0, 0x3, 0xec, 0xff, 0xff,
    0xff, 0xff, 0xf2, 0x5, 0x0, 0x0, 0x0, 0x0,
    0x0, 0x0, 0x0, 0x0, 0x0, 0xda, 0xff, 0xff,
    0xff, 0xff, 0x70, 0x0, 0x0, 0x0, 0x0, 0x0,
    0x0, 0xa0, 0xff, 0xff, 0xff, 0xff, 0xb1, 0x0,
    0x0, 0x0, 0x0, 0x0, 0x0, 0x0, 0x0, 0x0,
    0x0, 0x93, 0xff, 0xff, 0xff, 0xff, 0x20, 0x0,
    0x0, 0x0, 0x0, 0x0, 0x0, 0x50, 0xff, 0xff,
    0xff, 0xff, 0x6b, 0x0, 0x0, 0x0, 0x0, 0x0,

    /* U+0078 "x" */
    0x6, 0xca, 0xff, 0xff, 0xff, 0xf9, 0x31, 0x0,
    0x0, 0x0, 0x0, 0x0, 0x0, 0x1a, 0xeb, 0xff,
    0xff, 0xff, 0xd0, 0x9, 0x0, 0x21, 0xef, 0xff,
    0xff, 0xff, 0xd8, 0xa, 0x0, 0x0, 0x0, 0x0,
    0x2, 0xbf, 0xff, 0xff, 0xff, 0xf1, 0x25, 0x0,
    0x0, 0x0, 0x51, 0xff, 0xff, 0xff, 0xff, 0x9b,
    0x0, 0x0, 0x0, 0x0, 0x7e, 0xff, 0xff, 0xff,
    0xff, 0x53, 0x0, 0x0, 0x0, 0x0, 0x0, 0x91,
    0xff, 0xff, 0xff, 0xff, 0x53, 0x0, 0x0, 0x3d,
    0xfc, 0xff, 0xff, 0xff, 0x8f, 0x0, 0x0, 0x0,
    0x0, 0x0, 0x0, 0x6, 0xca, 0xff, 0xff, 0xff,
    0xee, 0x1c, 0x12, 0xe2, 0xff, 0xff, 0xff, 0xc6,
    0x5, 0x0, 0x0, 0x0, 0x0, 0x0, 0x0, 0x0,
    0x21, 0xef, 0xff, 0xff, 0xff, 0xc0, 0xb1, 0xff,
    0xff, 0xff, 0xeb, 0x1c, 0x0, 0x0, 0x0, 0x0,
    0x0, 0x0, 0x0, 0x0, 0x0, 0x51, 0xff, 0xff,
    0xff, 0xff, 0xff, 0xff, 0xff, 0xfd, 0x47, 0x0,
    0x0, 0x0, 0x0, 0x0, 0x0, 0x0, 0x0, 0x0,
    0x0, 0x0, 0x91, 0xff, 0xff, 0xff, 0xff, 0xff,
    0xff, 0x80, 0x0, 0x0, 0x0, 0x0, 0x0, 0x0,
    0x0, 0x0, 0x0, 0x0, 0x0, 0x0, 0x6, 0xd2,
    0xff, 0xff, 0xff, 0xff, 0xcf, 0x2, 0x0, 0x0,
    0x0, 0x0, 0x0, 0x0, 0x0, 0x0, 0x0, 0x0,
    0x0, 0x0, 0x2c, 0xf5, 0xff, 0xff, 0xff, 0xff,
    0xfc, 0x3d, 0x0, 0x0, 0x0, 0x0, 0x0, 0x0,
    0x0, 0x0, 0x0, 0x0, 0x0, 0xd, 0xd9, 0xff,
    0xff, 0xff, 0xff, 0xff, 0xff, 0xe4, 0x15, 0x0,
    0x0, 0x0, 0x0, 0x0, 0x0, 0x0, 0x0, 0x0,
    0x0, 0xab, 0xff, 0xff, 0xff, 0xf1, 0xf4, 0xff,
    0xff, 0xff, 0xb8, 0x1, 0x0, 0x0, 0x0, 0x0,
    0x0, 0x0, 0x0, 0x0, 0x71, 0xff, 0xff, 0xff,
    0xff, 0x55, 0x63, 0xff, 0xff, 0xff, 0xff, 0x79,
    0x0, 0x0, 0x0, 0x0, 0x0, 0x0, 0x0, 0x3b,
    0xfb, 0xff, 0xff, 0xff, 0x97, 0x0, 0x0, 0xaa,
    0xff, 0xff, 0xff, 0xfc, 0x3c, 0x0, 0x0, 0x0,
    0x0, 0x0, 0x16, 0xe4, 0xff, 0xff, 0xff, 0xd1,
    0x8, 0x0, 0x0, 0x10, 0xe1, 0xff, 0xff, 0xff,
    0xe4, 0x14, 0x0, 0x0, 0x0, 0x3, 0xbc, 0xff,
    0xff, 0xff, 0xf3, 0x27, 0x0, 0x0, 0x0, 0x0,
    0x3c, 0xfc, 0xff, 0xff, 0xff, 0xb6, 0x1, 0x0,
    0x0, 0x85, 0xff, 0xff, 0xff, 0xff, 0x5d, 0x0,
    0x0, 0x0, 0x0, 0x0, 0x0, 0x81, 0xff, 0xff,
    0xff, 0xff, 0x78, 0x0, 0x4a, 0xfe, 0xff, 0xff,
    0xff, 0x9f, 0x0, 0x0, 0x0, 0x0, 0x0, 0x0,
    0x0, 0x3, 0xc4, 0xff, 0xff, 0xff, 0xfb, 0x3c,

    /* U+0079 "y" */
    0x23, 0xfe, 0xff, 0xff, 0xff, 0xa0, 0x0, 0x0,
    0x0, 0x0, 0x0, 0x0, 0x0, 0x0, 0x77, 0xff,
    0xff, 0xff, 0xfc, 0x1d, 0x0, 0xbb, 0xff, 0xff,
    0xff, 0xf5, 0xd, 0x0, 0x0, 0x0, 0x0, 0x0,
    0x0, 0x1, 0xdb, 0xff, 0xff, 0xff, 0xae, 0x0,
    0x0, 0x55, 0xff, 0xff, 0xff, 0xff, 0x62, 0x0,
    0x0, 0x0, 0x0, 0x0, 0x0, 0x42, 0xff, 0xff,
    0xff, 0xff, 0x44, 0x0, 0x0, 0x5, 0xe9, 0xff,
    0xff, 0xff, 0xc1, 0x0, 0x0, 0x0, 0x0, 0x0,
    0x0, 0xa7, 0xff, 0xff, 0xff, 0xd9, 0x1, 0x0,
    0x0, 0x0, 0x88, 0xff, 0xff, 0xff, 0xfe, 0x20,
    0x0, 0x0, 0x0, 0x0, 0x13, 0xf8, 0xff, 0xff,
    0xff, 0x71, 0x0, 0x0, 0x0, 0x0, 0x23, 0xfe,
    0xff, 0xff, 0xff, 0x7c, 0x0, 0x0, 0x0, 0x0,
    0x72, 0xff, 0xff, 0xff, 0xf6, 0x11, 0x0, 0x0,
    0x0, 0x0, 0x0, 0xbc, 0xff, 0xff, 0xff, 0xd8,
    0x0, 0x0, 0x0, 0x0, 0xd7, 0xff, 0xff, 0xff,
    0x9f, 0x0, 0x0, 0x0, 0x0, 0x0, 0x0, 0x56,
    0xff, 0xff, 0xff, 0xff, 0x33, 0x0, 0x0, 0x3d,
    0xff, 0xff, 0xff, 0xff, 0x36, 0x0, 0x0, 0x0,
    0x0, 0x0, 0x0, 0x5, 0xe9, 0xff, 0xff, 0xff,
    0x8f, 0x0, 0x0, 0xa3, 0xff, 0xff, 0xff, 0xce,
    0x0, 0x0, 0x0, 0x0, 0x0, 0x0, 0x0, 0x0,
    0x89, 0xff, 0xff, 0xff, 0xe8, 0x4, 0x11, 0xf7,
    0xff, 0xff, 0xff, 0x65, 0x0, 0x0, 0x0, 0x0,
    0x0, 0x0, 0x0, 0x0, 0x24, 0xfe, 0xff, 0xff,
    0xff, 0x4b, 0x6e, 0xff, 0xff, 0xff, 0xf1, 0xb,
    0x0, 0x0, 0x0, 0x0, 0x0, 0x0, 0x0, 0x0,
    0x0, 0xbd, 0xff, 0xff, 0xff, 0xac, 0xd3, 0xff,
    0xff, 0xff, 0x95, 0x0, 0x0, 0x0, 0x0, 0x0,
    0x0, 0x0, 0x0, 0x0, 0x0, 0x57, 0xff, 0xff,
    0xff, 0xfe, 0xff, 0xff, 0xff, 0xff, 0x2d, 0x0,
    0x0, 0x0, 0x0, 0x0, 0x0, 0x0, 0x0, 0x0,
    0x0, 0x6, 0xea, 0xff, 0xff, 0xff, 0xff, 0xff,
    0xff, 0xc5, 0x0, 0x0, 0x0, 0x0, 0x0, 0x0,
    0x0, 0x0, 0x0, 0x0, 0x0, 0x0, 0x8a, 0xff,
    0xff, 0xff, 0xff, 0xff, 0xff, 0x5d, 0x0, 0x0,
    0x0, 0x0, 0x0, 0x0, 0x0, 0x0, 0x0, 0x0,
    0x0, 0x0, 0x25, 0xfe, 0xff, 0xff, 0xff, 0xff,
    0xed, 0x8, 0x0, 0x0, 0x0, 0x0, 0x0, 0x0,
    0x0, 0x0, 0x0, 0x0, 0x0, 0x0, 0x0, 0xc4,
    0xff, 0xff, 0xff, 0xff, 0x8d, 0x0, 0x0, 0x0,
    0x0, 0x0, 0x0, 0x0, 0x0, 0x0, 0x0, 0x0,
    0x0, 0x0, 0xa, 0xee, 0xff, 0xff, 0xff, 0xfe,
    0x26, 0x0, 0x0, 0x0, 0x0, 0x0, 0x0, 0x0,
    0x0, 0x0, 0x0, 0x0, 0x0, 0x0, 0x6a, 0xff,
    0xff, 0xff, 0xff, 0xbd, 0x0, 0x0, 0x0, 0x0,
    0x0, 0x0, 0x0, 0x0, 0x0, 0x0, 0x0, 0x0,
    0x0, 0x1, 0xd9, 0xff, 0xff, 0xff, 0xff, 0x53,
    0x0, 0x0, 0x0, 0x0, 0x0, 0x0, 0x0, 0x0,
    0x0, 0x0, 0x0, 0x0, 0x0, 0x4c, 0xff, 0xff,
    0xff, 0xff, 0xe4, 0x4, 0x0, 0x0, 0x0, 0x0,
    0x0, 0x0, 0x0, 0x0, 0x0, 0x0, 0x0, 0x0,
    0x0, 0xbd, 0xff, 0xff, 0xff, 0xff, 0x7e, 0x0,
    0x0, 0x0, 0x0, 0x0, 0x0, 0x0, 0x0, 0x0,
    0x0, 0x0, 0x0, 0x0, 0x2e, 0xff, 0xff, 0xff,
    0xff, 0xfa, 0x19, 0x0, 0x0, 0x0, 0x0, 0x0,
    0x0, 0x0, 0x0, 0x0, 0x0, 0x0, 0x0, 0x0,
    0x9f, 0xff, 0xff, 0xff, 0xff, 0xa9, 0x0, 0x0,
    0x0, 0x0, 0x0, 0x0, 0x0, 0x0, 0x0, 0x0,

    /* U+007A "z" */
    0x2c, 0xff, 0xff, 0xff, 0xff, 0xff, 0xff, 0xff,
    0xff, 0xff, 0xff, 0xff, 0xff, 0xff, 0xff, 0xff,
    0x1c, 0x2c, 0xff, 0xff, 0xff, 0xff, 0xff, 0xff,
    0xff, 0xff, 0xff, 0xff, 0xff, 0xff, 0xff, 0xff,
    0xff, 0x1c, 0x2c, 0xff, 0xff, 0xff, 0xff, 0xff,
    0xff, 0xff, 0xff, 0xff, 0xff, 0xff, 0xff, 0xff,
    0xff, 0xff, 0x1b, 0xf, 0x58, 0x58, 0x58, 0x58,
    0x58, 0x58, 0x58, 0x58, 0x76, 0xfe, 0xff, 0xff,
    0xff, 0xff, 0xa2, 0x0, 0x0, 0x0, 0x0, 0x0,
    0x0, 0x0, 0x0, 0x0, 0xb, 0xd0, 0xff, 0xff,
    0xff, 0xff, 0xc8, 0x7, 0x0, 0x0, 0x0, 0x0,
    0x0, 0x0, 0x0, 0x0, 0x1, 0xac, 0xff, 0xff,
    0xff, 0xff, 0xe4, 0x19, 0x0, 0x0, 0x0, 0x0,
    0x0, 0x0, 0x0, 0x0, 0x0, 0x80, 0xff, 0xff,
    0xff, 0xff, 0xf6, 0x34, 0x0, 0x0, 0x0, 0x0,
    0x0, 0x0, 0x0, 0x0, 0x0, 0x53, 0xfe, 0xff,
    0xff, 0xff, 0xff, 0x59, 0x0, 0x0, 0x0, 0x0,
    0x0, 0x0, 0x0, 0x0, 0x0, 0x30, 0xf4, 0xff,
    0xff, 0xff, 0xff, 0x86, 0x0, 0x0, 0x0, 0x0,
    0x0, 0x0, 0x0, 0x0, 0x0, 0x16, 0xe1, 0xff,
    0xff, 0xff, 0xff, 0xb1, 0x2, 0x0, 0x0, 0x0,
    0x0, 0x0, 0x0, 0x0, 0x0, 0x6, 0xc3, 0xff,
    0xff, 0xff, 0xff, 0xd4, 0xd, 0x0, 0x0, 0x0,
    0x0, 0x0, 0x0, 0x0, 0x0, 0x0, 0x9c, 0xff,
    0xff, 0xff, 0xff, 0xec, 0x22, 0x0, 0x0, 0x0,
    0x0, 0x0, 0x0, 0x0, 0x0, 0x0, 0x6f, 0xff,
    0xff, 0xff, 0xff, 0xfb, 0x41, 0x0, 0x0, 0x0,
    0x0, 0x0, 0x0, 0x0, 0x0, 0x0, 0x45, 0xfc,
    0xff, 0xff, 0xff, 0xff, 0x6a, 0x0, 0x0, 0x0,
    0x0, 0x0, 0x0, 0x0, 0x0, 0x0, 0x24, 0xee,
    0xff, 0xff, 0xff, 0xff, 0xe6, 0x80, 0x80, 0x80,
    0x80, 0x80, 0x80, 0x80, 0x80, 0x80, 0x2a, 0x7f,
    0xff, 0xff, 0xff, 0xff, 0xff, 0xff, 0xff, 0xff,
    0xff, 0xff, 0xff, 0xff, 0xff, 0xff, 0xff, 0x54,
    0x80, 0xff, 0xff, 0xff, 0xff, 0xff, 0xff, 0xff,
    0xff, 0xff, 0xff, 0xff, 0xff, 0xff, 0xff, 0xff,
    0x54, 0x80, 0xff, 0xff, 0xff, 0xff, 0xff, 0xff,
    0xff, 0xff, 0xff, 0xff, 0xff, 0xff, 0xff, 0xff,
    0xff, 0x54
};


/*---------------------
 *  GLYPH DESCRIPTION
 *--------------------*/

static const lv_font_fmt_txt_glyph_dsc_t glyph_dsc[] = {
    {.bitmap_index = 0, .adv_w = 0, .box_w = 0, .box_h = 0, .ofs_x = 0, .ofs_y = 0} /* id = 0 reserved */,
    {.bitmap_index = 0, .adv_w = 597, .box_w = 34, .box_h = 23, .ofs_x = 2, .ofs_y = 0},
    {.bitmap_index = 782, .adv_w = 197, .box_w = 9, .box_h = 11, .ofs_x = 1, .ofs_y = -6},
    {.bitmap_index = 881, .adv_w = 197, .box_w = 6, .box_h = 6, .ofs_x = 3, .ofs_y = 0},
    {.bitmap_index = 917, .adv_w = 336, .box_w = 19, .box_h = 23, .ofs_x = 1, .ofs_y = 0},
    {.bitmap_index = 1354, .adv_w = 336, .box_w = 15, .box_h = 23, .ofs_x = 3, .ofs_y = 0},
    {.bitmap_index = 1699, .adv_w = 336, .box_w = 18, .box_h = 23, .ofs_x = 1, .ofs_y = 0},
    {.bitmap_index = 2113, .adv_w = 336, .box_w = 19, .box_h = 23, .ofs_x = 1, .ofs_y = 0},
    {.bitmap_index = 2550, .adv_w = 336, .box_w = 20, .box_h = 23, .ofs_x = 0, .ofs_y = 0},
    {.bitmap_index = 3010, .adv_w = 336, .box_w = 18, .box_h = 23, .ofs_x = 2, .ofs_y = 0},
    {.bitmap_index = 3424, .adv_w = 336, .box_w = 19, .box_h = 23, .ofs_x = 1, .ofs_y = 0},
    {.bitmap_index = 3861, .adv_w = 336, .box_w = 19, .box_h = 23, .ofs_x = 1, .ofs_y = 0},
    {.bitmap_index = 4298, .adv_w = 336, .box_w = 19, .box_h = 23, .ofs_x = 1, .ofs_y = 0},
    {.bitmap_index = 4735, .adv_w = 336, .box_w = 19, .box_h = 23, .ofs_x = 1, .ofs_y = 0},
    {.bitmap_index = 5172, .adv_w = 375, .box_w = 24, .box_h = 23, .ofs_x = 0, .ofs_y = 0},
    {.bitmap_index = 5724, .adv_w = 361, .box_w = 20, .box_h = 23, .ofs_x = 2, .ofs_y = 0},
    {.bitmap_index = 6184, .adv_w = 367, .box_w = 21, .box_h = 23, .ofs_x = 1, .ofs_y = 0},
    {.bitmap_index = 6667, .adv_w = 412, .box_w = 22, .box_h = 23, .ofs_x = 2, .ofs_y = 0},
    {.bitmap_index = 7173, .adv_w = 347, .box_w = 18, .box_h = 23, .ofs_x = 2, .ofs_y = 0},
    {.bitmap_index = 7587, .adv_w = 314, .box_w = 17, .box_h = 23, .ofs_x = 2, .ofs_y = 0},
    {.bitmap_index = 7978, .adv_w = 411, .box_w = 23, .box_h = 23, .ofs_x = 1, .ofs_y = 0},
    {.bitmap_index = 8507, .adv_w = 403, .box_w = 21, .box_h = 23, .ofs_x = 2, .ofs_y = 0},
    {.bitmap_index = 8990, .adv_w = 260, .box_w = 13, .box_h = 23, .ofs_x = 2, .ofs_y = 0},
    {.bitmap_index = 9289, .adv_w = 267, .box_w = 14, .box_h = 23, .ofs_x = 0, .ofs_y = 0},
    {.bitmap_index = 9611, .adv_w = 386, .box_w = 23, .box_h = 23, .ofs_x = 2, .ofs_y = 0},
    {.bitmap_index = 10140, .adv_w = 313, .box_w = 17, .box_h = 23, .ofs_x = 2, .ofs_y = 0},
    {.bitmap_index = 10531, .adv_w = 468, .box_w = 25, .box_h = 23, .ofs_x = 2, .ofs_y = 0},
    {.bitmap_index = 11106, .adv_w = 405, .box_w = 21, .box_h = 23, .ofs_x = 2, .ofs_y = 0},
    {.bitmap_index = 11589, .adv_w = 429, .box_w = 24, .box_h = 23, .ofs_x = 1, .ofs_y = 0},
    {.bitmap_index = 12141, .adv_w = 342, .box_w = 19, .box_h = 23, .ofs_x = 2, .ofs_y = 0},
    {.bitmap_index = 12578, .adv_w = 429, .box_w = 24, .box_h = 29, .ofs_x = 1, .ofs_y = -6},
    {.bitmap_index = 13274, .adv_w = 376, .box_w = 22, .box_h = 23, .ofs_x = 2, .ofs_y = 0},
    {.bitmap_index = 13780, .adv_w = 347, .box_w = 20, .box_h = 23, .ofs_x = 1, .ofs_y = 0},
    {.bitmap_index = 14240, .adv_w = 347, .box_w = 22, .box_h = 23, .ofs_x = 0, .ofs_y = 0},
    {.bitmap_index = 14746, .adv_w = 396, .box_w = 21, .box_h = 23, .ofs_x = 2, .ofs_y = 0},
    {.bitmap_index = 15229, .adv_w = 364, .box_w = 23, .box_h = 23, .ofs_x = 0, .ofs_y = 0},
    {.bitmap_index = 15758, .adv_w = 535, .box_w = 32, .box_h = 23, .ofs_x = 1, .ofs_y = 0},
    {.bitmap_index = 16494, .adv_w = 368, .box_w = 23, .box_h = 23, .ofs_x = 0, .ofs_y = 0},
    {.bitmap_index = 17023, .adv_w = 352, .box_w = 22, .box_h = 23, .ofs_x = 0, .ofs_y = 0},
    {.bitmap_index = 17529, .adv_w = 358, .box_w = 20, .box_h = 23, .ofs_x = 1, .ofs_y = 0},
    {.bitmap_index = 17989, .adv_w = 327, .box_w = 17, .box_h = 18, .ofs_x = 1, .ofs_y = 0},
    {.bitmap_index = 18295, .adv_w = 337, .box_w = 18, .box_h = 24, .ofs_x = 2, .ofs_y = 0},
    {.bitmap_index = 18727, .adv_w = 291, .box_w = 16, .box_h = 18, .ofs_x = 1, .ofs_y = 0},
    {.bitmap_index = 19015, .adv_w = 337, .box_w = 18, .box_h = 24, .ofs_x = 1, .ofs_y = 0},
    {.bitmap_index = 19447, .adv_w = 325, .box_w = 18, .box_h = 18, .ofs_x = 1, .ofs_y = 0},
    {.bitmap_index = 19771, .adv_w = 200, .box_w = 14, .box_h = 24, .ofs_x = 0, .ofs_y = 0},
    {.bitmap_index = 20107, .adv_w = 337, .box_w = 18, .box_h = 24, .ofs_x = 1, .ofs_y = -6},
    {.bitmap_index = 20539, .adv_w = 340, .box_w = 17, .box_h = 24, .ofs_x = 2, .ofs_y = 0},
    {.bitmap_index = 20947, .adv_w = 162, .box_w = 6, .box_h = 24, .ofs_x = 2, .ofs_y = 0},
    {.bitmap_index = 21091, .adv_w = 190, .box_w = 11, .box_h = 30, .ofs_x = -1, .ofs_y = -6},
    {.bitmap_index = 21421, .adv_w = 323, .box_w = 19, .box_h = 24, .ofs_x = 2, .ofs_y = 0},
    {.bitmap_index = 21877, .adv_w = 158, .box_w = 6, .box_h = 24, .ofs_x = 2, .ofs_y = 0},
    {.bitmap_index = 22021, .adv_w = 519, .box_w = 28, .box_h = 18, .ofs_x = 2, .ofs_y = 0},
    {.bitmap_index = 22525, .adv_w = 340, .box_w = 17, .box_h = 18, .ofs_x = 2, .ofs_y = 0},
    {.bitmap_index = 22831, .adv_w = 334, .box_w = 19, .box_h = 18, .ofs_x = 1, .ofs_y = 0},
    {.bitmap_index = 23173, .adv_w = 337, .box_w = 18, .box_h = 24, .ofs_x = 2, .ofs_y = -6},
    {.bitmap_index = 23605, .adv_w = 337, .box_w = 18, .box_h = 24, .ofs_x = 1, .ofs_y = -6},
    {.bitmap_index = 24037, .adv_w = 234, .box_w = 13, .box_h = 18, .ofs_x = 2, .ofs_y = 0},
    {.bitmap_index = 24271, .adv_w = 288, .box_w = 16, .box_h = 18, .ofs_x = 1, .ofs_y = 0},
    {.bitmap_index = 24559, .adv_w = 220, .box_w = 14, .box_h = 23, .ofs_x = 0, .ofs_y = 0},
    {.bitmap_index = 24881, .adv_w = 340, .box_w = 17, .box_h = 18, .ofs_x = 2, .ofs_y = 0},
    {.bitmap_index = 25187, .adv_w = 319, .box_w = 20, .box_h = 18, .ofs_x = 0, .ofs_y = 0},
    {.bitmap_index = 25547, .adv_w = 445, .box_w = 28, .box_h = 18, .ofs_x = 0, .ofs_y = 0},
    {.bitmap_index = 26051, .adv_w = 319, .box_w = 20, .box_h = 18, .ofs_x = 0, .ofs_y = 0},
    {.bitmap_index = 26411, .adv_w = 319, .box_w = 20, .box_h = 24, .ofs_x = 0, .ofs_y = -6},
    {.bitmap_index = 26891, .adv_w = 297, .box_w = 17, .box_h = 18, .ofs_x = 1, .ofs_y = 0}
};

/*---------------------
 *  CHARACTER MAPPING
 *--------------------*/

static const uint8_t glyph_id_ofs_list_0[] = {
    0, 0, 0, 0, 0, 0, 0, 1,
    0, 2, 0, 3, 4, 5, 6, 7,
    8, 9, 10, 11, 12
};

/*Collect the unicode lists and glyph_id offsets*/
static const lv_font_fmt_txt_cmap_t cmaps[] =
{
    {
        .range_start = 37, .range_length = 21, .glyph_id_start = 1,
        .unicode_list = NULL, .glyph_id_ofs_list = glyph_id_ofs_list_0, .list_length = 21, .type = LV_FONT_FMT_TXT_CMAP_FORMAT0_FULL
    },
    {
        .range_start = 65, .range_length = 26, .glyph_id_start = 14,
        .unicode_list = NULL, .glyph_id_ofs_list = NULL, .list_length = 0, .type = LV_FONT_FMT_TXT_CMAP_FORMAT0_TINY
    },
    {
        .range_start = 97, .range_length = 26, .glyph_id_start = 40,
        .unicode_list = NULL, .glyph_id_ofs_list = NULL, .list_length = 0, .type = LV_FONT_FMT_TXT_CMAP_FORMAT0_TINY
    }
};

/*-----------------
 *    KERNING
 *----------------*/


/*Pair left and right glyphs for kerning*/
static const uint8_t kern_pair_glyph_ids[] =
{
    2, 14,
    2, 16,
    2, 20,
    2, 28,
    2, 30,
    2, 33,
    2, 34,
    2, 35,
    2, 36,
    2, 38,
    2, 61,
    2, 62,
    2, 64,
    3, 16,
    3, 20,
    3, 28,
    3, 30,
    3, 33,
    3, 34,
    3, 35,
    3, 36,
    3, 37,
    3, 38,
    3, 42,
    3, 43,
    3, 44,
    3, 46,
    3, 54,
    3, 56,
    3, 59,
    3, 60,
    3, 61,
    3, 62,
    3, 64,
    14, 16,
    14, 20,
    14, 23,
    14, 28,
    14, 30,
    14, 32,
    14, 33,
    14, 34,
    14, 35,
    14, 36,
    14, 38,
    14, 45,
    14, 58,
    14, 59,
    14, 61,
    14, 62,
    14, 64,
    15, 2,
    15, 14,
    15, 33,
    15, 35,
    15, 36,
    15, 38,
    15, 61,
    15, 63,
    15, 64,
    16, 3,
    16, 14,
    16, 23,
    16, 32,
    16, 33,
    16, 35,
    16, 37,
    16, 38,
    16, 39,
    16, 40,
    16, 42,
    16, 43,
    16, 44,
    16, 46,
    16, 54,
    16, 56,
    16, 58,
    16, 61,
    16, 62,
    16, 63,
    16, 64,
    16, 65,
    17, 2,
    17, 3,
    17, 14,
    17, 33,
    17, 35,
    17, 36,
    17, 37,
    17, 38,
    17, 39,
    17, 63,
    18, 42,
    18, 43,
    18, 44,
    18, 46,
    18, 54,
    18, 56,
    18, 60,
    18, 61,
    18, 64,
    19, 2,
    19, 3,
    19, 14,
    19, 16,
    19, 20,
    19, 28,
    19, 30,
    19, 32,
    19, 33,
    19, 39,
    19, 40,
    19, 42,
    19, 43,
    19, 44,
    19, 45,
    19, 46,
    19, 52,
    19, 53,
    19, 54,
    19, 55,
    19, 56,
    19, 57,
    19, 58,
    19, 60,
    19, 61,
    19, 62,
    19, 63,
    19, 64,
    19, 65,
    20, 23,
    20, 32,
    20, 36,
    22, 42,
    22, 43,
    22, 44,
    22, 46,
    22, 54,
    22, 56,
    22, 60,
    22, 61,
    22, 62,
    22, 64,
    23, 2,
    23, 3,
    23, 14,
    23, 23,
    23, 63,
    23, 65,
    24, 3,
    24, 16,
    24, 20,
    24, 23,
    24, 28,
    24, 30,
    24, 32,
    24, 34,
    24, 35,
    24, 36,
    24, 38,
    24, 42,
    24, 43,
    24, 44,
    24, 46,
    24, 54,
    24, 56,
    24, 59,
    24, 60,
    24, 61,
    24, 62,
    24, 64,
    25, 16,
    25, 20,
    25, 23,
    25, 28,
    25, 30,
    25, 33,
    25, 34,
    25, 35,
    25, 36,
    25, 38,
    25, 40,
    25, 42,
    25, 43,
    25, 44,
    25, 46,
    25, 54,
    25, 56,
    25, 59,
    25, 60,
    25, 61,
    25, 62,
    25, 64,
    28, 2,
    28, 3,
    28, 14,
    28, 33,
    28, 35,
    28, 36,
    28, 37,
    28, 38,
    28, 39,
    28, 63,
    29, 2,
    29, 3,
    29, 14,
    29, 23,
    29, 33,
    29, 36,
    29, 37,
    29, 38,
    29, 39,
    29, 40,
    29, 42,
    29, 43,
    29, 44,
    29, 46,
    29, 54,
    29, 56,
    29, 63,
    30, 2,
    30, 3,
    30, 14,
    30, 33,
    30, 35,
    30, 36,
    30, 37,
    30, 38,
    30, 39,
    30, 49,
    30, 63,
    31, 16,
    31, 20,
    31, 23,
    31, 28,
    31, 30,
    31, 33,
    31, 34,
    31, 35,
    31, 36,
    31, 37,
    31, 38,
    31, 42,
    31, 43,
    31, 44,
    31, 46,
    31, 54,
    31, 56,
    31, 60,
    31, 61,
    31, 62,
    31, 64,
    32, 2,
    32, 32,
    32, 36,
    32, 37,
    32, 38,
    33, 2,
    33, 3,
    33, 14,
    33, 16,
    33, 20,
    33, 23,
    33, 28,
    33, 30,
    33, 33,
    33, 39,
    33, 40,
    33, 42,
    33, 43,
    33, 44,
    33, 45,
    33, 46,
    33, 49,
    33, 52,
    33, 53,
    33, 54,
    33, 55,
    33, 56,
    33, 57,
    33, 58,
    33, 59,
    33, 60,
    33, 61,
    33, 62,
    33, 63,
    33, 64,
    33, 65,
    34, 2,
    34, 3,
    34, 14,
    34, 63,
    35, 2,
    35, 3,
    35, 14,
    35, 16,
    35, 20,
    35, 23,
    35, 28,
    35, 30,
    35, 39,
    35, 40,
    35, 42,
    35, 43,
    35, 44,
    35, 46,
    35, 49,
    35, 52,
    35, 53,
    35, 54,
    35, 55,
    35, 56,
    35, 57,
    35, 58,
    35, 60,
    35, 61,
    35, 62,
    35, 63,
    35, 64,
    35, 65,
    36, 2,
    36, 3,
    36, 14,
    36, 16,
    36, 20,
    36, 23,
    36, 28,
    36, 30,
    36, 39,
    36, 40,
    36, 42,
    36, 43,
    36, 44,
    36, 46,
    36, 52,
    36, 53,
    36, 54,
    36, 55,
    36, 56,
    36, 57,
    36, 58,
    36, 60,
    36, 61,
    36, 62,
    36, 63,
    36, 64,
    36, 65,
    37, 16,
    37, 20,
    37, 23,
    37, 28,
    37, 30,
    37, 32,
    37, 39,
    37, 42,
    37, 43,
    37, 44,
    37, 46,
    37, 54,
    37, 56,
    37, 59,
    37, 60,
    37, 61,
    37, 62,
    37, 63,
    37, 64,
    38, 2,
    38, 3,
    38, 14,
    38, 16,
    38, 20,
    38, 23,
    38, 28,
    38, 30,
    38, 32,
    38, 38,
    38, 39,
    38, 40,
    38, 42,
    38, 43,
    38, 44,
    38, 45,
    38, 46,
    38, 48,
    38, 49,
    38, 52,
    38, 53,
    38, 54,
    38, 55,
    38, 56,
    38, 57,
    38, 58,
    38, 59,
    38, 60,
    38, 61,
    38, 62,
    38, 63,
    38, 64,
    38, 65,
    39, 16,
    39, 20,
    39, 28,
    39, 30,
    39, 39,
    39, 41,
    39, 42,
    39, 43,
    39, 44,
    39, 45,
    39, 46,
    39, 47,
    39, 48,
    39, 49,
    39, 50,
    39, 51,
    39, 52,
    39, 53,
    39, 54,
    39, 55,
    39, 56,
    39, 57,
    39, 58,
    39, 59,
    39, 60,
    39, 61,
    39, 62,
    39, 63,
    39, 64,
    39, 65,
    40, 61,
    40, 64,
    41, 2,
    41, 3,
    41, 61,
    41, 63,
    41, 64,
    41, 65,
    42, 61,
    43, 43,
    44, 2,
    44, 3,
    44, 61,
    44, 64,
    45, 2,
    45, 3,
    45, 41,
    45, 42,
    45, 43,
    45, 44,
    45, 47,
    45, 50,
    45, 56,
    45, 61,
    45, 62,
    45, 63,
    45, 64,
    47, 61,
    47, 64,
    50, 40,
    50, 42,
    50, 43,
    50, 44,
    50, 46,
    50, 49,
    50, 54,
    50, 56,
    50, 60,
    50, 61,
    50, 63,
    50, 64,
    52, 61,
    52, 64,
    53, 61,
    53, 64,
    54, 2,
    54, 3,
    54, 61,
    54, 63,
    54, 64,
    54, 65,
    55, 2,
    55, 3,
    55, 61,
    55, 63,
    55, 64,
    55, 65,
    56, 49,
    56, 51,
    57, 2,
    57, 3,
    57, 44,
    57, 45,
    57, 49,
    57, 58,
    57, 59,
    57, 61,
    57, 62,
    57, 63,
    57, 64,
    57, 65,
    58, 2,
    58, 3,
    58, 61,
    58, 64,
    58, 65,
    59, 40,
    59, 51,
    59, 58,
    59, 59,
    59, 61,
    59, 62,
    59, 63,
    59, 64,
    61, 2,
    61, 3,
    61, 40,
    61, 42,
    61, 43,
    61, 44,
    61, 45,
    61, 46,
    61, 50,
    61, 54,
    61, 56,
    61, 58,
    61, 59,
    62, 2,
    62, 3,
    62, 42,
    62, 45,
    62, 59,
    63, 40,
    63, 42,
    63, 43,
    63, 44,
    63, 45,
    63, 46,
    63, 54,
    63, 56,
    63, 59,
    63, 63,
    64, 2,
    64, 3,
    64, 40,
    64, 42,
    64, 43,
    64, 44,
    64, 45,
    64, 46,
    64, 50,
    64, 54,
    64, 56,
    64, 58,
    64, 59,
    65, 54
};

/* Kerning between the respective left and right glyphs
 * 4.4 format which needs to scaled with `kern_scale`*/
static const int8_t kern_pair_values[] =
{
    10, -10, -10, -5, -5, -60, -5, -30,
    -20, -40, -20, -12, -20, -20, -20, -20,
    -20, -60, -10, -40, -30, -2, -40, -7,
    -7, -7, -5, -7, -7, -5, -5, -27,
    -17, -27, -7, -7, 10, -7, -7, 3,
    -30, -10, -12, -10, -17, -2, 8, -2,
    -10, -5, -10, -10, -2, -12, -7, -7,
    -10, -2, -2, -2, 13, 5, 10, 5,
    5, 5, 5, 3, 5, 8, 3, 3,
    3, 3, 3, 3, 8, 3, 3, 8,
    3, 8, -10, -20, -7, -7, -7, -7,
    -15, -15, -12, -5, -5, -5, -5, -5,
    -5, -5, -2, -2, -2, -80, -60, -25,
    -2, -2, -2, -2, 3, 5, -2, -10,
    -10, -10, -10, -5, -10, -10, -10, -10,
    -10, -10, -10, -10, -10, -7, -7, -10,
    -7, -10, 5, 5, -2, -10, -10, -10,
    -10, -10, -10, -5, -7, -7, -7, -30,
    -10, -10, -5, -2, -2, 15, -15, -20,
    8, -15, -15, -2, -10, -5, -5, -5,
    -10, -10, -10, -10, -10, -10, -2, -12,
    -20, -15, -20, -15, -15, 13, -15, -15,
    -50, -15, -37, -30, -45, 3, -5, -5,
    -5, -5, -5, -5, -7, -10, -25, -20,
    -22, -10, -20, -7, -12, -7, -7, -15,
    -15, -12, -5, -70, -60, -25, -12, -5,
    -2, -7, -5, -5, -10, -10, -10, -10,
    -10, -10, -10, -2, -10, -20, -7, -12,
    -7, -7, -15, -15, -12, 8, -5, -7,
    -10, 15, -7, -7, -17, -7, -12, -10,
    5, -17, -7, -7, -7, -7, -7, -7,
    -7, -12, -10, -10, -10, -2, -2, -5,
    -7, -60, -60, -30, -12, -12, -5, -12,
    -12, -14, -5, -27, -37, -37, -37, -10,
    -37, -5, -25, -25, -37, -25, -37, -25,
    -32, -5, -25, -20, -20, -22, -20, -22,
    -10, -10, -10, -2, -30, -40, -12, -7,
    -7, -10, -7, -7, -2, -17, -17, -17,
    -17, -17, -2, -10, -10, -17, -10, -17,
    -10, -15, -12, -7, -7, -10, -7, -12,
    -20, -30, -10, -7, -7, -7, -7, -7,
    -2, -10, -15, -15, -15, -15, -12, -12,
    -15, -12, -15, -12, -12, -15, -7, -7,
    -7, -7, -7, -15, -15, 8, -15, -15,
    -2, -2, -10, -10, -10, -7, -10, -10,
    -5, -10, -17, -12, -2, -17, -40, -40,
    -17, -15, -15, -10, -15, -15, -2, 3,
    -2, -37, -40, -40, -40, -10, -40, -5,
    -2, -27, -27, -40, -27, -40, -27, -37,
    -10, -30, -25, -25, -25, -25, -30, -12,
    -12, -12, -12, -2, -5, -12, -12, -12,
    -5, -12, -5, -5, -5, -5, -5, -5,
    -5, -10, -5, -12, -5, -5, -5, -7,
    -15, -12, -2, -12, -5, -5, -5, -10,
    -7, -5, -7, -5, -2, 5, -5, -5,
    -5, -5, -5, -30, -27, 3, -7, -2,
    -7, 3, 3, -2, 5, 5, 5, 5,
    -5, -2, -2, -7, -10, -7, -10, -2,
    -7, -7, -7, -5, 5, -2, -5, -5,
    -5, -5, -10, -7, -5, -7, -5, -2,
    -10, -7, -5, -7, -5, -2, 13, -2,
    -42, -37, -2, 5, 5, 5, 8, 8,
    8, 5, 8, 5, -10, -5, -2, -2,
    -2, 3, 5, 5, 3, 5, 5, 5,
    5, -20, -27, -2, -5, -5, -5, 5,
    -5, -5, -5, -5, -2, 5, -12, -17,
    -2, 5, 5, -2, -7, -7, -7, 5,
    -2, -7, -7, 5, 5, -20, -27, -5,
    -5, -5, -5, 5, -5, -10, -5, -5,
    -2, 5, -2
};

/*Collect the kern pair's data in one place*/
static const lv_font_fmt_txt_kern_pair_t kern_pairs =
{
    .glyph_ids = kern_pair_glyph_ids,
    .values = kern_pair_values,
    .pair_cnt = 555,
    .glyph_ids_size = 0
};

/*--------------------
 *  ALL CUSTOM DATA
 *--------------------*/

#if LVGL_VERSION_MAJOR == 8
/*Store all the custom data of the font*/
static  lv_font_fmt_txt_glyph_cache_t cache;
#endif

#if LVGL_VERSION_MAJOR >= 8
static const lv_font_fmt_txt_dsc_t font_dsc = {
#else
static lv_font_fmt_txt_dsc_t font_dsc = {
#endif
    .glyph_bitmap = glyph_bitmap,
    .glyph_dsc = glyph_dsc,
    .cmaps = cmaps,
    .kern_dsc = &kern_pairs,
    .kern_scale = 16,
    .cmap_num = 3,
    .bpp = 8,
    .kern_classes = 0,
    .bitmap_format = 0,
#if LVGL_VERSION_MAJOR == 8
    .cache = &cache
#endif

};

extern const lv_font_t vedvedana_pro_semi_bold_32;


/*-----------------
 *  PUBLIC FONT
 *----------------*/

/*Initialize a public general font descriptor*/
#if LVGL_VERSION_MAJOR >= 8
const lv_font_t vedvedana_pro_semi_bold_32 = {
#else
lv_font_t vedvedana_pro_semi_bold_32 = {
#endif
    .get_glyph_dsc = lv_font_get_glyph_dsc_fmt_txt,    /*Function pointer to get glyph's data*/
    .get_glyph_bitmap = lv_font_get_bitmap_fmt_txt,    /*Function pointer to get glyph's bitmap*/
    .line_height = 30,          /*The maximum line height required by the font*/
    .base_line = 6,             /*Baseline measured from the bottom of the line*/
#if !(LVGL_VERSION_MAJOR == 6 && LVGL_VERSION_MINOR == 0)
    .subpx = LV_FONT_SUBPX_NONE,
#endif
#if LV_VERSION_CHECK(7, 4, 0) || LVGL_VERSION_MAJOR >= 8
    .underline_position = -2,
    .underline_thickness = 2,
#endif
    .static_bitmap = 0,
    .dsc = &font_dsc,          /*The custom font data. Will be accessed by `get_glyph_bitmap/dsc` */
#if LV_VERSION_CHECK(8, 2, 0) || LVGL_VERSION_MAJOR >= 9
    .fallback = &vedvedana_pro_semi_bold_32,
#endif
    .user_data = NULL,
};



#endif /*#if VEDVEDANA_PRO_SEMI_BOLD_32*/
