/*******************************************************************************
 * Size: 24 px
 * Bpp: 8
 * Opts: --bpp 8 --size 24 --no-compress --use-color-info --stride 1 --align 1 --font verdana-pro-cond-semi-bold.ttf --range 32-127 --format lvgl -o verdana_pro_cond_semi_bold_24_glyph.c
 ******************************************************************************/

#ifdef __has_include
    #if __has_include("lvgl.h")
        #ifndef LV_LVGL_H_INCLUDE_SIMPLE
            #define LV_LVGL_H_INCLUDE_SIMPLE
        #endif
    #endif
#endif

#ifdef LV_LVGL_H_INCLUDE_SIMPLE
    #include "lvgl.h"
#else
    #include "lvgl/lvgl.h"
#endif



#ifndef VERDANA_PRO_COND_SEMI_BOLD_24_GLYPH
#define VERDANA_PRO_COND_SEMI_BOLD_24_GLYPH 1
#endif

#if VERDANA_PRO_COND_SEMI_BOLD_24_GLYPH

/*-----------------
 *    BITMAPS
 *----------------*/

/*Store the image of the glyphs*/
static LV_ATTRIBUTE_LARGE_CONST const uint8_t glyph_bitmap[] = {
    /* U+0020 " " */

    /* U+0021 "!" */
    0xfc, 0xff, 0xff, 0xab, 0xf3, 0xff, 0xff, 0xa2,
    0xea, 0xff, 0xff, 0x99, 0xe2, 0xff, 0xff, 0x91,
    0xd9, 0xff, 0xff, 0x88, 0xd0, 0xff, 0xff, 0x7f,
    0xc8, 0xff, 0xff, 0x77, 0xbf, 0xff, 0xff, 0x6e,
    0xb6, 0xff, 0xff, 0x65, 0xad, 0xff, 0xff, 0x5c,
    0xa5, 0xff, 0xff, 0x54, 0x9c, 0xff, 0xff, 0x4b,
    0x3c, 0x68, 0x68, 0x1c, 0x0, 0x0, 0x0, 0x0,
    0x76, 0x7c, 0x7c, 0x4b, 0xf4, 0xff, 0xff, 0x9c,
    0xf4, 0xff, 0xff, 0x9c, 0xf4, 0xff, 0xff, 0x9c,

    /* U+0022 "\"" */
    0xb7, 0xff, 0xff, 0x95, 0x0, 0x3b, 0xff, 0xff,
    0xff, 0x11, 0xa3, 0xff, 0xff, 0x82, 0x0, 0x27,
    0xff, 0xff, 0xfd, 0x1, 0x90, 0xff, 0xff, 0x6f,
    0x0, 0x14, 0xff, 0xff, 0xeb, 0x0, 0x7d, 0xff,
    0xff, 0x5c, 0x0, 0x3, 0xfe, 0xff, 0xd8, 0x0,
    0x6a, 0xff, 0xff, 0x49, 0x0, 0x0, 0xee, 0xff,
    0xc5, 0x0, 0x57, 0xff, 0xff, 0x36, 0x0, 0x0,
    0xdb, 0xff, 0xb2, 0x0, 0x44, 0xff, 0xff, 0x23,
    0x0, 0x0, 0xc8, 0xff, 0x9f, 0x0, 0x1b, 0x84,
    0x84, 0xa, 0x0, 0x0, 0x5f, 0x84, 0x4a, 0x0,

    /* U+0023 "#" */
    0x0, 0x0, 0x0, 0x0, 0x0, 0x0, 0x9f, 0xff,
    0x85, 0x0, 0x0, 0xaf, 0xff, 0x78, 0x0, 0x0,
    0x0, 0x0, 0x0, 0x0, 0x0, 0x0, 0xd4, 0xff,
    0x51, 0x0, 0x0, 0xe3, 0xff, 0x43, 0x0, 0x0,
    0x0, 0x0, 0x0, 0x0, 0x0, 0xc, 0xfd, 0xff,
    0x1c, 0x0, 0x17, 0xff, 0xfe, 0x10, 0x0, 0x0,
    0x0, 0x0, 0x0, 0x0, 0x0, 0x3e, 0xff, 0xe8,
    0x0, 0x0, 0x4c, 0xff, 0xd9, 0x0, 0x0, 0x0,
    0x0, 0x0, 0x2d, 0x30, 0x30, 0x89, 0xff, 0xc6,
    0x30, 0x30, 0x93, 0xff, 0xb9, 0x30, 0x30, 0xa,
    0x0, 0x0, 0xf4, 0xff, 0xff, 0xff, 0xff, 0xff,
    0xff, 0xff, 0xff, 0xff, 0xff, 0xff, 0xff, 0x38,
    0x0, 0x0, 0xf4, 0xff, 0xff, 0xff, 0xff, 0xff,
    0xff, 0xff, 0xff, 0xff, 0xff, 0xff, 0xff, 0x38,
    0x0, 0x0, 0x0, 0x0, 0x1d, 0xff, 0xfb, 0xa,
    0x0, 0x2a, 0xff, 0xf2, 0x3, 0x0, 0x0, 0x0,
    0x0, 0x0, 0x0, 0x0, 0x59, 0xff, 0xc9, 0x0,
    0x0, 0x65, 0xff, 0xb9, 0x0, 0x0, 0x0, 0x0,
    0x0, 0x0, 0x0, 0x0, 0x94, 0xff, 0x8d, 0x0,
    0x0, 0xa0, 0xff, 0x7d, 0x0, 0x0, 0x0, 0x0,
    0x0, 0x0, 0x0, 0x0, 0xcf, 0xff, 0x51, 0x0,
    0x0, 0xdb, 0xff, 0x41, 0x0, 0x0, 0x0, 0x0,
    0x28, 0xff, 0xff, 0xff, 0xff, 0xff, 0xff, 0xff,
    0xff, 0xff, 0xff, 0xff, 0xff, 0xff, 0x8, 0x0,
    0x28, 0xff, 0xff, 0xff, 0xff, 0xff, 0xff, 0xff,
    0xff, 0xff, 0xff, 0xff, 0xff, 0xff, 0x8, 0x0,
    0x8, 0x38, 0x38, 0x9a, 0xff, 0xb7, 0x38, 0x38,
    0xa9, 0xff, 0xa7, 0x38, 0x38, 0x38, 0x1, 0x0,
    0x0, 0x0, 0x0, 0xaf, 0xff, 0x73, 0x0, 0x0,
    0xc1, 0xff, 0x5e, 0x0, 0x0, 0x0, 0x0, 0x0,
    0x0, 0x0, 0x0, 0xe6, 0xff, 0x3d, 0x0, 0x2,
    0xf3, 0xff, 0x27, 0x0, 0x0, 0x0, 0x0, 0x0,
    0x0, 0x0, 0x1d, 0xff, 0xfc, 0xb, 0x0, 0x2c,
    0xff, 0xf0, 0x1, 0x0, 0x0, 0x0, 0x0, 0x0,
    0x0, 0x0, 0x54, 0xff, 0xd2, 0x0, 0x0, 0x61,
    0xff, 0xbb, 0x0, 0x0, 0x0, 0x0, 0x0, 0x0,

    /* U+0024 "$" */
    0x0, 0x0, 0x0, 0x0, 0x0, 0x28, 0xff, 0x6c,
    0x0, 0x0, 0x0, 0x0, 0x0, 0x0, 0x0, 0x0,
    0x0, 0x0, 0x28, 0xff, 0x6c, 0x0, 0x0, 0x0,
    0x0, 0x0, 0x0, 0x0, 0x0, 0x0, 0x13, 0x68,
    0xff, 0xa0, 0x45, 0x15, 0x0, 0x0, 0x0, 0x0,
    0x0, 0x1c, 0xb2, 0xfe, 0xff, 0xff, 0xff, 0xff,
    0xff, 0xd0, 0x3c, 0x0, 0x0, 0x27, 0xee, 0xff,
    0xff, 0xff, 0xff, 0xff, 0xff, 0xff, 0xff, 0x6c,
    0x0, 0x0, 0xb4, 0xff, 0xff, 0xbd, 0x5a, 0xff,
    0x96, 0x61, 0xa2, 0xf5, 0x6c, 0x0, 0x4, 0xfa,
    0xff, 0xf5, 0x9, 0x8, 0xff, 0x6c, 0x0, 0x0,
    0x17, 0x29, 0x0, 0xc, 0xff, 0xff, 0xeb, 0x0,
    0x8, 0xff, 0x6c, 0x0, 0x0, 0x0, 0x0, 0x0,
    0x0, 0xea, 0xff, 0xff, 0x90, 0x1f, 0xff, 0x6c,
    0x0, 0x0, 0x0, 0x0, 0x0, 0x0, 0x86, 0xff,
    0xff, 0xff, 0xfd, 0xff, 0xc7, 0x69, 0x17, 0x0,
    0x0, 0x0, 0x0, 0x6, 0xa6, 0xff, 0xff, 0xff,
    0xff, 0xff, 0xff, 0xf9, 0x8b, 0x5, 0x0, 0x0,
    0x0, 0x0, 0x3b, 0x9f, 0xe9, 0xff, 0xff, 0xff,
    0xff, 0xff, 0x95, 0x0, 0x0, 0x0, 0x0, 0x0,
    0x0, 0x1c, 0xff, 0xa3, 0xc7, 0xff, 0xff, 0xfc,
    0x12, 0x0, 0x0, 0x0, 0x0, 0x0, 0x1c, 0xff,
    0x64, 0x4, 0xdc, 0xff, 0xff, 0x3b, 0x0, 0x0,
    0x0, 0x0, 0x0, 0x1c, 0xff, 0x64, 0x0, 0xbb,
    0xff, 0xff, 0x31, 0x0, 0xce, 0x54, 0x6, 0x0,
    0x1c, 0xff, 0x64, 0x15, 0xef, 0xff, 0xf1, 0x9,
    0x0, 0xfc, 0xff, 0xf7, 0xcc, 0xc1, 0xff, 0xc7,
    0xe7, 0xff, 0xff, 0x85, 0x0, 0x0, 0xf9, 0xff,
    0xff, 0xff, 0xff, 0xff, 0xff, 0xff, 0xff, 0xae,
    0x5, 0x0, 0x0, 0x21, 0x7c, 0xbd, 0xe7, 0xfa,
    0xff, 0xf0, 0xbb, 0x58, 0x1, 0x0, 0x0, 0x0,
    0x0, 0x0, 0x0, 0x0, 0x28, 0xff, 0x6c, 0x0,
    0x0, 0x0, 0x0, 0x0, 0x0, 0x0, 0x0, 0x0,
    0x0, 0x28, 0xff, 0x6c, 0x0, 0x0, 0x0, 0x0,
    0x0, 0x0, 0x0, 0x0, 0x0, 0x0, 0x28, 0xff,
    0x6c, 0x0, 0x0, 0x0, 0x0, 0x0, 0x0, 0x0,
    0x0, 0x0, 0x0, 0x28, 0xff, 0x6c, 0x0, 0x0,
    0x0, 0x0, 0x0,

    /* U+0025 "%" */
    0x0, 0x17, 0x9d, 0xe8, 0xfa, 0xde, 0x84, 0x6,
    0x0, 0x0, 0x0, 0x0, 0x0, 0x69, 0xff, 0xe2,
    0x5, 0x0, 0x0, 0x0, 0x0, 0x0, 0x8, 0xd6,
    0xff, 0xff, 0xff, 0xff, 0xff, 0xa7, 0x0, 0x0,
    0x0, 0x0, 0x3, 0xde, 0xff, 0x6e, 0x0, 0x0,
    0x0, 0x0, 0x0, 0x0, 0x67, 0xff, 0xff, 0xbd,
    0x71, 0xd5, 0xff, 0xff, 0x2d, 0x0, 0x0, 0x0,
    0x5b, 0xff, 0xeb, 0xa, 0x0, 0x0, 0x0, 0x0,
    0x0, 0x0, 0xac, 0xff, 0xf3, 0x10, 0x0, 0x31,
    0xff, 0xff, 0x70, 0x0, 0x0, 0x1, 0xd2, 0xff,
    0x7c, 0x0, 0x0, 0x0, 0x0, 0x0, 0x0, 0x0,
    0xcb, 0xff, 0xd0, 0x0, 0x0, 0x0, 0xf8, 0xff,
    0x8e, 0x0, 0x0, 0x4d, 0xff, 0xf2, 0x11, 0x0,
    0x0, 0x0, 0x0, 0x0, 0x0, 0x0, 0xcf, 0xff,
    0xcb, 0x0, 0x0, 0x0, 0xf4, 0xff, 0x92, 0x0,
    0x0, 0xc6, 0xff, 0x8a, 0x0, 0x0, 0x0, 0x0,
    0x0, 0x0, 0x0, 0x0, 0xbe, 0xff, 0xe1, 0x0,
    0x0, 0xd, 0xfe, 0xff, 0x7f, 0x0, 0x3f, 0xff,
    0xf8, 0x19, 0x0, 0x0, 0x0, 0x0, 0x0, 0x0,
    0x0, 0x0, 0x8b, 0xff, 0xff, 0x62, 0x8, 0x8c,
    0xff, 0xff, 0x4d, 0x0, 0xb8, 0xff, 0x98, 0x0,
    0x32, 0xb8, 0xf1, 0xf6, 0xc9, 0x4e, 0x0, 0x0,
    0x2b, 0xfb, 0xff, 0xff, 0xff, 0xff, 0xff, 0xe2,
    0x7, 0x32, 0xff, 0xfc, 0x23, 0x29, 0xf4, 0xff,
    0xff, 0xff, 0xff, 0xfe, 0x4e, 0x0, 0x0, 0x63,
    0xf7, 0xff, 0xff, 0xff, 0xe8, 0x38, 0x0, 0xab,
    0xff, 0xa7, 0x0, 0xa7, 0xff, 0xff, 0x97, 0x80,
    0xf7, 0xff, 0xd4, 0x0, 0x0, 0x0, 0x17, 0x59,
    0x6a, 0x4e, 0xb, 0x0, 0x26, 0xfd, 0xff, 0x2f,
    0x0, 0xee, 0xff, 0xbb, 0x0, 0x0, 0x89, 0xff,
    0xff, 0x1b, 0x0, 0x0, 0x0, 0x0, 0x0, 0x0,
    0x0, 0x0, 0x9d, 0xff, 0xb5, 0x0, 0x12, 0xff,
    0xff, 0x88, 0x0, 0x0, 0x4a, 0xff, 0xff, 0x3e,
    0x0, 0x0, 0x0, 0x0, 0x0, 0x0, 0x0, 0x1c,
    0xf9, 0xff, 0x3c, 0x0, 0x1d, 0xff, 0xff, 0x7e,
    0x0, 0x0, 0x3e, 0xff, 0xff, 0x48, 0x0, 0x0,
    0x0, 0x0, 0x0, 0x0, 0x0, 0x8f, 0xff, 0xc3,
    0x0, 0x0, 0x12, 0xff, 0xff, 0x87, 0x0, 0x0,
    0x49, 0xff, 0xff, 0x3d, 0x0, 0x0, 0x0, 0x0,
    0x0, 0x0, 0x13, 0xf4, 0xff, 0x4a, 0x0, 0x0,
    0x0, 0xee, 0xff, 0xc2, 0x0, 0x0, 0x7d, 0xff,
    0xff, 0x19, 0x0, 0x0, 0x0, 0x0, 0x0, 0x0,
    0x81, 0xff, 0xd1, 0x0, 0x0, 0x0, 0x0, 0xa7,
    0xff, 0xff, 0x9d, 0x88, 0xf7, 0xff, 0xd2, 0x0,
    0x0, 0x0, 0x0, 0x0, 0x0, 0xc, 0xed, 0xff,
    0x58, 0x0, 0x0, 0x0, 0x0, 0x29, 0xf4, 0xff,
    0xff, 0xff, 0xff, 0xfe, 0x4c, 0x0, 0x0, 0x0,
    0x0, 0x0, 0x0, 0x73, 0xff, 0xdd, 0x3, 0x0,
    0x0, 0x0, 0x0, 0x0, 0x33, 0xb8, 0xf2, 0xf7,
    0xc9, 0x4d, 0x0, 0x0,

    /* U+0026 "&" */
    0x0, 0x0, 0x2, 0x67, 0xc6, 0xf2, 0xfb, 0xe2,
    0x9e, 0x21, 0x0, 0x0, 0x0, 0x0, 0x0, 0x0,
    0x0, 0x0, 0x0, 0xad, 0xff, 0xff, 0xff, 0xff,
    0xff, 0xff, 0xef, 0x2a, 0x0, 0x0, 0x0, 0x0,
    0x0, 0x0, 0x0, 0x4a, 0xff, 0xff, 0xfd, 0x7b,
    0x5b, 0xe1, 0xff, 0xff, 0xaf, 0x0, 0x0, 0x0,
    0x0, 0x0, 0x0, 0x0, 0x88, 0xff, 0xff, 0xbc,
    0x0, 0x0, 0x61, 0xff, 0xff, 0xdf, 0x0, 0x0,
    0x0, 0x0, 0x0, 0x0, 0x0, 0x87, 0xff, 0xff,
    0xb4, 0x0, 0x0, 0x52, 0xff, 0xff, 0xc9, 0x0,
    0x0, 0x0, 0x0, 0x0, 0x0, 0x0, 0x55, 0xff,
    0xff, 0xf5, 0x19, 0x0, 0xae, 0xff, 0xff, 0x7a,
    0x0, 0x0, 0x0, 0x0, 0x0, 0x0, 0x0, 0x6,
    0xd5, 0xff, 0xff, 0xbe, 0x85, 0xff, 0xff, 0xcf,
    0xb, 0x0, 0x0, 0x0, 0x0, 0x0, 0x0, 0x0,
    0x0, 0x27, 0xe9, 0xff, 0xff, 0xff, 0xfe, 0xa2,
    0xe, 0x0, 0x0, 0x0, 0x0, 0x0, 0x0, 0x0,
    0x0, 0x0, 0x2d, 0xd9, 0xff, 0xff, 0xff, 0xb9,
    0x3, 0x0, 0x0, 0xb9, 0xfc, 0xfc, 0x2f, 0x0,
    0x0, 0x0, 0x30, 0xf4, 0xff, 0xee, 0xba, 0xff,
    0xff, 0xa8, 0x4, 0x0, 0xc1, 0xff, 0xff, 0x2a,
    0x0, 0x0, 0x0, 0xd5, 0xff, 0xff, 0x4c, 0x6,
    0xb8, 0xff, 0xff, 0xae, 0x6, 0xcc, 0xff, 0xff,
    0x14, 0x0, 0x0, 0x37, 0xff, 0xff, 0xe8, 0x0,
    0x0, 0x9, 0xc2, 0xff, 0xff, 0xb4, 0xdf, 0xff,
    0xe2, 0x0, 0x0, 0x0, 0x5d, 0xff, 0xff, 0xd9,
    0x0, 0x0, 0x0, 0xe, 0xcb, 0xff, 0xff, 0xff,
    0xff, 0x8f, 0x0, 0x0, 0x0, 0x59, 0xff, 0xff,
    0xfb, 0x18, 0x0, 0x0, 0x0, 0x12, 0xd3, 0xff,
    0xff, 0xff, 0x24, 0x0, 0x0, 0x0, 0x27, 0xff,
    0xff, 0xff, 0xbb, 0xf, 0x0, 0x0, 0x1a, 0xd6,
    0xff, 0xff, 0xff, 0xab, 0x1, 0x0, 0x0, 0x0,
    0xb9, 0xff, 0xff, 0xff, 0xf0, 0xaf, 0xb0, 0xf3,
    0xff, 0xff, 0xf0, 0xff, 0xff, 0x87, 0x0, 0x0,
    0x0, 0x17, 0xd4, 0xff, 0xff, 0xff, 0xff, 0xff,
    0xff, 0xfc, 0x6d, 0x37, 0xf8, 0xff, 0xff, 0x63,
    0x0, 0x0, 0x0, 0x9, 0x70, 0xc6, 0xf0, 0xfa,
    0xe2, 0xa1, 0x30, 0x0, 0x0, 0x5e, 0xff, 0xff,
    0xfa, 0x43,

    /* U+0027 "'" */
    0x6a, 0xff, 0xff, 0xf5, 0x56, 0xff, 0xff, 0xe2,
    0x42, 0xff, 0xff, 0xce, 0x2e, 0xff, 0xff, 0xba,
    0x19, 0xff, 0xff, 0xa7, 0x5, 0xff, 0xff, 0x93,
    0x0, 0xf1, 0xff, 0x7f, 0x0, 0x74, 0x84, 0x3a,

    /* U+0028 "(" */
    0x0, 0x0, 0x0, 0x17, 0xed, 0xff, 0xff, 0xb8,
    0x0, 0x0, 0x0, 0xaf, 0xff, 0xff, 0xe5, 0x16,
    0x0, 0x0, 0x56, 0xff, 0xff, 0xfe, 0x3e, 0x0,
    0x0, 0x0, 0xd1, 0xff, 0xff, 0xae, 0x0, 0x0,
    0x0, 0x43, 0xff, 0xff, 0xff, 0x32, 0x0, 0x0,
    0x0, 0xaf, 0xff, 0xff, 0xb8, 0x0, 0x0, 0x0,
    0xa, 0xf7, 0xff, 0xff, 0x5d, 0x0, 0x0, 0x0,
    0x44, 0xff, 0xff, 0xff, 0x14, 0x0, 0x0, 0x0,
    0x78, 0xff, 0xff, 0xd9, 0x0, 0x0, 0x0, 0x0,
    0x9d, 0xff, 0xff, 0xaf, 0x0, 0x0, 0x0, 0x0,
    0xb8, 0xff, 0xff, 0x92, 0x0, 0x0, 0x0, 0x0,
    0xc3, 0xff, 0xff, 0x85, 0x0, 0x0, 0x0, 0x0,
    0xbf, 0xff, 0xff, 0x85, 0x0, 0x0, 0x0, 0x0,
    0xac, 0xff, 0xff, 0x92, 0x0, 0x0, 0x0, 0x0,
    0x99, 0xff, 0xff, 0xaf, 0x0, 0x0, 0x0, 0x0,
    0x7c, 0xff, 0xff, 0xd9, 0x0, 0x0, 0x0, 0x0,
    0x41, 0xff, 0xff, 0xff, 0x14, 0x0, 0x0, 0x0,
    0x9, 0xfa, 0xff, 0xff, 0x5e, 0x0, 0x0, 0x0,
    0x0, 0xbe, 0xff, 0xff, 0xb9, 0x0, 0x0, 0x0,
    0x0, 0x5c, 0xff, 0xff, 0xff, 0x34, 0x0, 0x0,
    0x0, 0x5, 0xdf, 0xff, 0xff, 0xb2, 0x0, 0x0,
    0x0, 0x0, 0x5b, 0xff, 0xff, 0xff, 0x40, 0x0,
    0x0, 0x0, 0x0, 0xbc, 0xff, 0xff, 0xe6, 0x16,
    0x0, 0x0, 0x0, 0x1c, 0xed, 0xff, 0xff, 0xb9,

    /* U+0029 ")" */
    0x9d, 0xff, 0xff, 0xf9, 0x2b, 0x0, 0x0, 0x0,
    0xb, 0xd4, 0xff, 0xff, 0xca, 0x3, 0x0, 0x0,
    0x0, 0x28, 0xf6, 0xff, 0xff, 0x74, 0x0, 0x0,
    0x0, 0x0, 0x91, 0xff, 0xff, 0xe8, 0x6, 0x0,
    0x0, 0x0, 0x1b, 0xf8, 0xff, 0xff, 0x5e, 0x0,
    0x0, 0x0, 0x0, 0x9b, 0xff, 0xff, 0xca, 0x0,
    0x0, 0x0, 0x0, 0x40, 0xff, 0xff, 0xff, 0x1d,
    0x0, 0x0, 0x0, 0x3, 0xf1, 0xff, 0xff, 0x61,
    0x0, 0x0, 0x0, 0x0, 0xba, 0xff, 0xff, 0x96,
    0x0, 0x0, 0x0, 0x0, 0x91, 0xff, 0xff, 0xbb,
    0x0, 0x0, 0x0, 0x0, 0x73, 0xff, 0xff, 0xd6,
    0x0, 0x0, 0x0, 0x0, 0x66, 0xff, 0xff, 0xe2,
    0x0, 0x0, 0x0, 0x0, 0x67, 0xff, 0xff, 0xdd,
    0x0, 0x0, 0x0, 0x0, 0x73, 0xff, 0xff, 0xca,
    0x0, 0x0, 0x0, 0x0, 0x91, 0xff, 0xff, 0xb7,
    0x0, 0x0, 0x0, 0x0, 0xbb, 0xff, 0xff, 0x9b,
    0x0, 0x0, 0x0, 0x3, 0xf3, 0xff, 0xff, 0x5e,
    0x0, 0x0, 0x0, 0x43, 0xff, 0xff, 0xff, 0x20,
    0x0, 0x0, 0x0, 0x9e, 0xff, 0xff, 0xda, 0x0,
    0x0, 0x0, 0x1d, 0xf9, 0xff, 0xff, 0x77, 0x0,
    0x0, 0x0, 0x94, 0xff, 0xff, 0xf0, 0x10, 0x0,
    0x0, 0x28, 0xf7, 0xff, 0xff, 0x78, 0x0, 0x0,
    0xa, 0xd4, 0xff, 0xff, 0xd5, 0x5, 0x0, 0x0,
    0x9b, 0xff, 0xff, 0xf8, 0x2f, 0x0, 0x0, 0x0,

    /* U+002A "*" */
    0x0, 0x0, 0x0, 0x0, 0x0, 0x69, 0xff, 0x97,
    0x0, 0x0, 0x0, 0x0, 0x0, 0x0, 0x9, 0x21,
    0x0, 0x0, 0x61, 0xff, 0x90, 0x0, 0x0, 0x9,
    0x1f, 0x0, 0x0, 0x85, 0xef, 0x4d, 0x0, 0x5a,
    0xff, 0x89, 0x0, 0x28, 0xd3, 0xc7, 0x2, 0x4,
    0xce, 0xff, 0xfe, 0x86, 0x56, 0xff, 0x82, 0x5b,
    0xf4, 0xff, 0xed, 0x2b, 0x0, 0x3, 0x6b, 0xec,
    0xff, 0xe5, 0xff, 0xe4, 0xff, 0xf9, 0x8e, 0x10,
    0x0, 0x0, 0x0, 0x0, 0x11, 0x92, 0xff, 0xff,
    0xff, 0xb3, 0x23, 0x0, 0x0, 0x0, 0x0, 0x0,
    0x0, 0x3c, 0xcd, 0xff, 0xff, 0xff, 0xe2, 0x5b,
    0x1, 0x0, 0x0, 0x0, 0x1e, 0xa7, 0xff, 0xfe,
    0xc1, 0xff, 0xcb, 0xf7, 0xff, 0xc9, 0x3b, 0x0,
    0x4, 0xe1, 0xff, 0xee, 0x4c, 0x54, 0xff, 0x82,
    0x2f, 0xd7, 0xff, 0xfe, 0x2d, 0x0, 0x5f, 0xcc,
    0x20, 0x0, 0x5c, 0xff, 0x89, 0x0, 0xb, 0x9f,
    0xa3, 0x0, 0x0, 0x0, 0x6, 0x0, 0x0, 0x63,
    0xff, 0x8f, 0x0, 0x0, 0x0, 0x6, 0x0, 0x0,
    0x0, 0x0, 0x0, 0x0, 0x50, 0xc4, 0x72, 0x0,
    0x0, 0x0, 0x0, 0x0,

    /* U+002B "+" */
    0x0, 0x0, 0x0, 0x0, 0x0, 0x0, 0x21, 0x2c,
    0x2c, 0x5, 0x0, 0x0, 0x0, 0x0, 0x0, 0x0,
    0x0, 0x0, 0x0, 0x0, 0x0, 0xc4, 0xff, 0xff,
    0x20, 0x0, 0x0, 0x0, 0x0, 0x0, 0x0, 0x0,
    0x0, 0x0, 0x0, 0x0, 0xc4, 0xff, 0xff, 0x20,
    0x0, 0x0, 0x0, 0x0, 0x0, 0x0, 0x0, 0x0,
    0x0, 0x0, 0x0, 0xc4, 0xff, 0xff, 0x20, 0x0,
    0x0, 0x0, 0x0, 0x0, 0x0, 0x0, 0x0, 0x0,
    0x0, 0x0, 0xc4, 0xff, 0xff, 0x20, 0x0, 0x0,
    0x0, 0x0, 0x0, 0x0, 0x0, 0x0, 0x0, 0x0,
    0x0, 0xc4, 0xff, 0xff, 0x20, 0x0, 0x0, 0x0,
    0x0, 0x0, 0x0, 0x0, 0x0, 0x0, 0x0, 0x0,
    0xc4, 0xff, 0xff, 0x20, 0x0, 0x0, 0x0, 0x0,
    0x0, 0x20, 0xff, 0xff, 0xff, 0xff, 0xff, 0xff,
    0xff, 0xff, 0xff, 0xff, 0xff, 0xff, 0xff, 0x84,
    0x20, 0xff, 0xff, 0xff, 0xff, 0xff, 0xff, 0xff,
    0xff, 0xff, 0xff, 0xff, 0xff, 0xff, 0x84, 0x1d,
    0xec, 0xec, 0xec, 0xec, 0xec, 0xfb, 0xff, 0xff,
    0xee, 0xec, 0xec, 0xec, 0xec, 0x79, 0x0, 0x0,
    0x0, 0x0, 0x0, 0x0, 0xc4, 0xff, 0xff, 0x20,
    0x0, 0x0, 0x0, 0x0, 0x0, 0x0, 0x0, 0x0,
    0x0, 0x0, 0x0, 0xc4, 0xff, 0xff, 0x20, 0x0,
    0x0, 0x0, 0x0, 0x0, 0x0, 0x0, 0x0, 0x0,
    0x0, 0x0, 0xc4, 0xff, 0xff, 0x20, 0x0, 0x0,
    0x0, 0x0, 0x0, 0x0, 0x0, 0x0, 0x0, 0x0,
    0x0, 0xc4, 0xff, 0xff, 0x20, 0x0, 0x0, 0x0,
    0x0, 0x0, 0x0, 0x0, 0x0, 0x0, 0x0, 0x0,
    0xc4, 0xff, 0xff, 0x20, 0x0, 0x0, 0x0, 0x0,
    0x0, 0x0, 0x0, 0x0, 0x0, 0x0, 0x0, 0xc4,
    0xff, 0xff, 0x20, 0x0, 0x0, 0x0, 0x0, 0x0,

    /* U+002C "," */
    0x0, 0x0, 0x55, 0x90, 0x90, 0x8f, 0xb, 0x0,
    0x0, 0xc1, 0xff, 0xff, 0xc5, 0x0, 0x0, 0x2,
    0xf3, 0xff, 0xff, 0x60, 0x0, 0x0, 0x2d, 0xff,
    0xff, 0xf1, 0xa, 0x0, 0x0, 0x63, 0xff, 0xff,
    0x97, 0x0, 0x0, 0x0, 0x98, 0xff, 0xff, 0x33,
    0x0, 0x0, 0x0, 0xce, 0xff, 0xce, 0x0, 0x0,
    0x0, 0x8, 0xfa, 0xff, 0x6a, 0x0, 0x0, 0x0,
    0x39, 0xff, 0xf6, 0xf, 0x0, 0x0, 0x0,

    /* U+002D "-" */
    0x7, 0x8, 0x8, 0x8, 0x8, 0x8, 0x8, 0x5,
    0xfc, 0xff, 0xff, 0xff, 0xff, 0xff, 0xff, 0xac,
    0xfc, 0xff, 0xff, 0xff, 0xff, 0xff, 0xff, 0xac,
    0xfc, 0xff, 0xff, 0xff, 0xff, 0xff, 0xff, 0xac,

    /* U+002E "." */
    0xf, 0x30, 0x30, 0x30, 0x11, 0x54, 0xff, 0xff,
    0xff, 0x5c, 0x54, 0xff, 0xff, 0xff, 0x5c, 0x54,
    0xff, 0xff, 0xff, 0x5c, 0x54, 0xff, 0xff, 0xff,
    0x5c,

    /* U+002F "/" */
    0x0, 0x0, 0x0, 0x0, 0x0, 0x0, 0x0, 0xab,
    0xff, 0xff, 0x55, 0x0, 0x0, 0x0, 0x0, 0x0,
    0x0, 0x9, 0xf4, 0xff, 0xf5, 0xb, 0x0, 0x0,
    0x0, 0x0, 0x0, 0x0, 0x53, 0xff, 0xff, 0xab,
    0x0, 0x0, 0x0, 0x0, 0x0, 0x0, 0x0, 0xa8,
    0xff, 0xff, 0x56, 0x0, 0x0, 0x0, 0x0, 0x0,
    0x0, 0x8, 0xf3, 0xff, 0xf6, 0xb, 0x0, 0x0,
    0x0, 0x0, 0x0, 0x0, 0x51, 0xff, 0xff, 0xad,
    0x0, 0x0, 0x0, 0x0, 0x0, 0x0, 0x0, 0xa5,
    0xff, 0xff, 0x58, 0x0, 0x0, 0x0, 0x0, 0x0,
    0x0, 0x7, 0xf2, 0xff, 0xf7, 0xc, 0x0, 0x0,
    0x0, 0x0, 0x0, 0x0, 0x4e, 0xff, 0xff, 0xae,
    0x0, 0x0, 0x0, 0x0, 0x0, 0x0, 0x0, 0xa3,
    0xff, 0xff, 0x59, 0x0, 0x0, 0x0, 0x0, 0x0,
    0x0, 0x6, 0xf0, 0xff, 0xf7, 0xd, 0x0, 0x0,
    0x0, 0x0, 0x0, 0x0, 0x4b, 0xff, 0xff, 0xb0,
    0x0, 0x0, 0x0, 0x0, 0x0, 0x0, 0x0, 0xa0,
    0xff, 0xff, 0x5b, 0x0, 0x0, 0x0, 0x0, 0x0,
    0x0, 0x5, 0xee, 0xff, 0xf8, 0xe, 0x0, 0x0,
    0x0, 0x0, 0x0, 0x0, 0x49, 0xff, 0xff, 0xb1,
    0x0, 0x0, 0x0, 0x0, 0x0, 0x0, 0x0, 0x9d,
    0xff, 0xff, 0x5d, 0x0, 0x0, 0x0, 0x0, 0x0,
    0x0, 0x4, 0xed, 0xff, 0xf9, 0xf, 0x0, 0x0,
    0x0, 0x0, 0x0, 0x0, 0x46, 0xff, 0xff, 0xb3,
    0x0, 0x0, 0x0, 0x0, 0x0, 0x0, 0x0, 0x9b,
    0xff, 0xff, 0x5e, 0x0, 0x0, 0x0, 0x0, 0x0,
    0x0, 0x3, 0xeb, 0xff, 0xf9, 0x10, 0x0, 0x0,
    0x0, 0x0, 0x0, 0x0, 0x43, 0xff, 0xff, 0xb5,
    0x0, 0x0, 0x0, 0x0, 0x0, 0x0, 0x0, 0x98,
    0xff, 0xff, 0x60, 0x0, 0x0, 0x0, 0x0, 0x0,
    0x0, 0x0, 0x6b, 0x80, 0x80, 0x10, 0x0, 0x0,
    0x0, 0x0, 0x0, 0x0, 0x0,

    /* U+0030 "0" */
    0x0, 0x0, 0x0, 0x23, 0x9d, 0xe1, 0xf8, 0xea,
    0xb4, 0x44, 0x0, 0x0, 0x0, 0x0, 0x0, 0x39,
    0xf4, 0xff, 0xff, 0xff, 0xff, 0xff, 0xff, 0x71,
    0x0, 0x0, 0x0, 0x6, 0xe1, 0xff, 0xff, 0xff,
    0xe7, 0xfb, 0xff, 0xff, 0xfd, 0x2c, 0x0, 0x0,
    0x5a, 0xff, 0xff, 0xf7, 0x34, 0x0, 0x19, 0xda,
    0xff, 0xff, 0x9d, 0x0, 0x0, 0xa4, 0xff, 0xff,
    0x9f, 0x0, 0x0, 0x0, 0x64, 0xff, 0xff, 0xe6,
    0x0, 0x0, 0xd6, 0xff, 0xff, 0x63, 0x0, 0x0,
    0x0, 0x27, 0xff, 0xff, 0xff, 0x18, 0x0, 0xf7,
    0xff, 0xff, 0x44, 0x0, 0x0, 0x0, 0x9, 0xff,
    0xff, 0xff, 0x3b, 0xa, 0xff, 0xff, 0xff, 0x32,
    0x0, 0x0, 0x0, 0x0, 0xf7, 0xff, 0xff, 0x4d,
    0x13, 0xff, 0xff, 0xff, 0x2b, 0x0, 0x0, 0x0,
    0x0, 0xf0, 0xff, 0xff, 0x57, 0x14, 0xff, 0xff,
    0xff, 0x2a, 0x0, 0x0, 0x0, 0x0, 0xee, 0xff,
    0xff, 0x56, 0xa, 0xff, 0xff, 0xff, 0x32, 0x0,
    0x0, 0x0, 0x0, 0xf5, 0xff, 0xff, 0x4c, 0x0,
    0xf7, 0xff, 0xff, 0x42, 0x0, 0x0, 0x0, 0x7,
    0xff, 0xff, 0xff, 0x39, 0x0, 0xd5, 0xff, 0xff,
    0x60, 0x0, 0x0, 0x0, 0x28, 0xff, 0xff, 0xff,
    0x16, 0x0, 0xa4, 0xff, 0xff, 0x9c, 0x0, 0x0,
    0x0, 0x64, 0xff, 0xff, 0xe3, 0x0, 0x0, 0x5b,
    0xff, 0xff, 0xf4, 0x27, 0x0, 0x11, 0xd8, 0xff,
    0xff, 0x97, 0x0, 0x0, 0x6, 0xe2, 0xff, 0xff,
    0xf8, 0xcf, 0xf0, 0xff, 0xff, 0xfc, 0x26, 0x0,
    0x0, 0x0, 0x3b, 0xf5, 0xff, 0xff, 0xff, 0xff,
    0xff, 0xfe, 0x69, 0x0, 0x0, 0x0, 0x0, 0x0,
    0x24, 0x9e, 0xe3, 0xf9, 0xeb, 0xb3, 0x40, 0x0,
    0x0, 0x0,

    /* U+0031 "1" */
    0x0, 0x0, 0x0, 0x0, 0x62, 0xff, 0xff, 0xa8,
    0x0, 0x0, 0x0, 0x0, 0x0, 0x0, 0x13, 0xd4,
    0xff, 0xff, 0xa8, 0x0, 0x0, 0x0, 0x2d, 0x97,
    0xb4, 0xf1, 0xff, 0xff, 0xff, 0xa8, 0x0, 0x0,
    0x0, 0x50, 0xff, 0xff, 0xff, 0xff, 0xff, 0xff,
    0xa8, 0x0, 0x0, 0x0, 0x50, 0xff, 0xff, 0xff,
    0xff, 0xff, 0xff, 0xa8, 0x0, 0x0, 0x0, 0x0,
    0x0, 0x0, 0x0, 0xac, 0xff, 0xff, 0xa8, 0x0,
    0x0, 0x0, 0x0, 0x0, 0x0, 0x0, 0xac, 0xff,
    0xff, 0xa8, 0x0, 0x0, 0x0, 0x0, 0x0, 0x0,
    0x0, 0xac, 0xff, 0xff, 0xa8, 0x0, 0x0, 0x0,
    0x0, 0x0, 0x0, 0x0, 0xac, 0xff, 0xff, 0xa8,
    0x0, 0x0, 0x0, 0x0, 0x0, 0x0, 0x0, 0xac,
    0xff, 0xff, 0xa8, 0x0, 0x0, 0x0, 0x0, 0x0,
    0x0, 0x0, 0xac, 0xff, 0xff, 0xa8, 0x0, 0x0,
    0x0, 0x0, 0x0, 0x0, 0x0, 0xac, 0xff, 0xff,
    0xa8, 0x0, 0x0, 0x0, 0x0, 0x0, 0x0, 0x0,
    0xac, 0xff, 0xff, 0xa8, 0x0, 0x0, 0x0, 0x0,
    0x0, 0x0, 0x0, 0xac, 0xff, 0xff, 0xa8, 0x0,
    0x0, 0x0, 0x0, 0x0, 0x0, 0x0, 0xac, 0xff,
    0xff, 0xa8, 0x0, 0x0, 0x0, 0x42, 0xd4, 0xd4,
    0xd4, 0xf1, 0xff, 0xff, 0xf0, 0xd4, 0xd4, 0xca,
    0x50, 0xff, 0xff, 0xff, 0xff, 0xff, 0xff, 0xff,
    0xff, 0xff, 0xf4, 0x50, 0xff, 0xff, 0xff, 0xff,
    0xff, 0xff, 0xff, 0xff, 0xff, 0xf4,

    /* U+0032 "2" */
    0x0, 0x3, 0x50, 0xa1, 0xd7, 0xf4, 0xf9, 0xe4,
    0xaa, 0x3d, 0x0, 0x0, 0x0, 0x0, 0xa6, 0xff,
    0xff, 0xff, 0xff, 0xff, 0xff, 0xff, 0xfe, 0x73,
    0x0, 0x0, 0x0, 0xb4, 0xff, 0xff, 0xff, 0xfd,
    0xff, 0xff, 0xff, 0xff, 0xfe, 0x2e, 0x0, 0x0,
    0xb4, 0xd3, 0x65, 0x1b, 0x1, 0x16, 0x9e, 0xff,
    0xff, 0xff, 0x8b, 0x0, 0x0, 0x30, 0x2, 0x0,
    0x0, 0x0, 0x0, 0x8, 0xf4, 0xff, 0xff, 0xb4,
    0x0, 0x0, 0x0, 0x0, 0x0, 0x0, 0x0, 0x0,
    0x0, 0xd8, 0xff, 0xff, 0xb5, 0x0, 0x0, 0x0,
    0x0, 0x0, 0x0, 0x0, 0x0, 0x2, 0xf0, 0xff,
    0xff, 0x90, 0x0, 0x0, 0x0, 0x0, 0x0, 0x0,
    0x0, 0x0, 0x45, 0xff, 0xff, 0xff, 0x45, 0x0,
    0x0, 0x0, 0x0, 0x0, 0x0, 0x0, 0x1, 0xc3,
    0xff, 0xff, 0xd3, 0x1, 0x0, 0x0, 0x0, 0x0,
    0x0, 0x0, 0x0, 0x6b, 0xff, 0xff, 0xfe, 0x40,
    0x0, 0x0, 0x0, 0x0, 0x0, 0x0, 0x0, 0x3a,
    0xf9, 0xff, 0xff, 0x86, 0x0, 0x0, 0x0, 0x0,
    0x0, 0x0, 0x0, 0x2b, 0xed, 0xff, 0xff, 0xaa,
    0x2, 0x0, 0x0, 0x0, 0x0, 0x0, 0x0, 0x2a,
    0xe7, 0xff, 0xff, 0xb0, 0x6, 0x0, 0x0, 0x0,
    0x0, 0x0, 0x0, 0x2f, 0xea, 0xff, 0xff, 0x9f,
    0x3, 0x0, 0x0, 0x0, 0x0, 0x0, 0x0, 0x40,
    0xf0, 0xff, 0xfd, 0x78, 0x0, 0x0, 0x0, 0x0,
    0x0, 0x0, 0x0, 0x16, 0xf8, 0xff, 0xff, 0xf2,
    0xcc, 0xcc, 0xcc, 0xcc, 0xcc, 0xcc, 0xcc, 0x5c,
    0x20, 0xff, 0xff, 0xff, 0xff, 0xff, 0xff, 0xff,
    0xff, 0xff, 0xff, 0xff, 0x74, 0x20, 0xff, 0xff,
    0xff, 0xff, 0xff, 0xff, 0xff, 0xff, 0xff, 0xff,
    0xff, 0x74,

    /* U+0033 "3" */
    0x0, 0x2, 0x3f, 0x97, 0xd2, 0xf3, 0xf9, 0xe2,
    0xa7, 0x44, 0x0, 0x0, 0x0, 0x0, 0xa9, 0xff,
    0xff, 0xff, 0xff, 0xff, 0xff, 0xff, 0xff, 0x97,
    0x1, 0x0, 0x0, 0xb4, 0xff, 0xff, 0xff, 0xfe,
    0xfe, 0xff, 0xff, 0xff, 0xff, 0x55, 0x0, 0x0,
    0xb2, 0xb5, 0x60, 0x24, 0x3, 0x6, 0x3a, 0xda,
    0xff, 0xff, 0xa5, 0x0, 0x0, 0xb, 0x0, 0x0,
    0x0, 0x0, 0x0, 0x0, 0x65, 0xff, 0xff, 0xad,
    0x0, 0x0, 0x0, 0x0, 0x0, 0x0, 0x0, 0x0,
    0x0, 0x8a, 0xff, 0xff, 0x7d, 0x0, 0x0, 0x0,
    0x0, 0x0, 0x0, 0x5, 0x21, 0x7b, 0xfc, 0xff,
    0xeb, 0x13, 0x0, 0x0, 0x0, 0x0, 0x0, 0xac,
    0xff, 0xff, 0xff, 0xff, 0xc3, 0x28, 0x0, 0x0,
    0x0, 0x0, 0x0, 0x0, 0xac, 0xff, 0xff, 0xff,
    0xeb, 0x8d, 0x1d, 0x0, 0x0, 0x0, 0x0, 0x0,
    0x0, 0x8e, 0xd4, 0xdd, 0xfb, 0xff, 0xff, 0xec,
    0x24, 0x0, 0x0, 0x0, 0x0, 0x0, 0x0, 0x0,
    0x0, 0x14, 0xbb, 0xff, 0xff, 0xb1, 0x0, 0x0,
    0x0, 0x0, 0x0, 0x0, 0x0, 0x0, 0x0, 0x2d,
    0xff, 0xff, 0xf9, 0x3, 0x0, 0x0, 0x0, 0x0,
    0x0, 0x0, 0x0, 0x0, 0x1d, 0xff, 0xff, 0xff,
    0x18, 0x6, 0xa, 0x0, 0x0, 0x0, 0x0, 0x0,
    0x0, 0x64, 0xff, 0xff, 0xfc, 0x7, 0x28, 0xe7,
    0x79, 0x22, 0x0, 0x0, 0x0, 0x54, 0xf1, 0xff,
    0xff, 0xc4, 0x0, 0x28, 0xff, 0xff, 0xff, 0xeb,
    0xd6, 0xf2, 0xff, 0xff, 0xff, 0xff, 0x4a, 0x0,
    0x22, 0xfd, 0xff, 0xff, 0xff, 0xff, 0xff, 0xff,
    0xff, 0xfd, 0x73, 0x0, 0x0, 0x0, 0x25, 0x83,
    0xc2, 0xea, 0xfa, 0xf7, 0xdd, 0x9e, 0x32, 0x0,
    0x0, 0x0,

    /* U+0034 "4" */
    0x0, 0x0, 0x0, 0x0, 0x0, 0x0, 0x0, 0xaf,
    0xff, 0xff, 0xe8, 0x0, 0x0, 0x0, 0x0, 0x0,
    0x0, 0x0, 0x0, 0x0, 0x68, 0xff, 0xff, 0xff,
    0xe8, 0x0, 0x0, 0x0, 0x0, 0x0, 0x0, 0x0,
    0x0, 0x29, 0xf6, 0xff, 0xff, 0xff, 0xe8, 0x0,
    0x0, 0x0, 0x0, 0x0, 0x0, 0x0, 0x6, 0xd0,
    0xff, 0xff, 0xff, 0xff, 0xe8, 0x0, 0x0, 0x0,
    0x0, 0x0, 0x0, 0x0, 0x8f, 0xff, 0xff, 0xb9,
    0xff, 0xff, 0xe8, 0x0, 0x0, 0x0, 0x0, 0x0,
    0x0, 0x47, 0xfe, 0xff, 0xae, 0x54, 0xff, 0xff,
    0xe8, 0x0, 0x0, 0x0, 0x0, 0x0, 0x15, 0xe8,
    0xff, 0xe3, 0x12, 0x54, 0xff, 0xff, 0xe8, 0x0,
    0x0, 0x0, 0x0, 0x0, 0xb4, 0xff, 0xfd, 0x3f,
    0x0, 0x54, 0xff, 0xff, 0xe8, 0x0, 0x0, 0x0,
    0x0, 0x6e, 0xff, 0xff, 0x84, 0x0, 0x0, 0x54,
    0xff, 0xff, 0xe8, 0x0, 0x0, 0x0, 0x2d, 0xf7,
    0xff, 0xc8, 0x4, 0x0, 0x0, 0x54, 0xff, 0xff,
    0xe8, 0x0, 0x0, 0x0, 0x96, 0xff, 0xff, 0xdc,
    0xc8, 0xc8, 0xc8, 0xda, 0xff, 0xff, 0xfa, 0xc8,
    0xc8, 0x12, 0x98, 0xff, 0xff, 0xff, 0xff, 0xff,
    0xff, 0xff, 0xff, 0xff, 0xff, 0xff, 0xff, 0x18,
    0x98, 0xff, 0xff, 0xff, 0xff, 0xff, 0xff, 0xff,
    0xff, 0xff, 0xff, 0xff, 0xff, 0x18, 0x0, 0x0,
    0x0, 0x0, 0x0, 0x0, 0x0, 0x54, 0xff, 0xff,
    0xe8, 0x0, 0x0, 0x0, 0x0, 0x0, 0x0, 0x0,
    0x0, 0x0, 0x0, 0x54, 0xff, 0xff, 0xe8, 0x0,
    0x0, 0x0, 0x0, 0x0, 0x0, 0x0, 0x0, 0x0,
    0x0, 0x54, 0xff, 0xff, 0xe8, 0x0, 0x0, 0x0,
    0x0, 0x0, 0x0, 0x0, 0x0, 0x0, 0x0, 0x54,
    0xff, 0xff, 0xe8, 0x0, 0x0, 0x0, 0x0, 0x0,
    0x0, 0x0, 0x0, 0x0, 0x0, 0x54, 0xff, 0xff,
    0xe8, 0x0, 0x0, 0x0,

    /* U+0035 "5" */
    0x54, 0xff, 0xff, 0xff, 0xff, 0xff, 0xff, 0xff,
    0xff, 0xff, 0xec, 0x0, 0x54, 0xff, 0xff, 0xff,
    0xff, 0xff, 0xff, 0xff, 0xff, 0xff, 0xec, 0x0,
    0x54, 0xff, 0xff, 0xed, 0xe0, 0xe0, 0xe0, 0xe0,
    0xe0, 0xe0, 0xce, 0x0, 0x54, 0xff, 0xff, 0x68,
    0x0, 0x0, 0x0, 0x0, 0x0, 0x0, 0x0, 0x0,
    0x54, 0xff, 0xff, 0x68, 0x0, 0x0, 0x0, 0x0,
    0x0, 0x0, 0x0, 0x0, 0x54, 0xff, 0xff, 0x68,
    0x0, 0x0, 0x0, 0x0, 0x0, 0x0, 0x0, 0x0,
    0x54, 0xff, 0xff, 0xed, 0xf1, 0xfc, 0xee, 0xbe,
    0x5f, 0x2, 0x0, 0x0, 0x54, 0xff, 0xff, 0xff,
    0xff, 0xff, 0xff, 0xff, 0xff, 0xb0, 0x3, 0x0,
    0x54, 0xfd, 0xd2, 0xb9, 0xb1, 0xd2, 0xff, 0xff,
    0xff, 0xff, 0x77, 0x0, 0x11, 0x10, 0x0, 0x0,
    0x0, 0x0, 0x3e, 0xf2, 0xff, 0xff, 0xe5, 0x0,
    0x0, 0x0, 0x0, 0x0, 0x0, 0x0, 0x0, 0x7a,
    0xff, 0xff, 0xff, 0x1e, 0x0, 0x0, 0x0, 0x0,
    0x0, 0x0, 0x0, 0x45, 0xff, 0xff, 0xff, 0x32,
    0x0, 0x0, 0x0, 0x0, 0x0, 0x0, 0x0, 0x55,
    0xff, 0xff, 0xff, 0x21, 0x14, 0x0, 0x0, 0x0,
    0x0, 0x0, 0x0, 0x9b, 0xff, 0xff, 0xf5, 0x6,
    0xeb, 0x7c, 0x18, 0x0, 0x0, 0x2, 0x6b, 0xfd,
    0xff, 0xff, 0xa4, 0x0, 0xf8, 0xff, 0xfe, 0xdb,
    0xcd, 0xf0, 0xff, 0xff, 0xff, 0xf3, 0x25, 0x0,
    0xf7, 0xff, 0xff, 0xff, 0xff, 0xff, 0xff, 0xff,
    0xee, 0x47, 0x0, 0x0, 0x26, 0x7f, 0xbd, 0xe6,
    0xf8, 0xf4, 0xd5, 0x87, 0x1b, 0x0, 0x0, 0x0,

    /* U+0036 "6" */
    0x0, 0x0, 0x0, 0x0, 0x8, 0x69, 0xb8, 0xe4,
    0xf9, 0xf3, 0xd5, 0x34, 0x0, 0x0, 0x0, 0x0,
    0x38, 0xde, 0xff, 0xff, 0xff, 0xff, 0xff, 0xff,
    0x4c, 0x0, 0x0, 0x0, 0x35, 0xf2, 0xff, 0xff,
    0xfb, 0xca, 0xb6, 0xcd, 0xf8, 0x4c, 0x0, 0x0,
    0x7, 0xd7, 0xff, 0xff, 0xbd, 0x1c, 0x0, 0x0,
    0x0, 0xb, 0xd, 0x0, 0x0, 0x66, 0xff, 0xff,
    0xdf, 0xb, 0x0, 0x0, 0x0, 0x0, 0x0, 0x0,
    0x0, 0x0, 0xc7, 0xff, 0xff, 0x71, 0x0, 0x0,
    0x0, 0x0, 0x0, 0x0, 0x0, 0x0, 0xa, 0xfc,
    0xff, 0xff, 0x3c, 0x82, 0xd8, 0xf8, 0xe4, 0xa2,
    0x29, 0x0, 0x0, 0x3a, 0xff, 0xff, 0xff, 0xe1,
    0xff, 0xff, 0xff, 0xff, 0xff, 0xf4, 0x44, 0x0,
    0x52, 0xff, 0xff, 0xff, 0xfc, 0xba, 0x94, 0xb9,
    0xff, 0xff, 0xff, 0xe7, 0xe, 0x61, 0xff, 0xff,
    0xfa, 0x29, 0x0, 0x0, 0x0, 0x60, 0xff, 0xff,
    0xff, 0x5f, 0x61, 0xff, 0xff, 0xf4, 0x0, 0x0,
    0x0, 0x0, 0x0, 0xd3, 0xff, 0xff, 0x9c, 0x51,
    0xff, 0xff, 0xfe, 0x4, 0x0, 0x0, 0x0, 0x0,
    0xa6, 0xff, 0xff, 0xb4, 0x2c, 0xff, 0xff, 0xff,
    0x1c, 0x0, 0x0, 0x0, 0x0, 0xa9, 0xff, 0xff,
    0xad, 0x4, 0xef, 0xff, 0xff, 0x65, 0x0, 0x0,
    0x0, 0x0, 0xd0, 0xff, 0xff, 0x88, 0x0, 0x96,
    0xff, 0xff, 0xd6, 0xb, 0x0, 0x0, 0x4b, 0xff,
    0xff, 0xff, 0x3b, 0x0, 0x19, 0xf1, 0xff, 0xff,
    0xdb, 0x8e, 0xab, 0xfb, 0xff, 0xff, 0xb6, 0x0,
    0x0, 0x0, 0x41, 0xf3, 0xff, 0xff, 0xff, 0xff,
    0xff, 0xff, 0xca, 0x13, 0x0, 0x0, 0x0, 0x0,
    0x1d, 0x94, 0xdd, 0xf8, 0xf1, 0xc7, 0x6d, 0x7,
    0x0, 0x0,

    /* U+0037 "7" */
    0x8, 0xff, 0xff, 0xff, 0xff, 0xff, 0xff, 0xff,
    0xff, 0xff, 0xff, 0xff, 0x7c, 0x8, 0xff, 0xff,
    0xff, 0xff, 0xff, 0xff, 0xff, 0xff, 0xff, 0xff,
    0xff, 0x7c, 0x6, 0xd4, 0xd4, 0xd4, 0xd4, 0xd4,
    0xd4, 0xd4, 0xd8, 0xff, 0xff, 0xff, 0x78, 0x0,
    0x0, 0x0, 0x0, 0x0, 0x0, 0x0, 0x0, 0x61,
    0xff, 0xff, 0xfe, 0x29, 0x0, 0x0, 0x0, 0x0,
    0x0, 0x0, 0x0, 0x1, 0xd6, 0xff, 0xff, 0xb6,
    0x0, 0x0, 0x0, 0x0, 0x0, 0x0, 0x0, 0x0,
    0x51, 0xff, 0xff, 0xff, 0x44, 0x0, 0x0, 0x0,
    0x0, 0x0, 0x0, 0x0, 0x0, 0xc8, 0xff, 0xff,
    0xd1, 0x0, 0x0, 0x0, 0x0, 0x0, 0x0, 0x0,
    0x0, 0x41, 0xff, 0xff, 0xff, 0x60, 0x0, 0x0,
    0x0, 0x0, 0x0, 0x0, 0x0, 0x0, 0xb9, 0xff,
    0xff, 0xe7, 0x6, 0x0, 0x0, 0x0, 0x0, 0x0,
    0x0, 0x0, 0x31, 0xff, 0xff, 0xff, 0x7c, 0x0,
    0x0, 0x0, 0x0, 0x0, 0x0, 0x0, 0x0, 0xa9,
    0xff, 0xff, 0xf6, 0x13, 0x0, 0x0, 0x0, 0x0,
    0x0, 0x0, 0x0, 0x23, 0xfc, 0xff, 0xff, 0x98,
    0x0, 0x0, 0x0, 0x0, 0x0, 0x0, 0x0, 0x0,
    0x99, 0xff, 0xff, 0xfe, 0x28, 0x0, 0x0, 0x0,
    0x0, 0x0, 0x0, 0x0, 0x18, 0xf8, 0xff, 0xff,
    0xb4, 0x0, 0x0, 0x0, 0x0, 0x0, 0x0, 0x0,
    0x0, 0x89, 0xff, 0xff, 0xff, 0x42, 0x0, 0x0,
    0x0, 0x0, 0x0, 0x0, 0x0, 0xf, 0xf1, 0xff,
    0xff, 0xd0, 0x0, 0x0, 0x0, 0x0, 0x0, 0x0,
    0x0, 0x0, 0x79, 0xff, 0xff, 0xff, 0x5e, 0x0,
    0x0, 0x0, 0x0, 0x0, 0x0, 0x0, 0x7, 0xe8,
    0xff, 0xff, 0xe6, 0x6, 0x0, 0x0, 0x0, 0x0,
    0x0, 0x0,

    /* U+0038 "8" */
    0x0, 0x0, 0x0, 0x4d, 0xae, 0xe5, 0xfa, 0xf1,
    0xcb, 0x7f, 0x11, 0x0, 0x0, 0x0, 0x3, 0xa6,
    0xff, 0xff, 0xff, 0xff, 0xff, 0xff, 0xff, 0xe7,
    0x2d, 0x0, 0x0, 0x7b, 0xff, 0xff, 0xff, 0xe3,
    0xb5, 0xd1, 0xff, 0xff, 0xff, 0xd6, 0x1, 0x0,
    0xe6, 0xff, 0xff, 0x9c, 0x4, 0x0, 0x0, 0x5d,
    0xff, 0xff, 0xff, 0x2e, 0x7, 0xff, 0xff, 0xff,
    0x2e, 0x0, 0x0, 0x0, 0x0, 0xdd, 0xff, 0xff,
    0x3e, 0x0, 0xf2, 0xff, 0xff, 0x61, 0x0, 0x0,
    0x0, 0x0, 0xe6, 0xff, 0xfc, 0x18, 0x0, 0xa3,
    0xff, 0xff, 0xf6, 0x7f, 0x15, 0x0, 0x5c, 0xff,
    0xff, 0x9d, 0x0, 0x0, 0x17, 0xde, 0xff, 0xff,
    0xff, 0xfa, 0xb4, 0xf9, 0xff, 0x9d, 0x6, 0x0,
    0x0, 0x0, 0x11, 0xd4, 0xff, 0xff, 0xff, 0xff,
    0xff, 0xd7, 0x2a, 0x0, 0x0, 0x0, 0xe, 0xb9,
    0xff, 0xfe, 0xbb, 0xf8, 0xff, 0xff, 0xff, 0xfb,
    0x56, 0x0, 0x0, 0xb7, 0xff, 0xff, 0x76, 0x0,
    0x14, 0x81, 0xf4, 0xff, 0xff, 0xfa, 0x22, 0x37,
    0xff, 0xff, 0xeb, 0x5, 0x0, 0x0, 0x0, 0x27,
    0xf3, 0xff, 0xff, 0x86, 0x6c, 0xff, 0xff, 0xc9,
    0x0, 0x0, 0x0, 0x0, 0x0, 0xa9, 0xff, 0xff,
    0xaa, 0x6f, 0xff, 0xff, 0xec, 0x3, 0x0, 0x0,
    0x0, 0x0, 0xb2, 0xff, 0xff, 0x9f, 0x3d, 0xff,
    0xff, 0xff, 0x89, 0x1, 0x0, 0x0, 0x32, 0xf8,
    0xff, 0xff, 0x60, 0x1, 0xca, 0xff, 0xff, 0xff,
    0xd2, 0x9a, 0xa9, 0xf8, 0xff, 0xff, 0xda, 0x7,
    0x0, 0x1d, 0xd5, 0xff, 0xff, 0xff, 0xff, 0xff,
    0xff, 0xff, 0xdc, 0x25, 0x0, 0x0, 0x0, 0x7,
    0x69, 0xbc, 0xea, 0xfb, 0xf3, 0xca, 0x77, 0xd,
    0x0, 0x0,

    /* U+0039 "9" */
    0x0, 0x0, 0x0, 0x44, 0xab, 0xe1, 0xf9, 0xe9,
    0xb2, 0x4b, 0x0, 0x0, 0x0, 0x0, 0x3, 0x99,
    0xff, 0xff, 0xff, 0xff, 0xff, 0xff, 0xff, 0x93,
    0x0, 0x0, 0x0, 0x82, 0xff, 0xff, 0xff, 0xe8,
    0xba, 0xde, 0xff, 0xff, 0xff, 0x66, 0x0, 0x13,
    0xf9, 0xff, 0xff, 0xb6, 0x9, 0x0, 0x2, 0xa3,
    0xff, 0xff, 0xe9, 0x4, 0x62, 0xff, 0xff, 0xff,
    0x2b, 0x0, 0x0, 0x0, 0x1a, 0xfe, 0xff, 0xff,
    0x48, 0x85, 0xff, 0xff, 0xfa, 0x2, 0x0, 0x0,
    0x0, 0x0, 0xdb, 0xff, 0xff, 0x7e, 0x8b, 0xff,
    0xff, 0xfd, 0x6, 0x0, 0x0, 0x0, 0x0, 0xc1,
    0xff, 0xff, 0xa2, 0x6d, 0xff, 0xff, 0xff, 0x42,
    0x0, 0x0, 0x0, 0x0, 0xba, 0xff, 0xff, 0xb1,
    0x25, 0xfe, 0xff, 0xff, 0xdd, 0x45, 0xc, 0x1b,
    0x65, 0xeb, 0xff, 0xff, 0xaf, 0x0, 0x9f, 0xff,
    0xff, 0xff, 0xff, 0xff, 0xff, 0xff, 0xff, 0xff,
    0xff, 0xa0, 0x0, 0x9, 0xa9, 0xff, 0xff, 0xff,
    0xff, 0xff, 0xbb, 0xe4, 0xff, 0xff, 0x88, 0x0,
    0x0, 0x0, 0x34, 0x78, 0x8b, 0x7a, 0x3e, 0x7,
    0xf7, 0xff, 0xff, 0x57, 0x0, 0x0, 0x0, 0x0,
    0x0, 0x0, 0x0, 0x0, 0x4c, 0xff, 0xff, 0xfd,
    0x1a, 0x0, 0x0, 0x0, 0x0, 0x0, 0x0, 0x0,
    0x5, 0xcd, 0xff, 0xff, 0xb7, 0x0, 0x0, 0x6,
    0x27, 0x0, 0x0, 0x0, 0x22, 0xb9, 0xff, 0xff,
    0xfd, 0x36, 0x0, 0x0, 0x18, 0xff, 0xdd, 0xc5,
    0xd8, 0xfe, 0xff, 0xff, 0xff, 0x7e, 0x0, 0x0,
    0x0, 0x18, 0xff, 0xff, 0xff, 0xff, 0xff, 0xff,
    0xf7, 0x74, 0x0, 0x0, 0x0, 0x0, 0x11, 0xd3,
    0xef, 0xfb, 0xeb, 0xcb, 0x84, 0x1f, 0x0, 0x0,
    0x0, 0x0,

    /* U+003A ":" */
    0xd4, 0xff, 0xff, 0xdc, 0xd4, 0xff, 0xff, 0xdc,
    0xd4, 0xff, 0xff, 0xdc, 0xd4, 0xff, 0xff, 0xdc,
    0x13, 0x18, 0x18, 0x14, 0x0, 0x0, 0x0, 0x0,
    0x0, 0x0, 0x0, 0x0, 0x0, 0x0, 0x0, 0x0,
    0x13, 0x18, 0x18, 0x14, 0xd4, 0xff, 0xff, 0xdc,
    0xd4, 0xff, 0xff, 0xdc, 0xd4, 0xff, 0xff, 0xdc,
    0xd4, 0xff, 0xff, 0xdc,

    /* U+003B ";" */
    0x0, 0x0, 0xd0, 0xff, 0xff, 0xe0, 0x0, 0x0,
    0x0, 0xd0, 0xff, 0xff, 0xe0, 0x0, 0x0, 0x0,
    0xd0, 0xff, 0xff, 0xe0, 0x0, 0x0, 0x0, 0xd0,
    0xff, 0xff, 0xe0, 0x0, 0x0, 0x0, 0x13, 0x18,
    0x18, 0x15, 0x0, 0x0, 0x0, 0x0, 0x0, 0x0,
    0x0, 0x0, 0x0, 0x0, 0x0, 0x0, 0x0, 0x0,
    0x0, 0x0, 0x0, 0x0, 0x0, 0x0, 0x0, 0x0,
    0x0, 0x0, 0x0, 0x0, 0x0, 0x0, 0x0, 0x0,
    0x0, 0x86, 0xc8, 0xc8, 0xbd, 0x6, 0x0, 0x0,
    0xe3, 0xff, 0xff, 0x9a, 0x0, 0x0, 0x22, 0xff,
    0xff, 0xff, 0x2f, 0x0, 0x0, 0x60, 0xff, 0xff,
    0xc4, 0x0, 0x0, 0x0, 0x9e, 0xff, 0xff, 0x59,
    0x0, 0x0, 0x0, 0xdc, 0xff, 0xe8, 0x6, 0x0,
    0x0, 0x19, 0xff, 0xff, 0x83, 0x0, 0x0, 0x0,
    0x58, 0xff, 0xfc, 0x1c, 0x0, 0x0, 0x0, 0x95,
    0xff, 0xad, 0x0, 0x0, 0x0, 0x0,

    /* U+003C "<" */
    0x0, 0x0, 0x0, 0x0, 0x0, 0x0, 0x0, 0x0,
    0x0, 0x0, 0x0, 0x15, 0x2a, 0x0, 0x0, 0x0,
    0x0, 0x0, 0x0, 0x0, 0x0, 0x0, 0xd, 0x81,
    0xf3, 0x68, 0x0, 0x0, 0x0, 0x0, 0x0, 0x0,
    0x0, 0x7, 0x71, 0xeb, 0xff, 0xff, 0x68, 0x0,
    0x0, 0x0, 0x0, 0x0, 0x3, 0x62, 0xe2, 0xff,
    0xff, 0xff, 0xfe, 0x55, 0x0, 0x0, 0x0, 0x0,
    0x53, 0xd7, 0xff, 0xff, 0xff, 0xfe, 0xaf, 0x2f,
    0x0, 0x0, 0x0, 0x43, 0xca, 0xff, 0xff, 0xff,
    0xff, 0xb2, 0x31, 0x0, 0x0, 0x0, 0x3, 0xbb,
    0xff, 0xff, 0xff, 0xff, 0xb5, 0x33, 0x0, 0x0,
    0x0, 0x0, 0x0, 0x8, 0xff, 0xff, 0xff, 0xc6,
    0x36, 0x0, 0x0, 0x0, 0x0, 0x0, 0x0, 0x0,
    0x8, 0xff, 0xff, 0xff, 0xf5, 0x89, 0x12, 0x0,
    0x0, 0x0, 0x0, 0x0, 0x0, 0x0, 0x5b, 0xdf,
    0xff, 0xff, 0xff, 0xf1, 0x7e, 0xd, 0x0, 0x0,
    0x0, 0x0, 0x0, 0x0, 0x7, 0x73, 0xee, 0xff,
    0xff, 0xff, 0xeb, 0x73, 0x8, 0x0, 0x0, 0x0,
    0x0, 0x0, 0x0, 0x11, 0x8c, 0xf8, 0xff, 0xff,
    0xff, 0xe5, 0x68, 0x5, 0x0, 0x0, 0x0, 0x0,
    0x0, 0x0, 0x1f, 0xa4, 0xfe, 0xff, 0xff, 0xff,
    0x67, 0x0, 0x0, 0x0, 0x0, 0x0, 0x0, 0x0,
    0x0, 0x32, 0xbc, 0xff, 0xff, 0x68, 0x0, 0x0,
    0x0, 0x0, 0x0, 0x0, 0x0, 0x0, 0x0, 0x0,
    0x49, 0xd2, 0x68, 0x0, 0x0, 0x0, 0x0, 0x0,
    0x0, 0x0, 0x0, 0x0, 0x0, 0x0, 0x2, 0x16,

    /* U+003D "=" */
    0x2, 0xb4, 0xb4, 0xb4, 0xb4, 0xb4, 0xb4, 0xb4,
    0xb4, 0xb4, 0xb4, 0xb4, 0x49, 0x4, 0xff, 0xff,
    0xff, 0xff, 0xff, 0xff, 0xff, 0xff, 0xff, 0xff,
    0xff, 0x68, 0x4, 0xff, 0xff, 0xff, 0xff, 0xff,
    0xff, 0xff, 0xff, 0xff, 0xff, 0xff, 0x68, 0x0,
    0x0, 0x0, 0x0, 0x0, 0x0, 0x0, 0x0, 0x0,
    0x0, 0x0, 0x0, 0x0, 0x0, 0x0, 0x0, 0x0,
    0x0, 0x0, 0x0, 0x0, 0x0, 0x0, 0x0, 0x0,
    0x0, 0x0, 0x0, 0x0, 0x0, 0x0, 0x0, 0x0,
    0x0, 0x0, 0x0, 0x0, 0x0, 0x0, 0x2, 0xb4,
    0xb4, 0xb4, 0xb4, 0xb4, 0xb4, 0xb4, 0xb4, 0xb4,
    0xb4, 0xb4, 0x49, 0x4, 0xff, 0xff, 0xff, 0xff,
    0xff, 0xff, 0xff, 0xff, 0xff, 0xff, 0xff, 0x68,
    0x4, 0xff, 0xff, 0xff, 0xff, 0xff, 0xff, 0xff,
    0xff, 0xff, 0xff, 0xff, 0x68,

    /* U+003E ">" */
    0x4, 0x3b, 0x0, 0x0, 0x0, 0x0, 0x0, 0x0,
    0x0, 0x0, 0x0, 0x0, 0x0, 0x8, 0xff, 0xb4,
    0x2e, 0x0, 0x0, 0x0, 0x0, 0x0, 0x0, 0x0,
    0x0, 0x0, 0x8, 0xff, 0xff, 0xfd, 0xa4, 0x22,
    0x0, 0x0, 0x0, 0x0, 0x0, 0x0, 0x0, 0x5,
    0xee, 0xff, 0xff, 0xff, 0xfa, 0x95, 0x18, 0x0,
    0x0, 0x0, 0x0, 0x0, 0x0, 0xe, 0x7e, 0xef,
    0xff, 0xff, 0xff, 0xf4, 0x85, 0xf, 0x0, 0x0,
    0x0, 0x0, 0x0, 0x0, 0xf, 0x80, 0xf0, 0xff,
    0xff, 0xff, 0xed, 0x76, 0x9, 0x0, 0x0, 0x0,
    0x0, 0x0, 0x0, 0x11, 0x83, 0xf1, 0xff, 0xff,
    0xff, 0xe5, 0x3a, 0x0, 0x0, 0x0, 0x0, 0x0,
    0x0, 0x0, 0x12, 0x88, 0xfe, 0xff, 0xff, 0x68,
    0x0, 0x0, 0x0, 0x0, 0x0, 0x0, 0x1, 0x55,
    0xd7, 0xff, 0xff, 0xff, 0x68, 0x0, 0x0, 0x0,
    0x0, 0x0, 0x4a, 0xce, 0xff, 0xff, 0xff, 0xf9,
    0x8f, 0x12, 0x0, 0x0, 0x0, 0x40, 0xc5, 0xff,
    0xff, 0xff, 0xfe, 0xa8, 0x21, 0x0, 0x0, 0x0,
    0x37, 0xbb, 0xff, 0xff, 0xff, 0xff, 0xbf, 0x34,
    0x0, 0x0, 0x0, 0x0, 0x7, 0xff, 0xff, 0xff,
    0xff, 0xd5, 0x4d, 0x0, 0x0, 0x0, 0x0, 0x0,
    0x0, 0x8, 0xff, 0xff, 0xe6, 0x65, 0x3, 0x0,
    0x0, 0x0, 0x0, 0x0, 0x0, 0x0, 0x8, 0xf2,
    0x7e, 0xa, 0x0, 0x0, 0x0, 0x0, 0x0, 0x0,
    0x0, 0x0, 0x0, 0x2, 0x16, 0x0, 0x0, 0x0,
    0x0, 0x0, 0x0, 0x0, 0x0, 0x0, 0x0, 0x0,

    /* U+003F "?" */
    0x3, 0x49, 0x95, 0xcd, 0xf1, 0xfa, 0xe2, 0xa4,
    0x31, 0x0, 0x0, 0x30, 0xff, 0xff, 0xff, 0xff,
    0xff, 0xff, 0xff, 0xfb, 0x62, 0x0, 0x30, 0xff,
    0xff, 0xfb, 0xe7, 0xf7, 0xff, 0xff, 0xff, 0xfb,
    0x27, 0x30, 0xd4, 0x59, 0xa, 0x0, 0x2, 0x67,
    0xfe, 0xff, 0xff, 0x85, 0x0, 0x0, 0x0, 0x0,
    0x0, 0x0, 0x0, 0xc3, 0xff, 0xff, 0xa8, 0x0,
    0x0, 0x0, 0x0, 0x0, 0x0, 0x0, 0xbd, 0xff,
    0xff, 0x94, 0x0, 0x0, 0x0, 0x0, 0x0, 0x0,
    0x19, 0xf4, 0xff, 0xff, 0x65, 0x0, 0x0, 0x0,
    0x0, 0x0, 0x9, 0xbb, 0xff, 0xff, 0xec, 0xb,
    0x0, 0x0, 0x0, 0x0, 0x3b, 0xd4, 0xff, 0xff,
    0xfc, 0x52, 0x0, 0x0, 0x0, 0x0, 0x7a, 0xff,
    0xff, 0xff, 0xf0, 0x4f, 0x0, 0x0, 0x0, 0x0,
    0x0, 0x98, 0xff, 0xff, 0xcc, 0x1c, 0x0, 0x0,
    0x0, 0x0, 0x0, 0x0, 0x98, 0xff, 0xff, 0x98,
    0x0, 0x0, 0x0, 0x0, 0x0, 0x0, 0x0, 0x82,
    0xdc, 0xdc, 0x82, 0x0, 0x0, 0x0, 0x0, 0x0,
    0x0, 0x0, 0x0, 0x0, 0x0, 0x0, 0x0, 0x0,
    0x0, 0x0, 0x0, 0x0, 0x0, 0x57, 0x70, 0x70,
    0x59, 0x0, 0x0, 0x0, 0x0, 0x0, 0x0, 0x0,
    0xc8, 0xff, 0xff, 0xcc, 0x0, 0x0, 0x0, 0x0,
    0x0, 0x0, 0x0, 0xc8, 0xff, 0xff, 0xcc, 0x0,
    0x0, 0x0, 0x0, 0x0, 0x0, 0x0, 0xc8, 0xff,
    0xff, 0xcc, 0x0, 0x0, 0x0, 0x0,

    /* U+0040 "@" */
    0x0, 0x0, 0x0, 0x0, 0x0, 0x6, 0x5d, 0xb1,
    0xe3, 0xf9, 0xf5, 0xda, 0xa4, 0x4d, 0x1, 0x0,
    0x0, 0x0, 0x0, 0x0, 0x0, 0x0, 0x0, 0x0,
    0x48, 0xe0, 0xff, 0xff, 0xf2, 0xd6, 0xe0, 0xf7,
    0xff, 0xff, 0xcf, 0x2e, 0x0, 0x0, 0x0, 0x0,
    0x0, 0x0, 0x0, 0x73, 0xfe, 0xff, 0xa9, 0x38,
    0x1, 0x0, 0x0, 0x6, 0x45, 0xbc, 0xff, 0xf5,
    0x43, 0x0, 0x0, 0x0, 0x0, 0x0, 0x5f, 0xff,
    0xf9, 0x5c, 0x0, 0x0, 0x0, 0x0, 0x0, 0x0,
    0x0, 0x0, 0x74, 0xff, 0xf0, 0x21, 0x0, 0x0,
    0x0, 0x1f, 0xf5, 0xff, 0x4c, 0x0, 0x0, 0x43,
    0x96, 0x96, 0x59, 0x60, 0xac, 0x9e, 0x0, 0x8f,
    0xff, 0xb1, 0x0, 0x0, 0x0, 0xa4, 0xff, 0x9c,
    0x0, 0x0, 0x80, 0xff, 0xff, 0xff, 0xff, 0xf8,
    0xff, 0xec, 0x0, 0xa, 0xea, 0xff, 0x2a, 0x0,
    0x17, 0xfb, 0xfc, 0x17, 0x0, 0x40, 0xff, 0xff,
    0xff, 0xff, 0xff, 0xff, 0xff, 0xec, 0x0, 0x0,
    0x8b, 0xff, 0x84, 0x0, 0x64, 0xff, 0xb9, 0x0,
    0x0, 0xb8, 0xff, 0xff, 0x96, 0xd, 0x29, 0xcc,
    0xff, 0xec, 0x0, 0x0, 0x44, 0xff, 0xc6, 0x0,
    0x9a, 0xff, 0x73, 0x0, 0x9, 0xf8, 0xff, 0xef,
    0x8, 0x0, 0x0, 0xa4, 0xff, 0xec, 0x0, 0x0,
    0x12, 0xff, 0xf0, 0x0, 0xb9, 0xff, 0x56, 0x0,
    0x2e, 0xff, 0xff, 0xaf, 0x0, 0x0, 0x0, 0xa4,
    0xff, 0xec, 0x0, 0x0, 0x0, 0xfa, 0xff, 0xb,
    0xc4, 0xff, 0x42, 0x0, 0x42, 0xff, 0xff, 0x96,
    0x0, 0x0, 0x0, 0xa4, 0xff, 0xec, 0x0, 0x0,
    0x0, 0xed, 0xff, 0x14, 0xbb, 0xff, 0x55, 0x0,
    0x3f, 0xff, 0xff, 0x9d, 0x0, 0x0, 0x0, 0xa4,
    0xff, 0xec, 0x0, 0x0, 0x1, 0xfa, 0xff, 0x9,
    0x9e, 0xff, 0x6f, 0x0, 0x28, 0xff, 0xff, 0xbd,
    0x0, 0x0, 0x0, 0xa4, 0xff, 0xec, 0x0, 0x0,
    0x17, 0xff, 0xf2, 0x0, 0x6d, 0xff, 0xae, 0x0,
    0x4, 0xf3, 0xff, 0xf9, 0x1f, 0x0, 0x10, 0xd1,
    0xff, 0xec, 0x0, 0x0, 0x3f, 0xff, 0xc4, 0x0,
    0x24, 0xff, 0xf7, 0xd, 0x0, 0xa3, 0xff, 0xff,
    0xe3, 0xa0, 0xe2, 0xff, 0xff, 0xec, 0x8, 0x8,
    0x89, 0xff, 0x80, 0x0, 0x0, 0xbe, 0xff, 0x83,
    0x0, 0x24, 0xf1, 0xff, 0xff, 0xff, 0xff, 0xfd,
    0xff, 0xff, 0xff, 0xff, 0xff, 0xfe, 0x28, 0x0,
    0x0, 0x3a, 0xfe, 0xfb, 0x35, 0x0, 0x33, 0xc4,
    0xf8, 0xe6, 0x94, 0x76, 0xff, 0xff, 0xff, 0xff,
    0xff, 0xaf, 0x0, 0x0, 0x0, 0x0, 0x89, 0xff,
    0xef, 0x44, 0x0, 0x0, 0x0, 0x0, 0x0, 0x0,
    0x0, 0x0, 0x0, 0x0, 0x0, 0x0, 0x0, 0x0,
    0x0, 0x0, 0x2, 0x9c, 0xff, 0xfb, 0x94, 0x2a,
    0x0, 0x0, 0x0, 0x0, 0xb, 0x2f, 0x0, 0x0,
    0x0, 0x0, 0x0, 0x0, 0x0, 0x0, 0x0, 0x0,
    0x68, 0xee, 0xff, 0xff, 0xea, 0xd1, 0xd9, 0xeb,
    0xfe, 0xe4, 0x0, 0x0, 0x0, 0x0, 0x0, 0x0,
    0x0, 0x0, 0x0, 0x0, 0x0, 0x10, 0x6e, 0xba,
    0xe8, 0xfb, 0xf6, 0xe7, 0xc6, 0x8a, 0x0, 0x0,
    0x0, 0x0, 0x0, 0x0,

    /* U+0041 "A" */
    0x0, 0x0, 0x0, 0x0, 0x0, 0xa, 0xf7, 0xff,
    0xff, 0xc2, 0x0, 0x0, 0x0, 0x0, 0x0, 0x0,
    0x0, 0x0, 0x0, 0x0, 0x0, 0x4c, 0xff, 0xff,
    0xff, 0xfc, 0x12, 0x0, 0x0, 0x0, 0x0, 0x0,
    0x0, 0x0, 0x0, 0x0, 0x0, 0x97, 0xff, 0xff,
    0xff, 0xff, 0x5c, 0x0, 0x0, 0x0, 0x0, 0x0,
    0x0, 0x0, 0x0, 0x0, 0x0, 0xe1, 0xff, 0xff,
    0xff, 0xff, 0xaa, 0x0, 0x0, 0x0, 0x0, 0x0,
    0x0, 0x0, 0x0, 0x0, 0x2d, 0xff, 0xff, 0xf4,
    0xff, 0xff, 0xf1, 0x5, 0x0, 0x0, 0x0, 0x0,
    0x0, 0x0, 0x0, 0x0, 0x78, 0xff, 0xff, 0xa0,
    0xf2, 0xff, 0xff, 0x44, 0x0, 0x0, 0x0, 0x0,
    0x0, 0x0, 0x0, 0x0, 0xc3, 0xff, 0xff, 0x5c,
    0xb2, 0xff, 0xff, 0x92, 0x0, 0x0, 0x0, 0x0,
    0x0, 0x0, 0x0, 0x11, 0xfc, 0xff, 0xff, 0x19,
    0x6c, 0xff, 0xff, 0xdf, 0x0, 0x0, 0x0, 0x0,
    0x0, 0x0, 0x0, 0x59, 0xff, 0xff, 0xd4, 0x0,
    0x23, 0xff, 0xff, 0xff, 0x2c, 0x0, 0x0, 0x0,
    0x0, 0x0, 0x0, 0xa4, 0xff, 0xff, 0x8d, 0x0,
    0x0, 0xda, 0xff, 0xff, 0x7a, 0x0, 0x0, 0x0,
    0x0, 0x0, 0x2, 0xeb, 0xff, 0xff, 0x45, 0x0,
    0x0, 0x8e, 0xff, 0xff, 0xc7, 0x0, 0x0, 0x0,
    0x0, 0x0, 0x39, 0xff, 0xff, 0xff, 0x64, 0x5c,
    0x5c, 0x8f, 0xff, 0xff, 0xfd, 0x16, 0x0, 0x0,
    0x0, 0x0, 0x84, 0xff, 0xff, 0xff, 0xff, 0xff,
    0xff, 0xff, 0xff, 0xff, 0xff, 0x62, 0x0, 0x0,
    0x0, 0x0, 0xcf, 0xff, 0xff, 0xff, 0xff, 0xff,
    0xff, 0xff, 0xff, 0xff, 0xff, 0xaf, 0x0, 0x0,
    0x0, 0x1b, 0xff, 0xff, 0xff, 0x49, 0x0, 0x0,
    0x0, 0x0, 0x90, 0xff, 0xff, 0xf4, 0x8, 0x0,
    0x0, 0x65, 0xff, 0xff, 0xfa, 0xc, 0x0, 0x0,
    0x0, 0x0, 0x47, 0xff, 0xff, 0xff, 0x4a, 0x0,
    0x0, 0xb0, 0xff, 0xff, 0xc3, 0x0, 0x0, 0x0,
    0x0, 0x0, 0x8, 0xf5, 0xff, 0xff, 0x97, 0x0,
    0x6, 0xf3, 0xff, 0xff, 0x81, 0x0, 0x0, 0x0,
    0x0, 0x0, 0x0, 0xb5, 0xff, 0xff, 0xe4, 0x0,

    /* U+0042 "B" */
    0x78, 0xff, 0xff, 0xff, 0xff, 0xfc, 0xf0, 0xd1,
    0x97, 0x30, 0x0, 0x0, 0x0, 0x78, 0xff, 0xff,
    0xff, 0xff, 0xff, 0xff, 0xff, 0xff, 0xfd, 0x67,
    0x0, 0x0, 0x78, 0xff, 0xff, 0xef, 0xb8, 0xbf,
    0xe2, 0xff, 0xff, 0xff, 0xf9, 0x14, 0x0, 0x78,
    0xff, 0xff, 0xc4, 0x0, 0x0, 0x1, 0x78, 0xff,
    0xff, 0xff, 0x4b, 0x0, 0x78, 0xff, 0xff, 0xc4,
    0x0, 0x0, 0x0, 0x11, 0xff, 0xff, 0xff, 0x47,
    0x0, 0x78, 0xff, 0xff, 0xc4, 0x0, 0x0, 0x0,
    0x29, 0xff, 0xff, 0xf9, 0x16, 0x0, 0x78, 0xff,
    0xff, 0xc4, 0x0, 0x4, 0x2b, 0xc1, 0xff, 0xff,
    0x85, 0x0, 0x0, 0x78, 0xff, 0xff, 0xff, 0xff,
    0xff, 0xff, 0xff, 0xff, 0x72, 0x1, 0x0, 0x0,
    0x78, 0xff, 0xff, 0xff, 0xff, 0xff, 0xff, 0xff,
    0xff, 0xeb, 0x66, 0x0, 0x0, 0x78, 0xff, 0xff,
    0xd9, 0x5c, 0x5c, 0x73, 0xc1, 0xff, 0xff, 0xff,
    0x63, 0x0, 0x78, 0xff, 0xff, 0xc4, 0x0, 0x0,
    0x0, 0x0, 0xaf, 0xff, 0xff, 0xe7, 0x7, 0x78,
    0xff, 0xff, 0xc4, 0x0, 0x0, 0x0, 0x0, 0x50,
    0xff, 0xff, 0xff, 0x30, 0x78, 0xff, 0xff, 0xc4,
    0x0, 0x0, 0x0, 0x0, 0x3f, 0xff, 0xff, 0xff,
    0x49, 0x78, 0xff, 0xff, 0xc4, 0x0, 0x0, 0x0,
    0x0, 0x6a, 0xff, 0xff, 0xff, 0x37, 0x78, 0xff,
    0xff, 0xc4, 0x0, 0x0, 0x0, 0x25, 0xe4, 0xff,
    0xff, 0xf5, 0x7, 0x78, 0xff, 0xff, 0xea, 0xa4,
    0xa8, 0xc5, 0xfb, 0xff, 0xff, 0xff, 0x8a, 0x0,
    0x78, 0xff, 0xff, 0xff, 0xff, 0xff, 0xff, 0xff,
    0xff, 0xff, 0xb2, 0x6, 0x0, 0x78, 0xff, 0xff,
    0xff, 0xff, 0xff, 0xf9, 0xe5, 0xb2, 0x55, 0x1,
    0x0, 0x0,

    /* U+0043 "C" */
    0x0, 0x0, 0x0, 0x0, 0x12, 0x80, 0xcf, 0xf5,
    0xf7, 0xdb, 0xa0, 0x46, 0x0, 0x0, 0x0, 0x0,
    0x39, 0xeb, 0xff, 0xff, 0xff, 0xff, 0xff, 0xff,
    0xff, 0x7e, 0x0, 0x0, 0x39, 0xf5, 0xff, 0xff,
    0xff, 0xff, 0xfd, 0xff, 0xff, 0xff, 0x90, 0x0,
    0x4, 0xd2, 0xff, 0xff, 0xff, 0x94, 0x20, 0x1,
    0x14, 0x5f, 0xde, 0x90, 0x0, 0x5b, 0xff, 0xff,
    0xff, 0x94, 0x0, 0x0, 0x0, 0x0, 0x0, 0xf,
    0x48, 0x0, 0xab, 0xff, 0xff, 0xf7, 0x11, 0x0,
    0x0, 0x0, 0x0, 0x0, 0x0, 0x0, 0x0, 0xef,
    0xff, 0xff, 0xb6, 0x0, 0x0, 0x0, 0x0, 0x0,
    0x0, 0x0, 0x0, 0xa, 0xff, 0xff, 0xff, 0x89,
    0x0, 0x0, 0x0, 0x0, 0x0, 0x0, 0x0, 0x0,
    0x21, 0xff, 0xff, 0xff, 0x76, 0x0, 0x0, 0x0,
    0x0, 0x0, 0x0, 0x0, 0x0, 0x21, 0xff, 0xff,
    0xff, 0x76, 0x0, 0x0, 0x0, 0x0, 0x0, 0x0,
    0x0, 0x0, 0xc, 0xff, 0xff, 0xff, 0x89, 0x0,
    0x0, 0x0, 0x0, 0x0, 0x0, 0x0, 0x0, 0x0,
    0xf2, 0xff, 0xff, 0xb8, 0x0, 0x0, 0x0, 0x0,
    0x0, 0x0, 0x0, 0x0, 0x0, 0xb0, 0xff, 0xff,
    0xf8, 0x13, 0x0, 0x0, 0x0, 0x0, 0x0, 0x0,
    0x0, 0x0, 0x63, 0xff, 0xff, 0xff, 0x9d, 0x0,
    0x0, 0x0, 0x0, 0x0, 0x0, 0x24, 0x0, 0x7,
    0xda, 0xff, 0xff, 0xff, 0x9e, 0x22, 0x0, 0x2,
    0x33, 0xae, 0x90, 0x0, 0x0, 0x42, 0xf9, 0xff,
    0xff, 0xff, 0xff, 0xf7, 0xfc, 0xff, 0xff, 0x90,
    0x0, 0x0, 0x0, 0x42, 0xf0, 0xff, 0xff, 0xff,
    0xff, 0xff, 0xff, 0xff, 0x78, 0x0, 0x0, 0x0,
    0x0, 0x17, 0x84, 0xcf, 0xf5, 0xf9, 0xdd, 0x9f,
    0x3f, 0x0,

    /* U+0044 "D" */
    0x78, 0xff, 0xff, 0xff, 0xff, 0xf0, 0xdc, 0xa7,
    0x5c, 0x4, 0x0, 0x0, 0x0, 0x0, 0x78, 0xff,
    0xff, 0xff, 0xff, 0xff, 0xff, 0xff, 0xff, 0xdd,
    0x36, 0x0, 0x0, 0x0, 0x78, 0xff, 0xff, 0xfb,
    0xe0, 0xe8, 0xfd, 0xff, 0xff, 0xff, 0xf6, 0x3a,
    0x0, 0x0, 0x78, 0xff, 0xff, 0xdc, 0x0, 0x0,
    0x11, 0x72, 0xf7, 0xff, 0xff, 0xe0, 0x9, 0x0,
    0x78, 0xff, 0xff, 0xdc, 0x0, 0x0, 0x0, 0x0,
    0x50, 0xff, 0xff, 0xff, 0x65, 0x0, 0x78, 0xff,
    0xff, 0xdc, 0x0, 0x0, 0x0, 0x0, 0x0, 0xc1,
    0xff, 0xff, 0xc0, 0x0, 0x78, 0xff, 0xff, 0xdc,
    0x0, 0x0, 0x0, 0x0, 0x0, 0x70, 0xff, 0xff,
    0xf5, 0x4, 0x78, 0xff, 0xff, 0xdc, 0x0, 0x0,
    0x0, 0x0, 0x0, 0x44, 0xff, 0xff, 0xff, 0x1b,
    0x78, 0xff, 0xff, 0xdc, 0x0, 0x0, 0x0, 0x0,
    0x0, 0x32, 0xff, 0xff, 0xff, 0x2b, 0x78, 0xff,
    0xff, 0xdc, 0x0, 0x0, 0x0, 0x0, 0x0, 0x34,
    0xff, 0xff, 0xff, 0x27, 0x78, 0xff, 0xff, 0xdc,
    0x0, 0x0, 0x0, 0x0, 0x0, 0x46, 0xff, 0xff,
    0xff, 0x10, 0x78, 0xff, 0xff, 0xdc, 0x0, 0x0,
    0x0, 0x0, 0x0, 0x74, 0xff, 0xff, 0xf2, 0x0,
    0x78, 0xff, 0xff, 0xdc, 0x0, 0x0, 0x0, 0x0,
    0x0, 0xc7, 0xff, 0xff, 0xa8, 0x0, 0x78, 0xff,
    0xff, 0xdc, 0x0, 0x0, 0x0, 0x0, 0x5a, 0xff,
    0xff, 0xff, 0x54, 0x0, 0x78, 0xff, 0xff, 0xdc,
    0x0, 0x0, 0x14, 0x79, 0xf9, 0xff, 0xff, 0xd0,
    0x3, 0x0, 0x78, 0xff, 0xff, 0xfb, 0xe0, 0xe9,
    0xfd, 0xff, 0xff, 0xff, 0xe9, 0x26, 0x0, 0x0,
    0x78, 0xff, 0xff, 0xff, 0xff, 0xff, 0xff, 0xff,
    0xff, 0xc7, 0x23, 0x0, 0x0, 0x0, 0x78, 0xff,
    0xff, 0xff, 0xff, 0xf7, 0xdb, 0xa4, 0x4b, 0x1,
    0x0, 0x0, 0x0, 0x0,

    /* U+0045 "E" */
    0x78, 0xff, 0xff, 0xff, 0xff, 0xff, 0xff, 0xff,
    0xff, 0xff, 0xb0, 0x78, 0xff, 0xff, 0xff, 0xff,
    0xff, 0xff, 0xff, 0xff, 0xff, 0xb0, 0x78, 0xff,
    0xff, 0xfc, 0xec, 0xec, 0xec, 0xec, 0xec, 0xec,
    0xa2, 0x78, 0xff, 0xff, 0xd4, 0x0, 0x0, 0x0,
    0x0, 0x0, 0x0, 0x0, 0x78, 0xff, 0xff, 0xd4,
    0x0, 0x0, 0x0, 0x0, 0x0, 0x0, 0x0, 0x78,
    0xff, 0xff, 0xd4, 0x0, 0x0, 0x0, 0x0, 0x0,
    0x0, 0x0, 0x78, 0xff, 0xff, 0xd4, 0x0, 0x0,
    0x0, 0x0, 0x0, 0x0, 0x0, 0x78, 0xff, 0xff,
    0xff, 0xff, 0xff, 0xff, 0xff, 0xff, 0xff, 0x50,
    0x78, 0xff, 0xff, 0xff, 0xff, 0xff, 0xff, 0xff,
    0xff, 0xff, 0x50, 0x78, 0xff, 0xff, 0xfb, 0xe8,
    0xe8, 0xe8, 0xe8, 0xe8, 0xe8, 0x48, 0x78, 0xff,
    0xff, 0xd4, 0x0, 0x0, 0x0, 0x0, 0x0, 0x0,
    0x0, 0x78, 0xff, 0xff, 0xd4, 0x0, 0x0, 0x0,
    0x0, 0x0, 0x0, 0x0, 0x78, 0xff, 0xff, 0xd4,
    0x0, 0x0, 0x0, 0x0, 0x0, 0x0, 0x0, 0x78,
    0xff, 0xff, 0xd4, 0x0, 0x0, 0x0, 0x0, 0x0,
    0x0, 0x0, 0x78, 0xff, 0xff, 0xd4, 0x0, 0x0,
    0x0, 0x0, 0x0, 0x0, 0x0, 0x78, 0xff, 0xff,
    0xfb, 0xe8, 0xe8, 0xe8, 0xe8, 0xe8, 0xe8, 0x9f,
    0x78, 0xff, 0xff, 0xff, 0xff, 0xff, 0xff, 0xff,
    0xff, 0xff, 0xb0, 0x78, 0xff, 0xff, 0xff, 0xff,
    0xff, 0xff, 0xff, 0xff, 0xff, 0xb0,

    /* U+0046 "F" */
    0x78, 0xff, 0xff, 0xff, 0xff, 0xff, 0xff, 0xff,
    0xff, 0xff, 0x70, 0x78, 0xff, 0xff, 0xff, 0xff,
    0xff, 0xff, 0xff, 0xff, 0xff, 0x70, 0x78, 0xff,
    0xff, 0xfd, 0xe8, 0xe8, 0xe8, 0xe8, 0xe8, 0xe8,
    0x65, 0x78, 0xff, 0xff, 0xe4, 0x0, 0x0, 0x0,
    0x0, 0x0, 0x0, 0x0, 0x78, 0xff, 0xff, 0xe4,
    0x0, 0x0, 0x0, 0x0, 0x0, 0x0, 0x0, 0x78,
    0xff, 0xff, 0xe4, 0x0, 0x0, 0x0, 0x0, 0x0,
    0x0, 0x0, 0x78, 0xff, 0xff, 0xe4, 0x0, 0x0,
    0x0, 0x0, 0x0, 0x0, 0x0, 0x78, 0xff, 0xff,
    0xff, 0xff, 0xff, 0xff, 0xff, 0xff, 0x88, 0x0,
    0x78, 0xff, 0xff, 0xff, 0xff, 0xff, 0xff, 0xff,
    0xff, 0x88, 0x0, 0x78, 0xff, 0xff, 0xfd, 0xe8,
    0xe8, 0xe8, 0xe8, 0xe8, 0x7b, 0x0, 0x78, 0xff,
    0xff, 0xe4, 0x0, 0x0, 0x0, 0x0, 0x0, 0x0,
    0x0, 0x78, 0xff, 0xff, 0xe4, 0x0, 0x0, 0x0,
    0x0, 0x0, 0x0, 0x0, 0x78, 0xff, 0xff, 0xe4,
    0x0, 0x0, 0x0, 0x0, 0x0, 0x0, 0x0, 0x78,
    0xff, 0xff, 0xe4, 0x0, 0x0, 0x0, 0x0, 0x0,
    0x0, 0x0, 0x78, 0xff, 0xff, 0xe4, 0x0, 0x0,
    0x0, 0x0, 0x0, 0x0, 0x0, 0x78, 0xff, 0xff,
    0xe4, 0x0, 0x0, 0x0, 0x0, 0x0, 0x0, 0x0,
    0x78, 0xff, 0xff, 0xe4, 0x0, 0x0, 0x0, 0x0,
    0x0, 0x0, 0x0, 0x78, 0xff, 0xff, 0xe4, 0x0,
    0x0, 0x0, 0x0, 0x0, 0x0, 0x0,

    /* U+0047 "G" */
    0x0, 0x0, 0x0, 0x0, 0x10, 0x7c, 0xcc, 0xf3,
    0xf9, 0xe5, 0xb4, 0x65, 0xd, 0x0, 0x0, 0x0,
    0x0, 0x0, 0x33, 0xe8, 0xff, 0xff, 0xff, 0xff,
    0xff, 0xff, 0xff, 0xeb, 0x46, 0x0, 0x0, 0x0,
    0x32, 0xf3, 0xff, 0xff, 0xff, 0xff, 0xf2, 0xfc,
    0xff, 0xff, 0xff, 0x7c, 0x0, 0x0, 0x2, 0xcc,
    0xff, 0xff, 0xfe, 0x84, 0x14, 0x0, 0x2, 0x2f,
    0x88, 0xf1, 0x7c, 0x0, 0x0, 0x56, 0xff, 0xff,
    0xff, 0x80, 0x0, 0x0, 0x0, 0x0, 0x0, 0x0,
    0x19, 0x36, 0x0, 0x0, 0xa7, 0xff, 0xff, 0xf0,
    0x9, 0x0, 0x0, 0x0, 0x0, 0x0, 0x0, 0x0,
    0x0, 0x0, 0x0, 0xed, 0xff, 0xff, 0xab, 0x0,
    0x0, 0x0, 0x0, 0x0, 0x0, 0x0, 0x0, 0x0,
    0x0, 0xa, 0xff, 0xff, 0xff, 0x81, 0x0, 0x0,
    0x0, 0x0, 0x0, 0x0, 0x0, 0x0, 0x0, 0x0,
    0x21, 0xff, 0xff, 0xff, 0x71, 0x0, 0x0, 0x0,
    0xf4, 0xff, 0xff, 0xff, 0xff, 0xff, 0xc, 0x24,
    0xff, 0xff, 0xff, 0x70, 0x0, 0x0, 0x0, 0xf4,
    0xff, 0xff, 0xff, 0xff, 0xff, 0xc, 0x15, 0xff,
    0xff, 0xff, 0x7d, 0x0, 0x0, 0x0, 0xa3, 0xac,
    0xac, 0xfd, 0xff, 0xff, 0xc, 0x1, 0xf1, 0xff,
    0xff, 0x9e, 0x0, 0x0, 0x0, 0x0, 0x0, 0x0,
    0xf8, 0xff, 0xff, 0xc, 0x0, 0xbd, 0xff, 0xff,
    0xd8, 0x0, 0x0, 0x0, 0x0, 0x0, 0x0, 0xf8,
    0xff, 0xff, 0xc, 0x0, 0x69, 0xff, 0xff, 0xff,
    0x42, 0x0, 0x0, 0x0, 0x0, 0x0, 0xf8, 0xff,
    0xff, 0xc, 0x0, 0xd, 0xe7, 0xff, 0xff, 0xe6,
    0x46, 0x1, 0x0, 0xb, 0x6b, 0xfd, 0xff, 0xff,
    0xc, 0x0, 0x0, 0x4b, 0xfc, 0xff, 0xff, 0xff,
    0xf0, 0xe5, 0xfe, 0xff, 0xff, 0xff, 0xff, 0xc,
    0x0, 0x0, 0x0, 0x52, 0xf1, 0xff, 0xff, 0xff,
    0xff, 0xff, 0xff, 0xff, 0xff, 0xaf, 0x4, 0x0,
    0x0, 0x0, 0x0, 0x15, 0x7f, 0xc9, 0xec, 0xfa,
    0xea, 0xc2, 0x84, 0x2b, 0x0, 0x0,

    /* U+0048 "H" */
    0x78, 0xff, 0xff, 0xec, 0x0, 0x0, 0x0, 0x0,
    0x0, 0xf8, 0xff, 0xff, 0x70, 0x78, 0xff, 0xff,
    0xec, 0x0, 0x0, 0x0, 0x0, 0x0, 0xf8, 0xff,
    0xff, 0x70, 0x78, 0xff, 0xff, 0xec, 0x0, 0x0,
    0x0, 0x0, 0x0, 0xf8, 0xff, 0xff, 0x70, 0x78,
    0xff, 0xff, 0xec, 0x0, 0x0, 0x0, 0x0, 0x0,
    0xf8, 0xff, 0xff, 0x70, 0x78, 0xff, 0xff, 0xec,
    0x0, 0x0, 0x0, 0x0, 0x0, 0xf8, 0xff, 0xff,
    0x70, 0x78, 0xff, 0xff, 0xec, 0x0, 0x0, 0x0,
    0x0, 0x0, 0xf8, 0xff, 0xff, 0x70, 0x78, 0xff,
    0xff, 0xed, 0x18, 0x18, 0x18, 0x18, 0x18, 0xf8,
    0xff, 0xff, 0x70, 0x78, 0xff, 0xff, 0xff, 0xff,
    0xff, 0xff, 0xff, 0xff, 0xff, 0xff, 0xff, 0x70,
    0x78, 0xff, 0xff, 0xff, 0xff, 0xff, 0xff, 0xff,
    0xff, 0xff, 0xff, 0xff, 0x70, 0x78, 0xff, 0xff,
    0xff, 0xff, 0xff, 0xff, 0xff, 0xff, 0xff, 0xff,
    0xff, 0x70, 0x78, 0xff, 0xff, 0xec, 0x0, 0x0,
    0x0, 0x0, 0x0, 0xf8, 0xff, 0xff, 0x70, 0x78,
    0xff, 0xff, 0xec, 0x0, 0x0, 0x0, 0x0, 0x0,
    0xf8, 0xff, 0xff, 0x70, 0x78, 0xff, 0xff, 0xec,
    0x0, 0x0, 0x0, 0x0, 0x0, 0xf8, 0xff, 0xff,
    0x70, 0x78, 0xff, 0xff, 0xec, 0x0, 0x0, 0x0,
    0x0, 0x0, 0xf8, 0xff, 0xff, 0x70, 0x78, 0xff,
    0xff, 0xec, 0x0, 0x0, 0x0, 0x0, 0x0, 0xf8,
    0xff, 0xff, 0x70, 0x78, 0xff, 0xff, 0xec, 0x0,
    0x0, 0x0, 0x0, 0x0, 0xf8, 0xff, 0xff, 0x70,
    0x78, 0xff, 0xff, 0xec, 0x0, 0x0, 0x0, 0x0,
    0x0, 0xf8, 0xff, 0xff, 0x70, 0x78, 0xff, 0xff,
    0xec, 0x0, 0x0, 0x0, 0x0, 0x0, 0xf8, 0xff,
    0xff, 0x70,

    /* U+0049 "I" */
    0x20, 0xff, 0xff, 0xff, 0xff, 0xff, 0xff, 0xff,
    0x84, 0x20, 0xff, 0xff, 0xff, 0xff, 0xff, 0xff,
    0xff, 0x84, 0x1d, 0xe8, 0xe8, 0xff, 0xff, 0xff,
    0xf1, 0xe8, 0x77, 0x0, 0x0, 0x4, 0xff, 0xff,
    0xff, 0x68, 0x0, 0x0, 0x0, 0x0, 0x4, 0xff,
    0xff, 0xff, 0x68, 0x0, 0x0, 0x0, 0x0, 0x4,
    0xff, 0xff, 0xff, 0x68, 0x0, 0x0, 0x0, 0x0,
    0x4, 0xff, 0xff, 0xff, 0x68, 0x0, 0x0, 0x0,
    0x0, 0x4, 0xff, 0xff, 0xff, 0x68, 0x0, 0x0,
    0x0, 0x0, 0x4, 0xff, 0xff, 0xff, 0x68, 0x0,
    0x0, 0x0, 0x0, 0x4, 0xff, 0xff, 0xff, 0x68,
    0x0, 0x0, 0x0, 0x0, 0x4, 0xff, 0xff, 0xff,
    0x68, 0x0, 0x0, 0x0, 0x0, 0x4, 0xff, 0xff,
    0xff, 0x68, 0x0, 0x0, 0x0, 0x0, 0x4, 0xff,
    0xff, 0xff, 0x68, 0x0, 0x0, 0x0, 0x0, 0x4,
    0xff, 0xff, 0xff, 0x68, 0x0, 0x0, 0x0, 0x0,
    0x4, 0xff, 0xff, 0xff, 0x68, 0x0, 0x0, 0x1c,
    0xe4, 0xe4, 0xff, 0xff, 0xff, 0xef, 0xe4, 0x75,
    0x20, 0xff, 0xff, 0xff, 0xff, 0xff, 0xff, 0xff,
    0x84, 0x20, 0xff, 0xff, 0xff, 0xff, 0xff, 0xff,
    0xff, 0x84,

    /* U+004A "J" */
    0x0, 0x30, 0xff, 0xff, 0xff, 0xff, 0xff, 0xff,
    0xc0, 0x0, 0x30, 0xff, 0xff, 0xff, 0xff, 0xff,
    0xff, 0xc0, 0x0, 0x2b, 0xe8, 0xe8, 0xe8, 0xf6,
    0xff, 0xff, 0xc0, 0x0, 0x0, 0x0, 0x0, 0x0,
    0x9c, 0xff, 0xff, 0xc0, 0x0, 0x0, 0x0, 0x0,
    0x0, 0x9c, 0xff, 0xff, 0xc0, 0x0, 0x0, 0x0,
    0x0, 0x0, 0x9c, 0xff, 0xff, 0xc0, 0x0, 0x0,
    0x0, 0x0, 0x0, 0x9c, 0xff, 0xff, 0xc0, 0x0,
    0x0, 0x0, 0x0, 0x0, 0x9c, 0xff, 0xff, 0xc0,
    0x0, 0x0, 0x0, 0x0, 0x0, 0x9c, 0xff, 0xff,
    0xc0, 0x0, 0x0, 0x0, 0x0, 0x0, 0x9c, 0xff,
    0xff, 0xc0, 0x0, 0x0, 0x0, 0x0, 0x0, 0x9c,
    0xff, 0xff, 0xc0, 0x0, 0x0, 0x0, 0x0, 0x0,
    0x9e, 0xff, 0xff, 0xc0, 0x0, 0x0, 0x0, 0x0,
    0x0, 0xaf, 0xff, 0xff, 0xbe, 0x0, 0x0, 0x0,
    0x0, 0x1, 0xe1, 0xff, 0xff, 0xae, 0x33, 0x8,
    0x0, 0x2, 0x83, 0xff, 0xff, 0xff, 0x81, 0xc8,
    0xf6, 0xdc, 0xf6, 0xff, 0xff, 0xff, 0xfd, 0x29,
    0xc8, 0xff, 0xff, 0xff, 0xff, 0xff, 0xff, 0x78,
    0x0, 0x77, 0xcf, 0xf0, 0xfb, 0xe9, 0xb3, 0x46,
    0x0, 0x0,

    /* U+004B "K" */
    0x78, 0xff, 0xff, 0xe8, 0x0, 0x0, 0x0, 0x0,
    0x74, 0xff, 0xff, 0xf9, 0x2e, 0x0, 0x78, 0xff,
    0xff, 0xe8, 0x0, 0x0, 0x0, 0x29, 0xf7, 0xff,
    0xff, 0x76, 0x0, 0x0, 0x78, 0xff, 0xff, 0xe8,
    0x0, 0x0, 0x4, 0xcb, 0xff, 0xff, 0xc3, 0x2,
    0x0, 0x0, 0x78, 0xff, 0xff, 0xe8, 0x0, 0x0,
    0x7e, 0xff, 0xff, 0xf3, 0x21, 0x0, 0x0, 0x0,
    0x78, 0xff, 0xff, 0xe8, 0x0, 0x31, 0xfa, 0xff,
    0xff, 0x64, 0x0, 0x0, 0x0, 0x0, 0x78, 0xff,
    0xff, 0xe8, 0x6, 0xd2, 0xff, 0xff, 0xb3, 0x0,
    0x0, 0x0, 0x0, 0x0, 0x78, 0xff, 0xff, 0xe8,
    0x88, 0xff, 0xff, 0xeb, 0x17, 0x0, 0x0, 0x0,
    0x0, 0x0, 0x78, 0xff, 0xff, 0xf9, 0xfc, 0xff,
    0xff, 0x56, 0x0, 0x0, 0x0, 0x0, 0x0, 0x0,
    0x78, 0xff, 0xff, 0xff, 0xff, 0xff, 0xff, 0x7f,
    0x0, 0x0, 0x0, 0x0, 0x0, 0x0, 0x78, 0xff,
    0xff, 0xff, 0xff, 0xff, 0xff, 0xf7, 0x22, 0x0,
    0x0, 0x0, 0x0, 0x0, 0x78, 0xff, 0xff, 0xff,
    0xd5, 0xf0, 0xff, 0xff, 0xb5, 0x0, 0x0, 0x0,
    0x0, 0x0, 0x78, 0xff, 0xff, 0xf7, 0x24, 0x73,
    0xff, 0xff, 0xff, 0x50, 0x0, 0x0, 0x0, 0x0,
    0x78, 0xff, 0xff, 0xe8, 0x0, 0x6, 0xdb, 0xff,
    0xff, 0xe0, 0xa, 0x0, 0x0, 0x0, 0x78, 0xff,
    0xff, 0xe8, 0x0, 0x0, 0x50, 0xff, 0xff, 0xff,
    0x86, 0x0, 0x0, 0x0, 0x78, 0xff, 0xff, 0xe8,
    0x0, 0x0, 0x0, 0xbe, 0xff, 0xff, 0xf9, 0x27,
    0x0, 0x0, 0x78, 0xff, 0xff, 0xe8, 0x0, 0x0,
    0x0, 0x2f, 0xfd, 0xff, 0xff, 0xbc, 0x0, 0x0,
    0x78, 0xff, 0xff, 0xe8, 0x0, 0x0, 0x0, 0x0,
    0x9b, 0xff, 0xff, 0xff, 0x57, 0x0, 0x78, 0xff,
    0xff, 0xe8, 0x0, 0x0, 0x0, 0x0, 0x17, 0xf2,
    0xff, 0xff, 0xe5, 0xd,

    /* U+004C "L" */
    0x78, 0xff, 0xff, 0xec, 0x0, 0x0, 0x0, 0x0,
    0x0, 0x0, 0x0, 0x78, 0xff, 0xff, 0xec, 0x0,
    0x0, 0x0, 0x0, 0x0, 0x0, 0x0, 0x78, 0xff,
    0xff, 0xec, 0x0, 0x0, 0x0, 0x0, 0x0, 0x0,
    0x0, 0x78, 0xff, 0xff, 0xec, 0x0, 0x0, 0x0,
    0x0, 0x0, 0x0, 0x0, 0x78, 0xff, 0xff, 0xec,
    0x0, 0x0, 0x0, 0x0, 0x0, 0x0, 0x0, 0x78,
    0xff, 0xff, 0xec, 0x0, 0x0, 0x0, 0x0, 0x0,
    0x0, 0x0, 0x78, 0xff, 0xff, 0xec, 0x0, 0x0,
    0x0, 0x0, 0x0, 0x0, 0x0, 0x78, 0xff, 0xff,
    0xec, 0x0, 0x0, 0x0, 0x0, 0x0, 0x0, 0x0,
    0x78, 0xff, 0xff, 0xec, 0x0, 0x0, 0x0, 0x0,
    0x0, 0x0, 0x0, 0x78, 0xff, 0xff, 0xec, 0x0,
    0x0, 0x0, 0x0, 0x0, 0x0, 0x0, 0x78, 0xff,
    0xff, 0xec, 0x0, 0x0, 0x0, 0x0, 0x0, 0x0,
    0x0, 0x78, 0xff, 0xff, 0xec, 0x0, 0x0, 0x0,
    0x0, 0x0, 0x0, 0x0, 0x78, 0xff, 0xff, 0xec,
    0x0, 0x0, 0x0, 0x0, 0x0, 0x0, 0x0, 0x78,
    0xff, 0xff, 0xec, 0x0, 0x0, 0x0, 0x0, 0x0,
    0x0, 0x0, 0x78, 0xff, 0xff, 0xec, 0x0, 0x0,
    0x0, 0x0, 0x0, 0x0, 0x0, 0x78, 0xff, 0xff,
    0xff, 0xf4, 0xf4, 0xf4, 0xf4, 0xf4, 0xf4, 0x31,
    0x78, 0xff, 0xff, 0xff, 0xff, 0xff, 0xff, 0xff,
    0xff, 0xff, 0x34, 0x78, 0xff, 0xff, 0xff, 0xff,
    0xff, 0xff, 0xff, 0xff, 0xff, 0x34,

    /* U+004D "M" */
    0x78, 0xff, 0xff, 0xff, 0xd4, 0x0, 0x0, 0x0,
    0x0, 0x0, 0x0, 0x52, 0xff, 0xff, 0xff, 0xdc,
    0x78, 0xff, 0xff, 0xff, 0xff, 0x37, 0x0, 0x0,
    0x0, 0x0, 0x0, 0xb6, 0xff, 0xff, 0xff, 0xdc,
    0x78, 0xff, 0xff, 0xff, 0xff, 0x99, 0x0, 0x0,
    0x0, 0x0, 0x1c, 0xfd, 0xff, 0xff, 0xff, 0xdc,
    0x78, 0xff, 0xff, 0xff, 0xff, 0xf1, 0xa, 0x0,
    0x0, 0x0, 0x7d, 0xff, 0xff, 0xff, 0xff, 0xdc,
    0x78, 0xff, 0xff, 0xef, 0xff, 0xff, 0x5e, 0x0,
    0x0, 0x1, 0xde, 0xff, 0xee, 0xff, 0xff, 0xdc,
    0x78, 0xff, 0xff, 0xb2, 0xe1, 0xff, 0xc0, 0x0,
    0x0, 0x44, 0xff, 0xff, 0x93, 0xff, 0xff, 0xdc,
    0x78, 0xff, 0xff, 0xb0, 0x7f, 0xff, 0xfe, 0x23,
    0x0, 0xa8, 0xff, 0xce, 0x60, 0xff, 0xff, 0xdc,
    0x78, 0xff, 0xff, 0xb0, 0x1d, 0xfd, 0xff, 0x85,
    0x12, 0xf8, 0xff, 0x69, 0x60, 0xff, 0xff, 0xdc,
    0x78, 0xff, 0xff, 0xb0, 0x0, 0xb5, 0xff, 0xe4,
    0x72, 0xff, 0xf5, 0xf, 0x60, 0xff, 0xff, 0xdc,
    0x78, 0xff, 0xff, 0xb0, 0x0, 0x51, 0xff, 0xff,
    0xf3, 0xff, 0xa0, 0x0, 0x60, 0xff, 0xff, 0xdc,
    0x78, 0xff, 0xff, 0xb0, 0x0, 0x4, 0xe7, 0xff,
    0xff, 0xff, 0x3b, 0x0, 0x60, 0xff, 0xff, 0xdc,
    0x78, 0xff, 0xff, 0xb0, 0x0, 0x0, 0x87, 0xff,
    0xff, 0xd6, 0x0, 0x0, 0x60, 0xff, 0xff, 0xdc,
    0x78, 0xff, 0xff, 0xb0, 0x0, 0x0, 0x23, 0xfe,
    0xff, 0x72, 0x0, 0x0, 0x60, 0xff, 0xff, 0xdc,
    0x78, 0xff, 0xff, 0xb0, 0x0, 0x0, 0x0, 0x0,
    0x0, 0x0, 0x0, 0x0, 0x60, 0xff, 0xff, 0xdc,
    0x78, 0xff, 0xff, 0xb0, 0x0, 0x0, 0x0, 0x0,
    0x0, 0x0, 0x0, 0x0, 0x60, 0xff, 0xff, 0xdc,
    0x78, 0xff, 0xff, 0xb0, 0x0, 0x0, 0x0, 0x0,
    0x0, 0x0, 0x0, 0x0, 0x60, 0xff, 0xff, 0xdc,
    0x78, 0xff, 0xff, 0xb0, 0x0, 0x0, 0x0, 0x0,
    0x0, 0x0, 0x0, 0x0, 0x60, 0xff, 0xff, 0xdc,
    0x78, 0xff, 0xff, 0xb0, 0x0, 0x0, 0x0, 0x0,
    0x0, 0x0, 0x0, 0x0, 0x60, 0xff, 0xff, 0xdc,

    /* U+004E "N" */
    0x78, 0xff, 0xff, 0xff, 0x50, 0x0, 0x0, 0x0,
    0x0, 0x94, 0xff, 0xff, 0x70, 0x78, 0xff, 0xff,
    0xff, 0xc2, 0x0, 0x0, 0x0, 0x0, 0x94, 0xff,
    0xff, 0x70, 0x78, 0xff, 0xff, 0xff, 0xff, 0x33,
    0x0, 0x0, 0x0, 0x94, 0xff, 0xff, 0x70, 0x78,
    0xff, 0xff, 0xff, 0xff, 0xa5, 0x0, 0x0, 0x0,
    0x94, 0xff, 0xff, 0x70, 0x78, 0xff, 0xff, 0xff,
    0xff, 0xfa, 0x1c, 0x0, 0x0, 0x94, 0xff, 0xff,
    0x70, 0x78, 0xff, 0xff, 0xfd, 0xff, 0xff, 0x88,
    0x0, 0x0, 0x94, 0xff, 0xff, 0x70, 0x78, 0xff,
    0xff, 0xb1, 0xfd, 0xff, 0xee, 0xb, 0x0, 0x94,
    0xff, 0xff, 0x70, 0x78, 0xff, 0xff, 0x8c, 0xaf,
    0xff, 0xff, 0x6c, 0x0, 0x94, 0xff, 0xff, 0x70,
    0x78, 0xff, 0xff, 0x8c, 0x3c, 0xff, 0xff, 0xdb,
    0x2, 0x94, 0xff, 0xff, 0x70, 0x78, 0xff, 0xff,
    0x8c, 0x0, 0xc7, 0xff, 0xff, 0x4f, 0x94, 0xff,
    0xff, 0x70, 0x78, 0xff, 0xff, 0x8c, 0x0, 0x54,
    0xff, 0xff, 0xc1, 0x94, 0xff, 0xff, 0x70, 0x78,
    0xff, 0xff, 0x8c, 0x0, 0x2, 0xdd, 0xff, 0xff,
    0xc7, 0xff, 0xff, 0x70, 0x78, 0xff, 0xff, 0x8c,
    0x0, 0x0, 0x6d, 0xff, 0xff, 0xff, 0xff, 0xff,
    0x70, 0x78, 0xff, 0xff, 0x8c, 0x0, 0x0, 0xb,
    0xed, 0xff, 0xff, 0xff, 0xff, 0x70, 0x78, 0xff,
    0xff, 0x8c, 0x0, 0x0, 0x0, 0x85, 0xff, 0xff,
    0xff, 0xff, 0x70, 0x78, 0xff, 0xff, 0x8c, 0x0,
    0x0, 0x0, 0x18, 0xf9, 0xff, 0xff, 0xff, 0x70,
    0x78, 0xff, 0xff, 0x8c, 0x0, 0x0, 0x0, 0x0,
    0x9e, 0xff, 0xff, 0xff, 0x70, 0x78, 0xff, 0xff,
    0x8c, 0x0, 0x0, 0x0, 0x0, 0x2b, 0xfe, 0xff,
    0xff, 0x70,

    /* U+004F "O" */
    0x0, 0x0, 0x0, 0x0, 0x2a, 0x96, 0xdb, 0xf6,
    0xef, 0xcb, 0x7a, 0xd, 0x0, 0x0, 0x0, 0x0,
    0x0, 0x0, 0x6c, 0xfa, 0xff, 0xff, 0xff, 0xff,
    0xff, 0xff, 0xe4, 0x30, 0x0, 0x0, 0x0, 0x0,
    0x5b, 0xff, 0xff, 0xff, 0xff, 0xeb, 0xf4, 0xff,
    0xff, 0xff, 0xec, 0x1d, 0x0, 0x0, 0x11, 0xec,
    0xff, 0xff, 0xe3, 0x39, 0x0, 0x4, 0x6b, 0xfd,
    0xff, 0xff, 0xb0, 0x0, 0x0, 0x6e, 0xff, 0xff,
    0xff, 0x41, 0x0, 0x0, 0x0, 0x0, 0x94, 0xff,
    0xff, 0xfe, 0x23, 0x0, 0xc1, 0xff, 0xff, 0xd7,
    0x0, 0x0, 0x0, 0x0, 0x0, 0x27, 0xff, 0xff,
    0xff, 0x77, 0x2, 0xf3, 0xff, 0xff, 0x9b, 0x0,
    0x0, 0x0, 0x0, 0x0, 0x0, 0xe9, 0xff, 0xff,
    0xab, 0x16, 0xff, 0xff, 0xff, 0x79, 0x0, 0x0,
    0x0, 0x0, 0x0, 0x0, 0xc7, 0xff, 0xff, 0xcc,
    0x25, 0xff, 0xff, 0xff, 0x6c, 0x0, 0x0, 0x0,
    0x0, 0x0, 0x0, 0xba, 0xff, 0xff, 0xdc, 0x25,
    0xff, 0xff, 0xff, 0x6c, 0x0, 0x0, 0x0, 0x0,
    0x0, 0x0, 0xb8, 0xff, 0xff, 0xdc, 0x17, 0xff,
    0xff, 0xff, 0x7a, 0x0, 0x0, 0x0, 0x0, 0x0,
    0x0, 0xc5, 0xff, 0xff, 0xcd, 0x2, 0xf4, 0xff,
    0xff, 0x9e, 0x0, 0x0, 0x0, 0x0, 0x0, 0x0,
    0xe3, 0xff, 0xff, 0xad, 0x0, 0xc4, 0xff, 0xff,
    0xdd, 0x0, 0x0, 0x0, 0x0, 0x0, 0x1b, 0xff,
    0xff, 0xff, 0x7b, 0x0, 0x74, 0xff, 0xff, 0xff,
    0x4a, 0x0, 0x0, 0x0, 0x0, 0x7d, 0xff, 0xff,
    0xff, 0x2a, 0x0, 0x16, 0xf1, 0xff, 0xff, 0xe4,
    0x31, 0x0, 0x0, 0x4d, 0xf7, 0xff, 0xff, 0xbc,
    0x0, 0x0, 0x0, 0x68, 0xff, 0xff, 0xff, 0xfe,
    0xd8, 0xe2, 0xff, 0xff, 0xff, 0xf3, 0x28, 0x0,
    0x0, 0x0, 0x0, 0x7c, 0xfd, 0xff, 0xff, 0xff,
    0xff, 0xff, 0xff, 0xec, 0x3e, 0x0, 0x0, 0x0,
    0x0, 0x0, 0x0, 0x31, 0x9d, 0xde, 0xf7, 0xf1,
    0xd0, 0x82, 0x13, 0x0, 0x0, 0x0,

    /* U+0050 "P" */
    0x78, 0xff, 0xff, 0xff, 0xff, 0xf9, 0xe8, 0xbb,
    0x6b, 0x9, 0x0, 0x0, 0x78, 0xff, 0xff, 0xff,
    0xff, 0xff, 0xff, 0xff, 0xff, 0xda, 0x1f, 0x0,
    0x78, 0xff, 0xff, 0xfa, 0xd8, 0xe8, 0xff, 0xff,
    0xff, 0xff, 0xc9, 0x0, 0x78, 0xff, 0xff, 0xdc,
    0x0, 0x0, 0x1e, 0xb9, 0xff, 0xff, 0xff, 0x3a,
    0x78, 0xff, 0xff, 0xdc, 0x0, 0x0, 0x0, 0x10,
    0xf3, 0xff, 0xff, 0x73, 0x78, 0xff, 0xff, 0xdc,
    0x0, 0x0, 0x0, 0x0, 0xca, 0xff, 0xff, 0x85,
    0x78, 0xff, 0xff, 0xdc, 0x0, 0x0, 0x0, 0x0,
    0xd8, 0xff, 0xff, 0x73, 0x78, 0xff, 0xff, 0xdc,
    0x0, 0x0, 0x0, 0x2a, 0xfc, 0xff, 0xff, 0x49,
    0x78, 0xff, 0xff, 0xdc, 0x1, 0x18, 0x52, 0xdb,
    0xff, 0xff, 0xe8, 0x4, 0x78, 0xff, 0xff, 0xff,
    0xff, 0xff, 0xff, 0xff, 0xff, 0xff, 0x55, 0x0,
    0x78, 0xff, 0xff, 0xff, 0xff, 0xff, 0xff, 0xff,
    0xf7, 0x65, 0x0, 0x0, 0x78, 0xff, 0xff, 0xfb,
    0xc4, 0xc0, 0xa9, 0x75, 0x1a, 0x0, 0x0, 0x0,
    0x78, 0xff, 0xff, 0xec, 0x0, 0x0, 0x0, 0x0,
    0x0, 0x0, 0x0, 0x0, 0x78, 0xff, 0xff, 0xec,
    0x0, 0x0, 0x0, 0x0, 0x0, 0x0, 0x0, 0x0,
    0x78, 0xff, 0xff, 0xec, 0x0, 0x0, 0x0, 0x0,
    0x0, 0x0, 0x0, 0x0, 0x78, 0xff, 0xff, 0xec,
    0x0, 0x0, 0x0, 0x0, 0x0, 0x0, 0x0, 0x0,
    0x78, 0xff, 0xff, 0xec, 0x0, 0x0, 0x0, 0x0,
    0x0, 0x0, 0x0, 0x0, 0x78, 0xff, 0xff, 0xec,
    0x0, 0x0, 0x0, 0x0, 0x0, 0x0, 0x0, 0x0,

    /* U+0051 "Q" */
    0x0, 0x0, 0x0, 0x0, 0x28, 0x95, 0xdb, 0xf6,
    0xef, 0xcb, 0x7a, 0xc, 0x0, 0x0, 0x0, 0x0,
    0x0, 0x0, 0x68, 0xf9, 0xff, 0xff, 0xff, 0xff,
    0xff, 0xff, 0xe2, 0x2d, 0x0, 0x0, 0x0, 0x0,
    0x55, 0xfe, 0xff, 0xff, 0xff, 0xec, 0xf5, 0xff,
    0xff, 0xff, 0xe9, 0x1a, 0x0, 0x0, 0xe, 0xe8,
    0xff, 0xff, 0xe5, 0x3b, 0x0, 0x4, 0x6f, 0xfe,
    0xff, 0xff, 0xa9, 0x0, 0x0, 0x68, 0xff, 0xff,
    0xff, 0x46, 0x0, 0x0, 0x0, 0x0, 0x9a, 0xff,
    0xff, 0xfd, 0x1d, 0x0, 0xbc, 0xff, 0xff, 0xdc,
    0x0, 0x0, 0x0, 0x0, 0x0, 0x2e, 0xff, 0xff,
    0xff, 0x71, 0x0, 0xef, 0xff, 0xff, 0x9f, 0x0,
    0x0, 0x0, 0x0, 0x0, 0x0, 0xed, 0xff, 0xff,
    0xa6, 0x14, 0xff, 0xff, 0xff, 0x7c, 0x0, 0x0,
    0x0, 0x0, 0x0, 0x0, 0xcb, 0xff, 0xff, 0xca,
    0x23, 0xff, 0xff, 0xff, 0x6d, 0x0, 0x0, 0x0,
    0x0, 0x0, 0x0, 0xbb, 0xff, 0xff, 0xda, 0x27,
    0xff, 0xff, 0xff, 0x6a, 0x0, 0x0, 0x0, 0x0,
    0x0, 0x0, 0xb7, 0xff, 0xff, 0xdf, 0x1a, 0xff,
    0xff, 0xff, 0x74, 0x0, 0x0, 0x0, 0x0, 0x0,
    0x0, 0xc1, 0xff, 0xff, 0xd2, 0x4, 0xf8, 0xff,
    0xff, 0x8f, 0x0, 0x0, 0x0, 0x0, 0x0, 0x0,
    0xdb, 0xff, 0xff, 0xb4, 0x0, 0xcd, 0xff, 0xff,
    0xc1, 0x0, 0x0, 0x0, 0x0, 0x0, 0xe, 0xfc,
    0xff, 0xff, 0x86, 0x0, 0x82, 0xff, 0xff, 0xfb,
    0x1b, 0x0, 0x0, 0x0, 0x0, 0x5d, 0xff, 0xff,
    0xff, 0x3d, 0x0, 0x20, 0xfa, 0xff, 0xff, 0xb1,
    0x5, 0x0, 0x0, 0x18, 0xe1, 0xff, 0xff, 0xd4,
    0x1, 0x0, 0x0, 0x88, 0xff, 0xff, 0xff, 0xd5,
    0x8b, 0x97, 0xeb, 0xff, 0xff, 0xfe, 0x44, 0x0,
    0x0, 0x0, 0x4, 0xae, 0xff, 0xff, 0xff, 0xff,
    0xff, 0xff, 0xff, 0xfe, 0x6e, 0x0, 0x0, 0x0,
    0x0, 0x0, 0x1, 0x62, 0xca, 0xf9, 0xff, 0xff,
    0xfe, 0xb8, 0x3a, 0x0, 0x0, 0x0, 0x0, 0x0,
    0x0, 0x0, 0x0, 0x0, 0x3, 0xe9, 0xff, 0xfd,
    0xb, 0x0, 0x0, 0x0, 0x0, 0x0, 0x0, 0x0,
    0x0, 0x0, 0x0, 0x0, 0xbb, 0xff, 0xff, 0x68,
    0x0, 0x0, 0x0, 0x0, 0x0, 0x0, 0x0, 0x0,
    0x0, 0x0, 0x0, 0x66, 0xff, 0xff, 0xfa, 0x95,
    0x74, 0xa0, 0x59, 0x0, 0x0, 0x0, 0x0, 0x0,
    0x0, 0x0, 0x5, 0xc9, 0xff, 0xff, 0xff, 0xff,
    0xff, 0x6c, 0x0, 0x0, 0x0, 0x0, 0x0, 0x0,
    0x0, 0x0, 0xf, 0x92, 0xe5, 0xfa, 0xe9, 0xbc,
    0x3b,

    /* U+0052 "R" */
    0x78, 0xff, 0xff, 0xff, 0xff, 0xff, 0xfc, 0xe8,
    0xb2, 0x49, 0x0, 0x0, 0x0, 0x0, 0x78, 0xff,
    0xff, 0xff, 0xff, 0xff, 0xff, 0xff, 0xff, 0xff,
    0x8c, 0x0, 0x0, 0x0, 0x78, 0xff, 0xff, 0xfb,
    0xd4, 0xdf, 0xfb, 0xff, 0xff, 0xff, 0xff, 0x48,
    0x0, 0x0, 0x78, 0xff, 0xff, 0xe8, 0x0, 0x0,
    0xd, 0x90, 0xff, 0xff, 0xff, 0xa5, 0x0, 0x0,
    0x78, 0xff, 0xff, 0xe8, 0x0, 0x0, 0x0, 0x1,
    0xdc, 0xff, 0xff, 0xca, 0x0, 0x0, 0x78, 0xff,
    0xff, 0xe8, 0x0, 0x0, 0x0, 0x0, 0xb6, 0xff,
    0xff, 0xc2, 0x0, 0x0, 0x78, 0xff, 0xff, 0xe8,
    0x0, 0x0, 0x0, 0x0, 0xd3, 0xff, 0xff, 0xa3,
    0x0, 0x0, 0x78, 0xff, 0xff, 0xe8, 0x0, 0x0,
    0x0, 0x47, 0xff, 0xff, 0xff, 0x4d, 0x0, 0x0,
    0x78, 0xff, 0xff, 0xf1, 0x60, 0x6c, 0x9c, 0xfa,
    0xff, 0xff, 0xbd, 0x2, 0x0, 0x0, 0x78, 0xff,
    0xff, 0xff, 0xff, 0xff, 0xff, 0xff, 0xff, 0xab,
    0xf, 0x0, 0x0, 0x0, 0x78, 0xff, 0xff, 0xff,
    0xff, 0xff, 0xff, 0xff, 0xe8, 0xe, 0x0, 0x0,
    0x0, 0x0, 0x78, 0xff, 0xff, 0xe8, 0x0, 0x39,
    0xfe, 0xff, 0xff, 0x99, 0x0, 0x0, 0x0, 0x0,
    0x78, 0xff, 0xff, 0xe8, 0x0, 0x0, 0x96, 0xff,
    0xff, 0xff, 0x43, 0x0, 0x0, 0x0, 0x78, 0xff,
    0xff, 0xe8, 0x0, 0x0, 0xe, 0xe5, 0xff, 0xff,
    0xdf, 0xc, 0x0, 0x0, 0x78, 0xff, 0xff, 0xe8,
    0x0, 0x0, 0x0, 0x52, 0xff, 0xff, 0xff, 0x94,
    0x0, 0x0, 0x78, 0xff, 0xff, 0xe8, 0x0, 0x0,
    0x0, 0x0, 0xb0, 0xff, 0xff, 0xfe, 0x3f, 0x0,
    0x78, 0xff, 0xff, 0xe8, 0x0, 0x0, 0x0, 0x0,
    0x1c, 0xf2, 0xff, 0xff, 0xdc, 0xa, 0x78, 0xff,
    0xff, 0xe8, 0x0, 0x0, 0x0, 0x0, 0x0, 0x6d,
    0xff, 0xff, 0xff, 0x8f,

    /* U+0053 "S" */
    0x0, 0x0, 0x0, 0x34, 0xa1, 0xe1, 0xf9, 0xf1,
    0xd2, 0x9e, 0x51, 0x5, 0x0, 0x0, 0x0, 0x73,
    0xfc, 0xff, 0xff, 0xff, 0xff, 0xff, 0xff, 0xff,
    0xd3, 0x0, 0x0, 0x4c, 0xff, 0xff, 0xff, 0xe0,
    0xae, 0xb1, 0xd1, 0xfd, 0xff, 0xe4, 0x0, 0x0,
    0xca, 0xff, 0xff, 0x9a, 0x4, 0x0, 0x0, 0x0,
    0x15, 0x7e, 0xda, 0x0, 0x8, 0xfe, 0xff, 0xff,
    0x1f, 0x0, 0x0, 0x0, 0x0, 0x0, 0x0, 0xe,
    0x0, 0x18, 0xff, 0xff, 0xff, 0x2c, 0x0, 0x0,
    0x0, 0x0, 0x0, 0x0, 0x0, 0x0, 0x3, 0xf5,
    0xff, 0xff, 0xd3, 0x37, 0x0, 0x0, 0x0, 0x0,
    0x0, 0x0, 0x0, 0x0, 0x9f, 0xff, 0xff, 0xff,
    0xff, 0xd3, 0x7d, 0x28, 0x0, 0x0, 0x0, 0x0,
    0x0, 0x14, 0xd4, 0xff, 0xff, 0xff, 0xff, 0xff,
    0xff, 0xc8, 0x47, 0x0, 0x0, 0x0, 0x0, 0xd,
    0x86, 0xed, 0xff, 0xff, 0xff, 0xff, 0xff, 0xff,
    0x75, 0x0, 0x0, 0x0, 0x0, 0x0, 0x6, 0x4d,
    0xa3, 0xf3, 0xff, 0xff, 0xff, 0xfa, 0x26, 0x0,
    0x0, 0x0, 0x0, 0x0, 0x0, 0x0, 0xb, 0x7c,
    0xfe, 0xff, 0xff, 0x81, 0x0, 0x0, 0x0, 0x0,
    0x0, 0x0, 0x0, 0x0, 0x0, 0xb2, 0xff, 0xff,
    0x99, 0xc, 0x3d, 0x0, 0x0, 0x0, 0x0, 0x0,
    0x0, 0x0, 0xad, 0xff, 0xff, 0x82, 0x1c, 0xfe,
    0xa1, 0x2e, 0x0, 0x0, 0x0, 0x0, 0x31, 0xf4,
    0xff, 0xff, 0x46, 0x1c, 0xff, 0xff, 0xff, 0xe3,
    0xb7, 0xa9, 0xc3, 0xfd, 0xff, 0xff, 0xcc, 0x1,
    0x12, 0xe7, 0xff, 0xff, 0xff, 0xff, 0xff, 0xff,
    0xff, 0xff, 0xd8, 0x1e, 0x0, 0x0, 0x8, 0x5a,
    0xa4, 0xd5, 0xf1, 0xfc, 0xec, 0xc5, 0x71, 0x8,
    0x0, 0x0,

    /* U+0054 "T" */
    0xe0, 0xff, 0xff, 0xff, 0xff, 0xff, 0xff, 0xff,
    0xff, 0xff, 0xff, 0xff, 0xa4, 0xe0, 0xff, 0xff,
    0xff, 0xff, 0xff, 0xff, 0xff, 0xff, 0xff, 0xff,
    0xff, 0xa4, 0xce, 0xec, 0xec, 0xec, 0xf1, 0xff,
    0xff, 0xff, 0xed, 0xec, 0xec, 0xec, 0x97, 0x0,
    0x0, 0x0, 0x0, 0x4c, 0xff, 0xff, 0xff, 0x18,
    0x0, 0x0, 0x0, 0x0, 0x0, 0x0, 0x0, 0x0,
    0x4c, 0xff, 0xff, 0xff, 0x18, 0x0, 0x0, 0x0,
    0x0, 0x0, 0x0, 0x0, 0x0, 0x4c, 0xff, 0xff,
    0xff, 0x18, 0x0, 0x0, 0x0, 0x0, 0x0, 0x0,
    0x0, 0x0, 0x4c, 0xff, 0xff, 0xff, 0x18, 0x0,
    0x0, 0x0, 0x0, 0x0, 0x0, 0x0, 0x0, 0x4c,
    0xff, 0xff, 0xff, 0x18, 0x0, 0x0, 0x0, 0x0,
    0x0, 0x0, 0x0, 0x0, 0x4c, 0xff, 0xff, 0xff,
    0x18, 0x0, 0x0, 0x0, 0x0, 0x0, 0x0, 0x0,
    0x0, 0x4c, 0xff, 0xff, 0xff, 0x18, 0x0, 0x0,
    0x0, 0x0, 0x0, 0x0, 0x0, 0x0, 0x4c, 0xff,
    0xff, 0xff, 0x18, 0x0, 0x0, 0x0, 0x0, 0x0,
    0x0, 0x0, 0x0, 0x4c, 0xff, 0xff, 0xff, 0x18,
    0x0, 0x0, 0x0, 0x0, 0x0, 0x0, 0x0, 0x0,
    0x4c, 0xff, 0xff, 0xff, 0x18, 0x0, 0x0, 0x0,
    0x0, 0x0, 0x0, 0x0, 0x0, 0x4c, 0xff, 0xff,
    0xff, 0x18, 0x0, 0x0, 0x0, 0x0, 0x0, 0x0,
    0x0, 0x0, 0x4c, 0xff, 0xff, 0xff, 0x18, 0x0,
    0x0, 0x0, 0x0, 0x0, 0x0, 0x0, 0x0, 0x4c,
    0xff, 0xff, 0xff, 0x18, 0x0, 0x0, 0x0, 0x0,
    0x0, 0x0, 0x0, 0x0, 0x4c, 0xff, 0xff, 0xff,
    0x18, 0x0, 0x0, 0x0, 0x0, 0x0, 0x0, 0x0,
    0x0, 0x4c, 0xff, 0xff, 0xff, 0x18, 0x0, 0x0,
    0x0, 0x0,

    /* U+0055 "U" */
    0x94, 0xff, 0xff, 0xcc, 0x0, 0x0, 0x0, 0x0,
    0x0, 0x88, 0xff, 0xff, 0xe4, 0x94, 0xff, 0xff,
    0xcc, 0x0, 0x0, 0x0, 0x0, 0x0, 0x88, 0xff,
    0xff, 0xe4, 0x94, 0xff, 0xff, 0xcc, 0x0, 0x0,
    0x0, 0x0, 0x0, 0x88, 0xff, 0xff, 0xe4, 0x94,
    0xff, 0xff, 0xcc, 0x0, 0x0, 0x0, 0x0, 0x0,
    0x88, 0xff, 0xff, 0xe4, 0x94, 0xff, 0xff, 0xcc,
    0x0, 0x0, 0x0, 0x0, 0x0, 0x88, 0xff, 0xff,
    0xe4, 0x94, 0xff, 0xff, 0xcc, 0x0, 0x0, 0x0,
    0x0, 0x0, 0x88, 0xff, 0xff, 0xe4, 0x94, 0xff,
    0xff, 0xcc, 0x0, 0x0, 0x0, 0x0, 0x0, 0x88,
    0xff, 0xff, 0xe4, 0x94, 0xff, 0xff, 0xcc, 0x0,
    0x0, 0x0, 0x0, 0x0, 0x88, 0xff, 0xff, 0xe4,
    0x94, 0xff, 0xff, 0xcc, 0x0, 0x0, 0x0, 0x0,
    0x0, 0x88, 0xff, 0xff, 0xe4, 0x94, 0xff, 0xff,
    0xcc, 0x0, 0x0, 0x0, 0x0, 0x0, 0x88, 0xff,
    0xff, 0xe4, 0x94, 0xff, 0xff, 0xcc, 0x0, 0x0,
    0x0, 0x0, 0x0, 0x88, 0xff, 0xff, 0xe4, 0x90,
    0xff, 0xff, 0xd2, 0x0, 0x0, 0x0, 0x0, 0x0,
    0x8b, 0xff, 0xff, 0xdf, 0x7f, 0xff, 0xff, 0xeb,
    0x0, 0x0, 0x0, 0x0, 0x0, 0x9e, 0xff, 0xff,
    0xce, 0x55, 0xff, 0xff, 0xff, 0x31, 0x0, 0x0,
    0x0, 0x1, 0xda, 0xff, 0xff, 0xa2, 0x12, 0xf7,
    0xff, 0xff, 0xc9, 0x1d, 0x0, 0x8, 0x90, 0xff,
    0xff, 0xff, 0x55, 0x0, 0x8c, 0xff, 0xff, 0xff,
    0xff, 0xe8, 0xfc, 0xff, 0xff, 0xff, 0xd0, 0x4,
    0x0, 0x7, 0xb3, 0xff, 0xff, 0xff, 0xff, 0xff,
    0xff, 0xff, 0xda, 0x22, 0x0, 0x0, 0x0, 0x2,
    0x59, 0xb8, 0xea, 0xfb, 0xef, 0xc6, 0x75, 0xc,
    0x0, 0x0,

    /* U+0056 "V" */
    0x7, 0xf7, 0xff, 0xff, 0x68, 0x0, 0x0, 0x0,
    0x0, 0x0, 0xaa, 0xff, 0xff, 0x96, 0x0, 0xbd,
    0xff, 0xff, 0xa2, 0x0, 0x0, 0x0, 0x0, 0x0,
    0xe3, 0xff, 0xff, 0x55, 0x0, 0x7b, 0xff, 0xff,
    0xdb, 0x0, 0x0, 0x0, 0x0, 0x1e, 0xff, 0xff,
    0xfe, 0x14, 0x0, 0x39, 0xff, 0xff, 0xff, 0x15,
    0x0, 0x0, 0x0, 0x58, 0xff, 0xff, 0xd1, 0x0,
    0x0, 0x4, 0xf2, 0xff, 0xff, 0x4e, 0x0, 0x0,
    0x0, 0x92, 0xff, 0xff, 0x8f, 0x0, 0x0, 0x0,
    0xb4, 0xff, 0xff, 0x88, 0x0, 0x0, 0x0, 0xcc,
    0xff, 0xff, 0x4e, 0x0, 0x0, 0x0, 0x72, 0xff,
    0xff, 0xc1, 0x0, 0x0, 0xa, 0xfb, 0xff, 0xfc,
    0xf, 0x0, 0x0, 0x0, 0x30, 0xff, 0xff, 0xf6,
    0x5, 0x0, 0x40, 0xff, 0xff, 0xca, 0x0, 0x0,
    0x0, 0x0, 0x1, 0xeb, 0xff, 0xff, 0x34, 0x0,
    0x7b, 0xff, 0xff, 0x88, 0x0, 0x0, 0x0, 0x0,
    0x0, 0xab, 0xff, 0xff, 0x6e, 0x0, 0xb5, 0xff,
    0xff, 0x46, 0x0, 0x0, 0x0, 0x0, 0x0, 0x69,
    0xff, 0xff, 0xa7, 0x1, 0xed, 0xff, 0xfa, 0xb,
    0x0, 0x0, 0x0, 0x0, 0x0, 0x27, 0xff, 0xff,
    0xe1, 0x29, 0xff, 0xff, 0xc3, 0x0, 0x0, 0x0,
    0x0, 0x0, 0x0, 0x0, 0xe4, 0xff, 0xff, 0x7e,
    0xff, 0xff, 0x81, 0x0, 0x0, 0x0, 0x0, 0x0,
    0x0, 0x0, 0xa2, 0xff, 0xff, 0xe9, 0xff, 0xff,
    0x3f, 0x0, 0x0, 0x0, 0x0, 0x0, 0x0, 0x0,
    0x60, 0xff, 0xff, 0xff, 0xff, 0xf6, 0x7, 0x0,
    0x0, 0x0, 0x0, 0x0, 0x0, 0x0, 0x1d, 0xff,
    0xff, 0xff, 0xff, 0xbc, 0x0, 0x0, 0x0, 0x0,
    0x0, 0x0, 0x0, 0x0, 0x0, 0xdc, 0xff, 0xff,
    0xff, 0x7a, 0x0, 0x0, 0x0, 0x0, 0x0, 0x0,
    0x0, 0x0, 0x0, 0x99, 0xff, 0xff, 0xff, 0x38,
    0x0, 0x0, 0x0, 0x0,

    /* U+0057 "W" */
    0x9b, 0xff, 0xff, 0x66, 0x0, 0x0, 0x0, 0x0,
    0xd5, 0xff, 0xff, 0x79, 0x0, 0x0, 0x0, 0x0,
    0x9c, 0xff, 0xff, 0x36, 0x68, 0xff, 0xff, 0x95,
    0x0, 0x0, 0x0, 0xa, 0xfc, 0xff, 0xff, 0xae,
    0x0, 0x0, 0x0, 0x0, 0xcc, 0xff, 0xfb, 0x8,
    0x35, 0xff, 0xff, 0xc4, 0x0, 0x0, 0x0, 0x39,
    0xff, 0xff, 0xff, 0xe2, 0x0, 0x0, 0x0, 0x3,
    0xf7, 0xff, 0xd1, 0x0, 0x7, 0xfa, 0xff, 0xf1,
    0x1, 0x0, 0x0, 0x6b, 0xff, 0xff, 0xff, 0xff,
    0x16, 0x0, 0x0, 0x2b, 0xff, 0xff, 0x9f, 0x0,
    0x0, 0xcf, 0xff, 0xff, 0x21, 0x0, 0x0, 0x9d,
    0xff, 0xff, 0xff, 0xff, 0x4a, 0x0, 0x0, 0x5a,
    0xff, 0xff, 0x6c, 0x0, 0x0, 0x9c, 0xff, 0xff,
    0x4f, 0x0, 0x0, 0xcf, 0xff, 0xd5, 0xff, 0xff,
    0x7e, 0x0, 0x0, 0x8a, 0xff, 0xff, 0x3a, 0x0,
    0x0, 0x69, 0xff, 0xff, 0x7e, 0x0, 0x6, 0xfa,
    0xff, 0x85, 0xe6, 0xff, 0xb3, 0x0, 0x0, 0xba,
    0xff, 0xfc, 0xa, 0x0, 0x0, 0x36, 0xff, 0xff,
    0xad, 0x0, 0x33, 0xff, 0xff, 0x4f, 0xb1, 0xff,
    0xe7, 0x0, 0x0, 0xe9, 0xff, 0xd5, 0x0, 0x0,
    0x0, 0x8, 0xfb, 0xff, 0xdb, 0x0, 0x65, 0xff,
    0xff, 0x19, 0x7b, 0xff, 0xff, 0x1b, 0x19, 0xff,
    0xff, 0xa2, 0x0, 0x0, 0x0, 0x0, 0xd1, 0xff,
    0xfe, 0xb, 0x97, 0xff, 0xe4, 0x0, 0x46, 0xff,
    0xff, 0x4f, 0x48, 0xff, 0xff, 0x70, 0x0, 0x0,
    0x0, 0x0, 0x9e, 0xff, 0xff, 0x38, 0xc9, 0xff,
    0xae, 0x0, 0x11, 0xff, 0xff, 0x83, 0x78, 0xff,
    0xff, 0x3e, 0x0, 0x0, 0x0, 0x0, 0x6b, 0xff,
    0xff, 0x6a, 0xf6, 0xff, 0x78, 0x0, 0x0, 0xdb,
    0xff, 0xb7, 0xa8, 0xff, 0xfe, 0xd, 0x0, 0x0,
    0x0, 0x0, 0x38, 0xff, 0xff, 0xc2, 0xff, 0xff,
    0x43, 0x0, 0x0, 0xa6, 0xff, 0xeb, 0xd7, 0xff,
    0xd9, 0x0, 0x0, 0x0, 0x0, 0x0, 0x9, 0xfc,
    0xff, 0xff, 0xff, 0xfe, 0xf, 0x0, 0x0, 0x70,
    0xff, 0xff, 0xff, 0xff, 0xa6, 0x0, 0x0, 0x0,
    0x0, 0x0, 0x0, 0xd2, 0xff, 0xff, 0xff, 0xd7,
    0x0, 0x0, 0x0, 0x3b, 0xff, 0xff, 0xff, 0xff,
    0x74, 0x0, 0x0, 0x0, 0x0, 0x0, 0x0, 0x9f,
    0xff, 0xff, 0xff, 0xa2, 0x0, 0x0, 0x0, 0x9,
    0xfb, 0xff, 0xff, 0xff, 0x41, 0x0, 0x0, 0x0,
    0x0, 0x0, 0x0, 0x6c, 0xff, 0xff, 0xff, 0x6c,
    0x0, 0x0, 0x0, 0x0, 0xd0, 0xff, 0xff, 0xff,
    0x10, 0x0, 0x0, 0x0, 0x0, 0x0, 0x0, 0x39,
    0xff, 0xff, 0xff, 0x36, 0x0, 0x0, 0x0, 0x0,
    0x9b, 0xff, 0xff, 0xdd, 0x0, 0x0, 0x0, 0x0,

    /* U+0058 "X" */
    0x0, 0xc9, 0xff, 0xff, 0xe4, 0x8, 0x0, 0x0,
    0x0, 0x0, 0x63, 0xff, 0xff, 0xf7, 0x1d, 0x0,
    0x3e, 0xff, 0xff, 0xff, 0x72, 0x0, 0x0, 0x0,
    0x6, 0xe1, 0xff, 0xff, 0x87, 0x0, 0x0, 0x0,
    0xb3, 0xff, 0xff, 0xea, 0xc, 0x0, 0x0, 0x6e,
    0xff, 0xff, 0xeb, 0xf, 0x0, 0x0, 0x0, 0x2a,
    0xfc, 0xff, 0xff, 0x7c, 0x0, 0xa, 0xe8, 0xff,
    0xff, 0x6d, 0x0, 0x0, 0x0, 0x0, 0x0, 0x9b,
    0xff, 0xff, 0xef, 0x11, 0x78, 0xff, 0xff, 0xdb,
    0x5, 0x0, 0x0, 0x0, 0x0, 0x0, 0x19, 0xf5,
    0xff, 0xff, 0x94, 0xee, 0xff, 0xff, 0x53, 0x0,
    0x0, 0x0, 0x0, 0x0, 0x0, 0x0, 0x83, 0xff,
    0xff, 0xff, 0xff, 0xff, 0xc6, 0x0, 0x0, 0x0,
    0x0, 0x0, 0x0, 0x0, 0x0, 0xd, 0xe9, 0xff,
    0xff, 0xff, 0xff, 0x3a, 0x0, 0x0, 0x0, 0x0,
    0x0, 0x0, 0x0, 0x0, 0x0, 0x6b, 0xff, 0xff,
    0xff, 0xae, 0x0, 0x0, 0x0, 0x0, 0x0, 0x0,
    0x0, 0x0, 0x0, 0x0, 0x5c, 0xff, 0xff, 0xff,
    0xc5, 0x0, 0x0, 0x0, 0x0, 0x0, 0x0, 0x0,
    0x0, 0x0, 0x9, 0xe3, 0xff, 0xff, 0xff, 0xff,
    0x51, 0x0, 0x0, 0x0, 0x0, 0x0, 0x0, 0x0,
    0x0, 0x7f, 0xff, 0xff, 0xff, 0xff, 0xff, 0xd8,
    0x4, 0x0, 0x0, 0x0, 0x0, 0x0, 0x0, 0x1b,
    0xf5, 0xff, 0xff, 0x7c, 0xff, 0xff, 0xff, 0x67,
    0x0, 0x0, 0x0, 0x0, 0x0, 0x0, 0xa2, 0xff,
    0xff, 0xbc, 0x0, 0xb0, 0xff, 0xff, 0xe7, 0xb,
    0x0, 0x0, 0x0, 0x0, 0x34, 0xfe, 0xff, 0xfe,
    0x32, 0x0, 0x2d, 0xfe, 0xff, 0xff, 0x7d, 0x0,
    0x0, 0x0, 0x0, 0xc3, 0xff, 0xff, 0xa5, 0x0,
    0x0, 0x0, 0xa7, 0xff, 0xff, 0xf2, 0x15, 0x0,
    0x0, 0x56, 0xff, 0xff, 0xf8, 0x20, 0x0, 0x0,
    0x0, 0x26, 0xfc, 0xff, 0xff, 0x93, 0x0, 0x7,
    0xdf, 0xff, 0xff, 0x8d, 0x0, 0x0, 0x0, 0x0,
    0x0, 0x9e, 0xff, 0xff, 0xfa, 0x23,

    /* U+0059 "Y" */
    0x12, 0xf1, 0xff, 0xff, 0x8f, 0x0, 0x0, 0x0,
    0x0, 0x0, 0x0, 0xd0, 0xff, 0xff, 0xa5, 0x0,
    0x83, 0xff, 0xff, 0xf4, 0x12, 0x0, 0x0, 0x0,
    0x0, 0x4c, 0xff, 0xff, 0xfc, 0x26, 0x0, 0x11,
    0xf1, 0xff, 0xff, 0x7f, 0x0, 0x0, 0x0, 0x0,
    0xc6, 0xff, 0xff, 0x9f, 0x0, 0x0, 0x0, 0x82,
    0xff, 0xff, 0xec, 0xa, 0x0, 0x0, 0x3f, 0xff,
    0xff, 0xfa, 0x21, 0x0, 0x0, 0x0, 0x10, 0xf0,
    0xff, 0xff, 0x69, 0x0, 0x0, 0xb4, 0xff, 0xff,
    0x99, 0x0, 0x0, 0x0, 0x0, 0x0, 0x81, 0xff,
    0xff, 0xd9, 0x1, 0x29, 0xfe, 0xff, 0xf8, 0x1d,
    0x0, 0x0, 0x0, 0x0, 0x0, 0x10, 0xf0, 0xff,
    0xff, 0x49, 0x97, 0xff, 0xff, 0x92, 0x0, 0x0,
    0x0, 0x0, 0x0, 0x0, 0x0, 0x80, 0xff, 0xff,
    0xbb, 0xf3, 0xff, 0xf6, 0x19, 0x0, 0x0, 0x0,
    0x0, 0x0, 0x0, 0x0, 0xf, 0xef, 0xff, 0xff,
    0xff, 0xff, 0x8c, 0x0, 0x0, 0x0, 0x0, 0x0,
    0x0, 0x0, 0x0, 0x0, 0x7f, 0xff, 0xff, 0xff,
    0xf3, 0x15, 0x0, 0x0, 0x0, 0x0, 0x0, 0x0,
    0x0, 0x0, 0x0, 0xf, 0xf4, 0xff, 0xff, 0x95,
    0x0, 0x0, 0x0, 0x0, 0x0, 0x0, 0x0, 0x0,
    0x0, 0x0, 0x0, 0xe4, 0xff, 0xff, 0x84, 0x0,
    0x0, 0x0, 0x0, 0x0, 0x0, 0x0, 0x0, 0x0,
    0x0, 0x0, 0xe4, 0xff, 0xff, 0x84, 0x0, 0x0,
    0x0, 0x0, 0x0, 0x0, 0x0, 0x0, 0x0, 0x0,
    0x0, 0xe4, 0xff, 0xff, 0x84, 0x0, 0x0, 0x0,
    0x0, 0x0, 0x0, 0x0, 0x0, 0x0, 0x0, 0x0,
    0xe4, 0xff, 0xff, 0x84, 0x0, 0x0, 0x0, 0x0,
    0x0, 0x0, 0x0, 0x0, 0x0, 0x0, 0x0, 0xe4,
    0xff, 0xff, 0x84, 0x0, 0x0, 0x0, 0x0, 0x0,
    0x0, 0x0, 0x0, 0x0, 0x0, 0x0, 0xe4, 0xff,
    0xff, 0x84, 0x0, 0x0, 0x0, 0x0, 0x0, 0x0,
    0x0, 0x0, 0x0, 0x0, 0x0, 0xe4, 0xff, 0xff,
    0x84, 0x0, 0x0, 0x0, 0x0, 0x0,

    /* U+005A "Z" */
    0x0, 0xf0, 0xff, 0xff, 0xff, 0xff, 0xff, 0xff,
    0xff, 0xff, 0xff, 0xff, 0x30, 0x0, 0xf0, 0xff,
    0xff, 0xff, 0xff, 0xff, 0xff, 0xff, 0xff, 0xff,
    0xff, 0x30, 0x0, 0xe1, 0xf0, 0xf0, 0xf0, 0xf0,
    0xf0, 0xf0, 0xff, 0xff, 0xff, 0xff, 0x29, 0x0,
    0x0, 0x0, 0x0, 0x0, 0x0, 0x0, 0x55, 0xff,
    0xff, 0xff, 0xb5, 0x0, 0x0, 0x0, 0x0, 0x0,
    0x0, 0x0, 0x9, 0xe0, 0xff, 0xff, 0xf8, 0x23,
    0x0, 0x0, 0x0, 0x0, 0x0, 0x0, 0x0, 0x80,
    0xff, 0xff, 0xff, 0x82, 0x0, 0x0, 0x0, 0x0,
    0x0, 0x0, 0x0, 0x1f, 0xf6, 0xff, 0xff, 0xdf,
    0x9, 0x0, 0x0, 0x0, 0x0, 0x0, 0x0, 0x0,
    0xac, 0xff, 0xff, 0xff, 0x4e, 0x0, 0x0, 0x0,
    0x0, 0x0, 0x0, 0x0, 0x41, 0xff, 0xff, 0xff,
    0xb5, 0x0, 0x0, 0x0, 0x0, 0x0, 0x0, 0x0,
    0x3, 0xd2, 0xff, 0xff, 0xf7, 0x23, 0x0, 0x0,
    0x0, 0x0, 0x0, 0x0, 0x0, 0x6d, 0xff, 0xff,
    0xff, 0x81, 0x0, 0x0, 0x0, 0x0, 0x0, 0x0,
    0x0, 0x13, 0xee, 0xff, 0xff, 0xdf, 0x9, 0x0,
    0x0, 0x0, 0x0, 0x0, 0x0, 0x0, 0x98, 0xff,
    0xff, 0xff, 0x4e, 0x0, 0x0, 0x0, 0x0, 0x0,
    0x0, 0x0, 0x30, 0xfd, 0xff, 0xff, 0xb4, 0x0,
    0x0, 0x0, 0x0, 0x0, 0x0, 0x0, 0x0, 0xc2,
    0xff, 0xff, 0xf7, 0x23, 0x0, 0x0, 0x0, 0x0,
    0x0, 0x0, 0x0, 0x3a, 0xff, 0xff, 0xff, 0xfa,
    0xe8, 0xe8, 0xe8, 0xe8, 0xe8, 0xe8, 0xe8, 0x7e,
    0x44, 0xff, 0xff, 0xff, 0xff, 0xff, 0xff, 0xff,
    0xff, 0xff, 0xff, 0xff, 0x8c, 0x44, 0xff, 0xff,
    0xff, 0xff, 0xff, 0xff, 0xff, 0xff, 0xff, 0xff,
    0xff, 0x8c,

    /* U+005B "[" */
    0xc8, 0xff, 0xff, 0xff, 0xff, 0xff, 0xb4, 0xc8,
    0xff, 0xff, 0xff, 0xff, 0xff, 0xb4, 0xc8, 0xff,
    0xff, 0xc1, 0x94, 0x94, 0x68, 0xc8, 0xff, 0xff,
    0x6c, 0x0, 0x0, 0x0, 0xc8, 0xff, 0xff, 0x6c,
    0x0, 0x0, 0x0, 0xc8, 0xff, 0xff, 0x6c, 0x0,
    0x0, 0x0, 0xc8, 0xff, 0xff, 0x6c, 0x0, 0x0,
    0x0, 0xc8, 0xff, 0xff, 0x6c, 0x0, 0x0, 0x0,
    0xc8, 0xff, 0xff, 0x6c, 0x0, 0x0, 0x0, 0xc8,
    0xff, 0xff, 0x6c, 0x0, 0x0, 0x0, 0xc8, 0xff,
    0xff, 0x6c, 0x0, 0x0, 0x0, 0xc8, 0xff, 0xff,
    0x6c, 0x0, 0x0, 0x0, 0xc8, 0xff, 0xff, 0x6c,
    0x0, 0x0, 0x0, 0xc8, 0xff, 0xff, 0x6c, 0x0,
    0x0, 0x0, 0xc8, 0xff, 0xff, 0x6c, 0x0, 0x0,
    0x0, 0xc8, 0xff, 0xff, 0x6c, 0x0, 0x0, 0x0,
    0xc8, 0xff, 0xff, 0x6c, 0x0, 0x0, 0x0, 0xc8,
    0xff, 0xff, 0x6c, 0x0, 0x0, 0x0, 0xc8, 0xff,
    0xff, 0x6c, 0x0, 0x0, 0x0, 0xc8, 0xff, 0xff,
    0x6c, 0x0, 0x0, 0x0, 0xc8, 0xff, 0xff, 0x6c,
    0x0, 0x0, 0x0, 0xc8, 0xff, 0xff, 0xbf, 0x90,
    0x90, 0x65, 0xc8, 0xff, 0xff, 0xff, 0xff, 0xff,
    0xb4, 0xc8, 0xff, 0xff, 0xff, 0xff, 0xff, 0xb4,

    /* U+005C "\\" */
    0xc2, 0xff, 0xff, 0x3d, 0x0, 0x0, 0x0, 0x0,
    0x0, 0x0, 0x0, 0x6d, 0xff, 0xff, 0x92, 0x0,
    0x0, 0x0, 0x0, 0x0, 0x0, 0x0, 0x1a, 0xfe,
    0xff, 0xe5, 0x1, 0x0, 0x0, 0x0, 0x0, 0x0,
    0x0, 0x0, 0xc3, 0xff, 0xff, 0x3b, 0x0, 0x0,
    0x0, 0x0, 0x0, 0x0, 0x0, 0x6f, 0xff, 0xff,
    0x90, 0x0, 0x0, 0x0, 0x0, 0x0, 0x0, 0x0,
    0x1b, 0xfe, 0xff, 0xe3, 0x1, 0x0, 0x0, 0x0,
    0x0, 0x0, 0x0, 0x0, 0xc5, 0xff, 0xff, 0x39,
    0x0, 0x0, 0x0, 0x0, 0x0, 0x0, 0x0, 0x70,
    0xff, 0xff, 0x8e, 0x0, 0x0, 0x0, 0x0, 0x0,
    0x0, 0x0, 0x1c, 0xfe, 0xff, 0xe1, 0x1, 0x0,
    0x0, 0x0, 0x0, 0x0, 0x0, 0x0, 0xc7, 0xff,
    0xff, 0x37, 0x0, 0x0, 0x0, 0x0, 0x0, 0x0,
    0x0, 0x72, 0xff, 0xff, 0x8c, 0x0, 0x0, 0x0,
    0x0, 0x0, 0x0, 0x0, 0x1e, 0xfe, 0xff, 0xdf,
    0x0, 0x0, 0x0, 0x0, 0x0, 0x0, 0x0, 0x0,
    0xc8, 0xff, 0xff, 0x35, 0x0, 0x0, 0x0, 0x0,
    0x0, 0x0, 0x0, 0x73, 0xff, 0xff, 0x8a, 0x0,
    0x0, 0x0, 0x0, 0x0, 0x0, 0x0, 0x1f, 0xff,
    0xff, 0xde, 0x0, 0x0, 0x0, 0x0, 0x0, 0x0,
    0x0, 0x0, 0xca, 0xff, 0xff, 0x33, 0x0, 0x0,
    0x0, 0x0, 0x0, 0x0, 0x0, 0x75, 0xff, 0xff,
    0x87, 0x0, 0x0, 0x0, 0x0, 0x0, 0x0, 0x0,
    0x20, 0xff, 0xff, 0xdc, 0x0, 0x0, 0x0, 0x0,
    0x0, 0x0, 0x0, 0x0, 0xcb, 0xff, 0xff, 0x31,
    0x0, 0x0, 0x0, 0x0, 0x0, 0x0, 0x0, 0x77,
    0xff, 0xff, 0x85, 0x0, 0x0, 0x0, 0x0, 0x0,
    0x0, 0x0, 0x22, 0xff, 0xff, 0xda, 0x0, 0x0,
    0x0, 0x0, 0x0, 0x0, 0x0, 0x0, 0xcd, 0xff,
    0xff, 0x2f, 0x0, 0x0, 0x0, 0x0, 0x0, 0x0,
    0x0, 0x46, 0x80, 0x80, 0x37,

    /* U+005D "]" */
    0x5c, 0xff, 0xff, 0xff, 0xff, 0xff, 0xff, 0x24,
    0x5c, 0xff, 0xff, 0xff, 0xff, 0xff, 0xff, 0x24,
    0x35, 0x94, 0x94, 0x9a, 0xff, 0xff, 0xff, 0x24,
    0x0, 0x0, 0x0, 0x10, 0xff, 0xff, 0xff, 0x24,
    0x0, 0x0, 0x0, 0x10, 0xff, 0xff, 0xff, 0x24,
    0x0, 0x0, 0x0, 0x10, 0xff, 0xff, 0xff, 0x24,
    0x0, 0x0, 0x0, 0x10, 0xff, 0xff, 0xff, 0x24,
    0x0, 0x0, 0x0, 0x10, 0xff, 0xff, 0xff, 0x24,
    0x0, 0x0, 0x0, 0x10, 0xff, 0xff, 0xff, 0x24,
    0x0, 0x0, 0x0, 0x10, 0xff, 0xff, 0xff, 0x24,
    0x0, 0x0, 0x0, 0x10, 0xff, 0xff, 0xff, 0x24,
    0x0, 0x0, 0x0, 0x10, 0xff, 0xff, 0xff, 0x24,
    0x0, 0x0, 0x0, 0x10, 0xff, 0xff, 0xff, 0x24,
    0x0, 0x0, 0x0, 0x10, 0xff, 0xff, 0xff, 0x24,
    0x0, 0x0, 0x0, 0x10, 0xff, 0xff, 0xff, 0x24,
    0x0, 0x0, 0x0, 0x10, 0xff, 0xff, 0xff, 0x24,
    0x0, 0x0, 0x0, 0x10, 0xff, 0xff, 0xff, 0x24,
    0x0, 0x0, 0x0, 0x10, 0xff, 0xff, 0xff, 0x24,
    0x0, 0x0, 0x0, 0x10, 0xff, 0xff, 0xff, 0x24,
    0x0, 0x0, 0x0, 0x10, 0xff, 0xff, 0xff, 0x24,
    0x0, 0x0, 0x0, 0x10, 0xff, 0xff, 0xff, 0x24,
    0x33, 0x90, 0x90, 0x97, 0xff, 0xff, 0xff, 0x24,
    0x5c, 0xff, 0xff, 0xff, 0xff, 0xff, 0xff, 0x24,
    0x5c, 0xff, 0xff, 0xff, 0xff, 0xff, 0xff, 0x24,

    /* U+005E "^" */
    0x0, 0x0, 0x0, 0x0, 0x0, 0x0, 0x66, 0x80,
    0x6e, 0x0, 0x0, 0x0, 0x0, 0x0, 0x0, 0x0,
    0x0, 0x0, 0x0, 0x0, 0x39, 0xff, 0xff, 0xff,
    0x50, 0x0, 0x0, 0x0, 0x0, 0x0, 0x0, 0x0,
    0x0, 0x0, 0x1, 0xc7, 0xff, 0xff, 0xff, 0xdf,
    0x9, 0x0, 0x0, 0x0, 0x0, 0x0, 0x0, 0x0,
    0x0, 0x5a, 0xff, 0xff, 0xff, 0xff, 0xff, 0x81,
    0x0, 0x0, 0x0, 0x0, 0x0, 0x0, 0x0, 0x8,
    0xe1, 0xff, 0xff, 0x7b, 0xfb, 0xff, 0xf7, 0x21,
    0x0, 0x0, 0x0, 0x0, 0x0, 0x0, 0x7a, 0xff,
    0xff, 0xc8, 0x0, 0x94, 0xff, 0xff, 0xb1, 0x0,
    0x0, 0x0, 0x0, 0x0, 0x17, 0xf2, 0xff, 0xff,
    0x41, 0x0, 0x13, 0xef, 0xff, 0xff, 0x4a, 0x0,
    0x0, 0x0, 0x0, 0x9b, 0xff, 0xff, 0xb8, 0x0,
    0x0, 0x0, 0x71, 0xff, 0xff, 0xdb, 0x7, 0x0,
    0x0, 0x2e, 0xfd, 0xff, 0xfe, 0x31, 0x0, 0x0,
    0x0, 0x5, 0xd9, 0xff, 0xff, 0x7b, 0x0, 0x0,
    0xbb, 0xff, 0xff, 0xa8, 0x0, 0x0, 0x0, 0x0,
    0x0, 0x4d, 0xff, 0xff, 0xf5, 0x1e,

    /* U+005F "_" */
    0xe, 0x74, 0x74, 0x74, 0x74, 0x74, 0x74, 0x74,
    0x74, 0x74, 0x74, 0x58, 0x20, 0xff, 0xff, 0xff,
    0xff, 0xff, 0xff, 0xff, 0xff, 0xff, 0xff, 0xc4,
    0x20, 0xff, 0xff, 0xff, 0xff, 0xff, 0xff, 0xff,
    0xff, 0xff, 0xff, 0xc4,

    /* U+0060 "`" */
    0x5b, 0x80, 0x80, 0x1c, 0x0, 0x0, 0x34, 0xfb,
    0xff, 0x99, 0x0, 0x0, 0x0, 0x7b, 0xff, 0xfa,
    0x20, 0x0, 0x0, 0x3, 0xc3, 0xff, 0x9d, 0x0,
    0x0, 0x0, 0x20, 0xf1, 0xfb, 0x23,

    /* U+0061 "a" */
    0x0, 0x26, 0x8f, 0xc8, 0xe6, 0xf9, 0xf5, 0xdd,
    0xa7, 0x3f, 0x0, 0x0, 0x0, 0x60, 0xff, 0xff,
    0xff, 0xff, 0xff, 0xff, 0xff, 0xff, 0x6b, 0x0,
    0x0, 0x60, 0xf6, 0xb1, 0x84, 0x6f, 0x8e, 0xec,
    0xff, 0xff, 0xf5, 0xf, 0x0, 0x13, 0xb, 0x0,
    0x0, 0x0, 0x0, 0x27, 0xfc, 0xff, 0xff, 0x47,
    0x0, 0x0, 0x0, 0x0, 0x0, 0x0, 0x0, 0x0,
    0xd9, 0xff, 0xff, 0x5d, 0x0, 0x0, 0x14, 0x71,
    0xb1, 0xd6, 0xef, 0xf9, 0xff, 0xff, 0xff, 0x60,
    0x0, 0x4d, 0xf3, 0xff, 0xff, 0xff, 0xfb, 0xed,
    0xfb, 0xff, 0xff, 0x60, 0x14, 0xf3, 0xff, 0xff,
    0x90, 0x24, 0x1, 0x0, 0xd0, 0xff, 0xff, 0x60,
    0x5b, 0xff, 0xff, 0xca, 0x0, 0x0, 0x0, 0x0,
    0xd0, 0xff, 0xff, 0x60, 0x6d, 0xff, 0xff, 0xbe,
    0x0, 0x0, 0x0, 0x6, 0xdb, 0xff, 0xff, 0x60,
    0x44, 0xff, 0xff, 0xff, 0x8a, 0x54, 0x75, 0xd7,
    0xff, 0xff, 0xff, 0x60, 0x1, 0xc3, 0xff, 0xff,
    0xff, 0xff, 0xff, 0xf2, 0xee, 0xff, 0xff, 0x60,
    0x0, 0xe, 0x95, 0xe9, 0xf9, 0xe2, 0x9f, 0x27,
    0xd4, 0xff, 0xff, 0x60,

    /* U+0062 "b" */
    0x9c, 0xff, 0xff, 0x98, 0x0, 0x0, 0x0, 0x0,
    0x0, 0x0, 0x0, 0x0, 0x9c, 0xff, 0xff, 0x98,
    0x0, 0x0, 0x0, 0x0, 0x0, 0x0, 0x0, 0x0,
    0x9c, 0xff, 0xff, 0x98, 0x0, 0x0, 0x0, 0x0,
    0x0, 0x0, 0x0, 0x0, 0x9c, 0xff, 0xff, 0x98,
    0x0, 0x0, 0x0, 0x0, 0x0, 0x0, 0x0, 0x0,
    0x9c, 0xff, 0xff, 0x98, 0x0, 0x0, 0x0, 0x0,
    0x0, 0x0, 0x0, 0x0, 0x9c, 0xff, 0xff, 0x98,
    0x0, 0x0, 0x0, 0x0, 0x0, 0x0, 0x0, 0x0,
    0x9c, 0xff, 0xff, 0x98, 0x35, 0xad, 0xeb, 0xf7,
    0xcc, 0x52, 0x0, 0x0, 0x9c, 0xff, 0xff, 0xe0,
    0xfc, 0xff, 0xff, 0xff, 0xff, 0xff, 0x5a, 0x0,
    0x9c, 0xff, 0xff, 0xff, 0xee, 0xa8, 0xaf, 0xfc,
    0xff, 0xff, 0xea, 0x8, 0x9c, 0xff, 0xff, 0xc9,
    0x16, 0x0, 0x0, 0x69, 0xff, 0xff, 0xff, 0x4e,
    0x9c, 0xff, 0xff, 0x94, 0x0, 0x0, 0x0, 0x9,
    0xf3, 0xff, 0xff, 0x81, 0x9c, 0xff, 0xff, 0x94,
    0x0, 0x0, 0x0, 0x0, 0xcf, 0xff, 0xff, 0x99,
    0x9c, 0xff, 0xff, 0x94, 0x0, 0x0, 0x0, 0x0,
    0xbc, 0xff, 0xff, 0x9d, 0x9c, 0xff, 0xff, 0x94,
    0x0, 0x0, 0x0, 0x0, 0xc6, 0xff, 0xff, 0x88,
    0x9c, 0xff, 0xff, 0x94, 0x0, 0x0, 0x0, 0x2,
    0xee, 0xff, 0xff, 0x5f, 0x9c, 0xff, 0xff, 0x94,
    0x0, 0x0, 0x0, 0x55, 0xff, 0xff, 0xfd, 0x17,
    0x9c, 0xff, 0xff, 0xd5, 0x5c, 0x42, 0x73, 0xf2,
    0xff, 0xff, 0x9a, 0x0, 0x9c, 0xff, 0xff, 0xff,
    0xff, 0xff, 0xff, 0xff, 0xff, 0xcf, 0x12, 0x0,
    0x9c, 0xff, 0xff, 0x95, 0x93, 0xdb, 0xf7, 0xdd,
    0x87, 0xf, 0x0, 0x0,

    /* U+0063 "c" */
    0x0, 0x0, 0x0, 0x30, 0xa1, 0xdf, 0xf8, 0xe3,
    0xbc, 0x64, 0xa, 0x0, 0x0, 0x60, 0xfa, 0xff,
    0xff, 0xff, 0xff, 0xff, 0xff, 0x44, 0x0, 0x30,
    0xfa, 0xff, 0xff, 0xe9, 0xa4, 0xa8, 0xe6, 0xff,
    0x44, 0x0, 0xad, 0xff, 0xff, 0xd5, 0x10, 0x0,
    0x0, 0x5, 0x78, 0x33, 0x8, 0xf6, 0xff, 0xff,
    0x5b, 0x0, 0x0, 0x0, 0x0, 0x0, 0x0, 0x23,
    0xff, 0xff, 0xff, 0x21, 0x0, 0x0, 0x0, 0x0,
    0x0, 0x0, 0x36, 0xff, 0xff, 0xff, 0x9, 0x0,
    0x0, 0x0, 0x0, 0x0, 0x0, 0x2c, 0xff, 0xff,
    0xff, 0x13, 0x0, 0x0, 0x0, 0x0, 0x0, 0x0,
    0xb, 0xfc, 0xff, 0xff, 0x45, 0x0, 0x0, 0x0,
    0x0, 0x0, 0x0, 0x0, 0xc2, 0xff, 0xff, 0xbf,
    0x8, 0x0, 0x0, 0x0, 0x5a, 0x2c, 0x0, 0x4a,
    0xff, 0xff, 0xff, 0xd2, 0x7f, 0x77, 0xc1, 0xff,
    0x44, 0x0, 0x0, 0x81, 0xff, 0xff, 0xff, 0xff,
    0xff, 0xff, 0xff, 0x42, 0x0, 0x0, 0x0, 0x45,
    0xb2, 0xea, 0xfb, 0xeb, 0xb5, 0x54, 0x1,

    /* U+0064 "d" */
    0x0, 0x0, 0x0, 0x0, 0x0, 0x0, 0x0, 0x0,
    0x30, 0xff, 0xff, 0xff, 0x8, 0x0, 0x0, 0x0,
    0x0, 0x0, 0x0, 0x0, 0x0, 0x30, 0xff, 0xff,
    0xff, 0x8, 0x0, 0x0, 0x0, 0x0, 0x0, 0x0,
    0x0, 0x0, 0x30, 0xff, 0xff, 0xff, 0x8, 0x0,
    0x0, 0x0, 0x0, 0x0, 0x0, 0x0, 0x0, 0x30,
    0xff, 0xff, 0xff, 0x8, 0x0, 0x0, 0x0, 0x0,
    0x0, 0x0, 0x0, 0x0, 0x30, 0xff, 0xff, 0xff,
    0x8, 0x0, 0x0, 0x0, 0x0, 0x0, 0x0, 0x0,
    0x0, 0x30, 0xff, 0xff, 0xff, 0x8, 0x0, 0x0,
    0x0, 0x4e, 0xc5, 0xf3, 0xe7, 0xb8, 0x76, 0xff,
    0xff, 0xff, 0x8, 0x0, 0x0, 0x76, 0xff, 0xff,
    0xff, 0xff, 0xff, 0xff, 0xff, 0xff, 0xff, 0x8,
    0x0, 0x34, 0xfd, 0xff, 0xff, 0xe3, 0x8d, 0x95,
    0xe1, 0xff, 0xff, 0xff, 0x8, 0x0, 0xae, 0xff,
    0xff, 0xe5, 0x13, 0x0, 0x0, 0x2c, 0xff, 0xff,
    0xff, 0x8, 0x6, 0xf4, 0xff, 0xff, 0x7b, 0x0,
    0x0, 0x0, 0x2c, 0xff, 0xff, 0xff, 0x8, 0x21,
    0xff, 0xff, 0xff, 0x41, 0x0, 0x0, 0x0, 0x2c,
    0xff, 0xff, 0xff, 0x8, 0x33, 0xff, 0xff, 0xff,
    0x2a, 0x0, 0x0, 0x0, 0x2c, 0xff, 0xff, 0xff,
    0x8, 0x2b, 0xff, 0xff, 0xff, 0x36, 0x0, 0x0,
    0x0, 0x2c, 0xff, 0xff, 0xff, 0x8, 0x11, 0xff,
    0xff, 0xff, 0x5b, 0x0, 0x0, 0x0, 0x2c, 0xff,
    0xff, 0xff, 0x8, 0x0, 0xdd, 0xff, 0xff, 0xbe,
    0x2, 0x0, 0x0, 0x58, 0xff, 0xff, 0xff, 0x8,
    0x0, 0x84, 0xff, 0xff, 0xff, 0xc3, 0x85, 0xae,
    0xfe, 0xff, 0xff, 0xff, 0x8, 0x0, 0x10, 0xdd,
    0xff, 0xff, 0xff, 0xff, 0xff, 0xd4, 0xff, 0xff,
    0xff, 0x8, 0x0, 0x0, 0x1b, 0xa4, 0xed, 0xf8,
    0xd4, 0x6f, 0x33, 0xff, 0xff, 0xff, 0x8,

    /* U+0065 "e" */
    0x0, 0x0, 0x0, 0x29, 0xa2, 0xe4, 0xf9, 0xe6,
    0xa3, 0x27, 0x0, 0x0, 0x0, 0x0, 0x52, 0xf9,
    0xff, 0xff, 0xff, 0xff, 0xff, 0xf3, 0x3c, 0x0,
    0x0, 0x28, 0xf6, 0xff, 0xfd, 0x99, 0x68, 0xa7,
    0xff, 0xff, 0xe2, 0x7, 0x0, 0xa4, 0xff, 0xff,
    0x74, 0x0, 0x0, 0x0, 0xa5, 0xff, 0xff, 0x57,
    0x3, 0xf2, 0xff, 0xfe, 0xe, 0x0, 0x0, 0x0,
    0x4f, 0xff, 0xff, 0x90, 0x24, 0xff, 0xff, 0xfc,
    0xcc, 0xcc, 0xcc, 0xcc, 0xd8, 0xff, 0xff, 0xa6,
    0x33, 0xff, 0xff, 0xff, 0xff, 0xff, 0xff, 0xff,
    0xff, 0xff, 0xff, 0xac, 0x29, 0xff, 0xff, 0xfa,
    0x5, 0x0, 0x0, 0x0, 0x0, 0x0, 0x0, 0x0,
    0x9, 0xfa, 0xff, 0xff, 0x31, 0x0, 0x0, 0x0,
    0x0, 0x0, 0x0, 0x0, 0x0, 0xba, 0xff, 0xff,
    0xb1, 0x3, 0x0, 0x0, 0x0, 0x0, 0x15, 0x1e,
    0x0, 0x3f, 0xfd, 0xff, 0xff, 0xcb, 0x79, 0x62,
    0x7d, 0xb7, 0xf8, 0x60, 0x0, 0x0, 0x6c, 0xfd,
    0xff, 0xff, 0xff, 0xff, 0xff, 0xff, 0xff, 0x60,
    0x0, 0x0, 0x0, 0x33, 0xa3, 0xe2, 0xf9, 0xee,
    0xd5, 0xa7, 0x57, 0xb,

    /* U+0066 "f" */
    0x0, 0x0, 0x0, 0x38, 0xb7, 0xf0, 0xf9, 0xe2,
    0x69, 0x0, 0x0, 0x3c, 0xf9, 0xff, 0xff, 0xff,
    0xff, 0x90, 0x0, 0x0, 0xc6, 0xff, 0xff, 0xdd,
    0x70, 0x7a, 0x61, 0x0, 0xe, 0xfe, 0xff, 0xff,
    0x39, 0x0, 0x0, 0x0, 0x0, 0x26, 0xff, 0xff,
    0xff, 0x7, 0x0, 0x0, 0x0, 0x0, 0x2c, 0xff,
    0xff, 0xff, 0x0, 0x0, 0x0, 0x0, 0x84, 0xff,
    0xff, 0xff, 0xff, 0xff, 0xff, 0xdc, 0x0, 0x84,
    0xff, 0xff, 0xff, 0xff, 0xff, 0xff, 0xdc, 0x0,
    0x48, 0x9f, 0xff, 0xff, 0xff, 0x91, 0x8c, 0x78,
    0x0, 0x0, 0x2c, 0xff, 0xff, 0xff, 0xc, 0x0,
    0x0, 0x0, 0x0, 0x2c, 0xff, 0xff, 0xff, 0xc,
    0x0, 0x0, 0x0, 0x0, 0x2c, 0xff, 0xff, 0xff,
    0xc, 0x0, 0x0, 0x0, 0x0, 0x2c, 0xff, 0xff,
    0xff, 0xc, 0x0, 0x0, 0x0, 0x0, 0x2c, 0xff,
    0xff, 0xff, 0xc, 0x0, 0x0, 0x0, 0x0, 0x2c,
    0xff, 0xff, 0xff, 0xc, 0x0, 0x0, 0x0, 0x0,
    0x2c, 0xff, 0xff, 0xff, 0xc, 0x0, 0x0, 0x0,
    0x0, 0x2c, 0xff, 0xff, 0xff, 0xc, 0x0, 0x0,
    0x0, 0x0, 0x2c, 0xff, 0xff, 0xff, 0xc, 0x0,
    0x0, 0x0, 0x0, 0x2c, 0xff, 0xff, 0xff, 0xc,
    0x0, 0x0, 0x0,

    /* U+0067 "g" */
    0x0, 0x0, 0x0, 0x4d, 0xc3, 0xf2, 0xe7, 0xb3,
    0x48, 0xff, 0xff, 0xff, 0x4, 0x0, 0x0, 0x79,
    0xff, 0xff, 0xff, 0xff, 0xff, 0xff, 0xff, 0xff,
    0xff, 0x4, 0x0, 0x37, 0xfe, 0xff, 0xff, 0xe4,
    0x91, 0x9b, 0xec, 0xff, 0xff, 0xff, 0x4, 0x0,
    0xb1, 0xff, 0xff, 0xe1, 0x12, 0x0, 0x0, 0x37,
    0xff, 0xff, 0xff, 0x4, 0x7, 0xf5, 0xff, 0xff,
    0x73, 0x0, 0x0, 0x0, 0x34, 0xff, 0xff, 0xff,
    0x4, 0x23, 0xff, 0xff, 0xff, 0x3b, 0x0, 0x0,
    0x0, 0x34, 0xff, 0xff, 0xff, 0x4, 0x36, 0xff,
    0xff, 0xff, 0x24, 0x0, 0x0, 0x0, 0x34, 0xff,
    0xff, 0xff, 0x4, 0x32, 0xff, 0xff, 0xff, 0x2c,
    0x0, 0x0, 0x0, 0x34, 0xff, 0xff, 0xff, 0x4,
    0x17, 0xff, 0xff, 0xff, 0x56, 0x0, 0x0, 0x0,
    0x34, 0xff, 0xff, 0xff, 0x4, 0x0, 0xe1, 0xff,
    0xff, 0xc4, 0x7, 0x0, 0x1, 0x8b, 0xff, 0xff,
    0xff, 0x4, 0x0, 0x86, 0xff, 0xff, 0xff, 0xd9,
    0xa5, 0xd6, 0xff, 0xff, 0xff, 0xff, 0x4, 0x0,
    0xf, 0xda, 0xff, 0xff, 0xff, 0xff, 0xff, 0xdc,
    0xff, 0xff, 0xfd, 0x1, 0x0, 0x0, 0x17, 0x9d,
    0xea, 0xf8, 0xd3, 0x73, 0x3c, 0xff, 0xff, 0xee,
    0x0, 0x0, 0x0, 0x0, 0x0, 0x0, 0x0, 0x0,
    0x0, 0x5f, 0xff, 0xff, 0xc1, 0x0, 0x0, 0x0,
    0x2f, 0x1, 0x0, 0x0, 0x0, 0x14, 0xd6, 0xff,
    0xff, 0x73, 0x0, 0x0, 0x0, 0xfc, 0xe4, 0xb3,
    0x9d, 0xac, 0xec, 0xff, 0xff, 0xe2, 0xe, 0x0,
    0x0, 0x0, 0xfc, 0xff, 0xff, 0xff, 0xff, 0xff,
    0xff, 0xe7, 0x31, 0x0, 0x0, 0x0, 0x0, 0x85,
    0xc5, 0xe4, 0xf9, 0xf2, 0xcd, 0x80, 0x12, 0x0,
    0x0, 0x0,

    /* U+0068 "h" */
    0x9c, 0xff, 0xff, 0x98, 0x0, 0x0, 0x0, 0x0,
    0x0, 0x0, 0x0, 0x0, 0x9c, 0xff, 0xff, 0x98,
    0x0, 0x0, 0x0, 0x0, 0x0, 0x0, 0x0, 0x0,
    0x9c, 0xff, 0xff, 0x98, 0x0, 0x0, 0x0, 0x0,
    0x0, 0x0, 0x0, 0x0, 0x9c, 0xff, 0xff, 0x98,
    0x0, 0x0, 0x0, 0x0, 0x0, 0x0, 0x0, 0x0,
    0x9c, 0xff, 0xff, 0x98, 0x0, 0x0, 0x0, 0x0,
    0x0, 0x0, 0x0, 0x0, 0x9c, 0xff, 0xff, 0x98,
    0x0, 0x0, 0x0, 0x0, 0x0, 0x0, 0x0, 0x0,
    0x9c, 0xff, 0xff, 0x98, 0x23, 0xa4, 0xea, 0xf8,
    0xcf, 0x55, 0x0, 0x0, 0x9c, 0xff, 0xff, 0xc3,
    0xf2, 0xff, 0xff, 0xff, 0xff, 0xff, 0x4e, 0x0,
    0x9c, 0xff, 0xff, 0xff, 0xfe, 0xd3, 0xde, 0xff,
    0xff, 0xff, 0xc4, 0x0, 0x9c, 0xff, 0xff, 0xdc,
    0x2a, 0x0, 0x0, 0x99, 0xff, 0xff, 0xf9, 0x3,
    0x9c, 0xff, 0xff, 0x9c, 0x0, 0x0, 0x0, 0x3b,
    0xff, 0xff, 0xff, 0x10, 0x9c, 0xff, 0xff, 0x9c,
    0x0, 0x0, 0x0, 0x26, 0xff, 0xff, 0xff, 0x14,
    0x9c, 0xff, 0xff, 0x9c, 0x0, 0x0, 0x0, 0x24,
    0xff, 0xff, 0xff, 0x14, 0x9c, 0xff, 0xff, 0x9c,
    0x0, 0x0, 0x0, 0x24, 0xff, 0xff, 0xff, 0x14,
    0x9c, 0xff, 0xff, 0x9c, 0x0, 0x0, 0x0, 0x24,
    0xff, 0xff, 0xff, 0x14, 0x9c, 0xff, 0xff, 0x9c,
    0x0, 0x0, 0x0, 0x24, 0xff, 0xff, 0xff, 0x14,
    0x9c, 0xff, 0xff, 0x9c, 0x0, 0x0, 0x0, 0x24,
    0xff, 0xff, 0xff, 0x14, 0x9c, 0xff, 0xff, 0x9c,
    0x0, 0x0, 0x0, 0x24, 0xff, 0xff, 0xff, 0x14,
    0x9c, 0xff, 0xff, 0x9c, 0x0, 0x0, 0x0, 0x24,
    0xff, 0xff, 0xff, 0x14,

    /* U+0069 "i" */
    0x6c, 0xff, 0xff, 0xff, 0x4, 0x6c, 0xff, 0xff,
    0xff, 0x4, 0x6c, 0xff, 0xff, 0xff, 0x4, 0x1c,
    0x44, 0x44, 0x44, 0x1, 0x0, 0x0, 0x0, 0x0,
    0x0, 0x48, 0xff, 0xff, 0xe4, 0x0, 0x48, 0xff,
    0xff, 0xe4, 0x0, 0x48, 0xff, 0xff, 0xe4, 0x0,
    0x48, 0xff, 0xff, 0xe4, 0x0, 0x48, 0xff, 0xff,
    0xe4, 0x0, 0x48, 0xff, 0xff, 0xe4, 0x0, 0x48,
    0xff, 0xff, 0xe4, 0x0, 0x48, 0xff, 0xff, 0xe4,
    0x0, 0x48, 0xff, 0xff, 0xe4, 0x0, 0x48, 0xff,
    0xff, 0xe4, 0x0, 0x48, 0xff, 0xff, 0xe4, 0x0,
    0x48, 0xff, 0xff, 0xe4, 0x0, 0x48, 0xff, 0xff,
    0xe4, 0x0,

    /* U+006A "j" */
    0x0, 0x0, 0x0, 0x58, 0xff, 0xff, 0xff, 0x14,
    0x0, 0x0, 0x0, 0x58, 0xff, 0xff, 0xff, 0x14,
    0x0, 0x0, 0x0, 0x58, 0xff, 0xff, 0xff, 0x14,
    0x0, 0x0, 0x0, 0x17, 0x44, 0x44, 0x44, 0x5,
    0x0, 0x0, 0x0, 0x0, 0x0, 0x0, 0x0, 0x0,
    0x0, 0xa4, 0xff, 0xff, 0xff, 0xff, 0xec, 0x0,
    0x0, 0xa4, 0xff, 0xff, 0xff, 0xff, 0xec, 0x0,
    0x0, 0x59, 0x8c, 0xa7, 0xff, 0xff, 0xec, 0x0,
    0x0, 0x0, 0x0, 0x3c, 0xff, 0xff, 0xec, 0x0,
    0x0, 0x0, 0x0, 0x3c, 0xff, 0xff, 0xec, 0x0,
    0x0, 0x0, 0x0, 0x3c, 0xff, 0xff, 0xec, 0x0,
    0x0, 0x0, 0x0, 0x3c, 0xff, 0xff, 0xec, 0x0,
    0x0, 0x0, 0x0, 0x3c, 0xff, 0xff, 0xec, 0x0,
    0x0, 0x0, 0x0, 0x3c, 0xff, 0xff, 0xec, 0x0,
    0x0, 0x0, 0x0, 0x3c, 0xff, 0xff, 0xec, 0x0,
    0x0, 0x0, 0x0, 0x3c, 0xff, 0xff, 0xec, 0x0,
    0x0, 0x0, 0x0, 0x3c, 0xff, 0xff, 0xec, 0x0,
    0x0, 0x0, 0x0, 0x43, 0xff, 0xff, 0xec, 0x0,
    0x0, 0x0, 0x0, 0x5c, 0xff, 0xff, 0xe7, 0x0,
    0x0, 0x0, 0x4, 0xb6, 0xff, 0xff, 0xcf, 0x0,
    0xb9, 0xd8, 0xec, 0xff, 0xff, 0xff, 0x8c, 0x0,
    0xdc, 0xff, 0xff, 0xff, 0xff, 0xe8, 0x18, 0x0,
    0xb0, 0xee, 0xfb, 0xec, 0xa7, 0x21, 0x0, 0x0,

    /* U+006B "k" */
    0x9c, 0xff, 0xff, 0x98, 0x0, 0x0, 0x0, 0x0,
    0x0, 0x0, 0x0, 0x0, 0x9c, 0xff, 0xff, 0x98,
    0x0, 0x0, 0x0, 0x0, 0x0, 0x0, 0x0, 0x0,
    0x9c, 0xff, 0xff, 0x98, 0x0, 0x0, 0x0, 0x0,
    0x0, 0x0, 0x0, 0x0, 0x9c, 0xff, 0xff, 0x98,
    0x0, 0x0, 0x0, 0x0, 0x0, 0x0, 0x0, 0x0,
    0x9c, 0xff, 0xff, 0x98, 0x0, 0x0, 0x0, 0x0,
    0x0, 0x0, 0x0, 0x0, 0x9c, 0xff, 0xff, 0x98,
    0x0, 0x0, 0x0, 0x0, 0x0, 0x0, 0x0, 0x0,
    0x9c, 0xff, 0xff, 0x98, 0x0, 0x0, 0x19, 0xeb,
    0xff, 0xff, 0x6c, 0x0, 0x9c, 0xff, 0xff, 0x98,
    0x0, 0x1, 0xbc, 0xff, 0xff, 0xae, 0x0, 0x0,
    0x9c, 0xff, 0xff, 0x98, 0x0, 0x77, 0xff, 0xff,
    0xdf, 0x10, 0x0, 0x0, 0x9c, 0xff, 0xff, 0x98,
    0x35, 0xfa, 0xff, 0xfa, 0x37, 0x0, 0x0, 0x0,
    0x9c, 0xff, 0xff, 0xa4, 0xdb, 0xff, 0xff, 0x74,
    0x0, 0x0, 0x0, 0x0, 0x9c, 0xff, 0xff, 0xfc,
    0xff, 0xff, 0xf5, 0xe, 0x0, 0x0, 0x0, 0x0,
    0x9c, 0xff, 0xff, 0xff, 0xff, 0xff, 0xff, 0x98,
    0x0, 0x0, 0x0, 0x0, 0x9c, 0xff, 0xff, 0xff,
    0xb9, 0xff, 0xff, 0xfe, 0x42, 0x0, 0x0, 0x0,
    0x9c, 0xff, 0xff, 0xb1, 0x1, 0xc3, 0xff, 0xff,
    0xdf, 0xc, 0x0, 0x0, 0x9c, 0xff, 0xff, 0x98,
    0x0, 0x28, 0xf8, 0xff, 0xff, 0x95, 0x0, 0x0,
    0x9c, 0xff, 0xff, 0x98, 0x0, 0x0, 0x7c, 0xff,
    0xff, 0xfe, 0x40, 0x0, 0x9c, 0xff, 0xff, 0x98,
    0x0, 0x0, 0x5, 0xd2, 0xff, 0xff, 0xdd, 0xb,
    0x9c, 0xff, 0xff, 0x98, 0x0, 0x0, 0x0, 0x35,
    0xfc, 0xff, 0xff, 0x93,

    /* U+006C "l" */
    0x9c, 0xff, 0xff, 0xa0, 0x9c, 0xff, 0xff, 0xa0,
    0x9c, 0xff, 0xff, 0xa0, 0x9c, 0xff, 0xff, 0xa0,
    0x9c, 0xff, 0xff, 0xa0, 0x9c, 0xff, 0xff, 0xa0,
    0x9c, 0xff, 0xff, 0xa0, 0x9c, 0xff, 0xff, 0xa0,
    0x9c, 0xff, 0xff, 0xa0, 0x9c, 0xff, 0xff, 0xa0,
    0x9c, 0xff, 0xff, 0xa0, 0x9c, 0xff, 0xff, 0xa0,
    0x9c, 0xff, 0xff, 0xa0, 0x9c, 0xff, 0xff, 0xa0,
    0x9c, 0xff, 0xff, 0xa0, 0x9c, 0xff, 0xff, 0xa0,
    0x9c, 0xff, 0xff, 0xa0, 0x9c, 0xff, 0xff, 0xa0,
    0x9c, 0xff, 0xff, 0xa0,

    /* U+006D "m" */
    0x9c, 0xff, 0xff, 0x98, 0x2b, 0xa7, 0xe9, 0xf7,
    0xd2, 0x61, 0x0, 0x7, 0x7b, 0xd7, 0xf8, 0xe8,
    0x97, 0xe, 0x0, 0x9c, 0xff, 0xff, 0xce, 0xf7,
    0xff, 0xff, 0xff, 0xff, 0xff, 0x68, 0xc7, 0xff,
    0xff, 0xff, 0xff, 0xff, 0xbd, 0x0, 0x9c, 0xff,
    0xff, 0xff, 0xfd, 0xd0, 0xde, 0xff, 0xff, 0xff,
    0xff, 0xff, 0xe9, 0xcf, 0xf8, 0xff, 0xff, 0xff,
    0x3a, 0x9c, 0xff, 0xff, 0xde, 0x2c, 0x0, 0x0,
    0x98, 0xff, 0xff, 0xff, 0x76, 0x3, 0x0, 0x30,
    0xfd, 0xff, 0xff, 0x74, 0x9c, 0xff, 0xff, 0x9c,
    0x0, 0x0, 0x0, 0x3c, 0xff, 0xff, 0xff, 0x10,
    0x0, 0x0, 0x0, 0xc8, 0xff, 0xff, 0x88, 0x9c,
    0xff, 0xff, 0x9c, 0x0, 0x0, 0x0, 0x27, 0xff,
    0xff, 0xff, 0x14, 0x0, 0x0, 0x0, 0xaf, 0xff,
    0xff, 0x8c, 0x9c, 0xff, 0xff, 0x9c, 0x0, 0x0,
    0x0, 0x24, 0xff, 0xff, 0xff, 0x14, 0x0, 0x0,
    0x0, 0xac, 0xff, 0xff, 0x8c, 0x9c, 0xff, 0xff,
    0x9c, 0x0, 0x0, 0x0, 0x24, 0xff, 0xff, 0xff,
    0x14, 0x0, 0x0, 0x0, 0xac, 0xff, 0xff, 0x8c,
    0x9c, 0xff, 0xff, 0x9c, 0x0, 0x0, 0x0, 0x24,
    0xff, 0xff, 0xff, 0x14, 0x0, 0x0, 0x0, 0xac,
    0xff, 0xff, 0x8c, 0x9c, 0xff, 0xff, 0x9c, 0x0,
    0x0, 0x0, 0x24, 0xff, 0xff, 0xff, 0x14, 0x0,
    0x0, 0x0, 0xac, 0xff, 0xff, 0x8c, 0x9c, 0xff,
    0xff, 0x9c, 0x0, 0x0, 0x0, 0x24, 0xff, 0xff,
    0xff, 0x14, 0x0, 0x0, 0x0, 0xac, 0xff, 0xff,
    0x8c, 0x9c, 0xff, 0xff, 0x9c, 0x0, 0x0, 0x0,
    0x24, 0xff, 0xff, 0xff, 0x14, 0x0, 0x0, 0x0,
    0xac, 0xff, 0xff, 0x8c, 0x9c, 0xff, 0xff, 0x9c,
    0x0, 0x0, 0x0, 0x24, 0xff, 0xff, 0xff, 0x14,
    0x0, 0x0, 0x0, 0xac, 0xff, 0xff, 0x8c,

    /* U+006E "n" */
    0x9c, 0xff, 0xff, 0x98, 0x2e, 0xad, 0xed, 0xf8,
    0xcf, 0x55, 0x0, 0x0, 0x9c, 0xff, 0xff, 0xce,
    0xf7, 0xff, 0xff, 0xff, 0xff, 0xff, 0x4e, 0x0,
    0x9c, 0xff, 0xff, 0xff, 0xfe, 0xd3, 0xde, 0xff,
    0xff, 0xff, 0xc4, 0x0, 0x9c, 0xff, 0xff, 0xdc,
    0x2a, 0x0, 0x0, 0x99, 0xff, 0xff, 0xf9, 0x3,
    0x9c, 0xff, 0xff, 0x9c, 0x0, 0x0, 0x0, 0x3b,
    0xff, 0xff, 0xff, 0x10, 0x9c, 0xff, 0xff, 0x9c,
    0x0, 0x0, 0x0, 0x26, 0xff, 0xff, 0xff, 0x14,
    0x9c, 0xff, 0xff, 0x9c, 0x0, 0x0, 0x0, 0x24,
    0xff, 0xff, 0xff, 0x14, 0x9c, 0xff, 0xff, 0x9c,
    0x0, 0x0, 0x0, 0x24, 0xff, 0xff, 0xff, 0x14,
    0x9c, 0xff, 0xff, 0x9c, 0x0, 0x0, 0x0, 0x24,
    0xff, 0xff, 0xff, 0x14, 0x9c, 0xff, 0xff, 0x9c,
    0x0, 0x0, 0x0, 0x24, 0xff, 0xff, 0xff, 0x14,
    0x9c, 0xff, 0xff, 0x9c, 0x0, 0x0, 0x0, 0x24,
    0xff, 0xff, 0xff, 0x14, 0x9c, 0xff, 0xff, 0x9c,
    0x0, 0x0, 0x0, 0x24, 0xff, 0xff, 0xff, 0x14,
    0x9c, 0xff, 0xff, 0x9c, 0x0, 0x0, 0x0, 0x24,
    0xff, 0xff, 0xff, 0x14,

    /* U+006F "o" */
    0x0, 0x0, 0x0, 0x36, 0xab, 0xe8, 0xf9, 0xe6,
    0xa9, 0x35, 0x0, 0x0, 0x0, 0x0, 0x0, 0x69,
    0xfd, 0xff, 0xff, 0xff, 0xff, 0xff, 0xfd, 0x64,
    0x0, 0x0, 0x0, 0x3b, 0xfd, 0xff, 0xff, 0xac,
    0x78, 0xc0, 0xff, 0xff, 0xfa, 0x2f, 0x0, 0x0,
    0xba, 0xff, 0xff, 0xa4, 0x0, 0x0, 0x2, 0xc8,
    0xff, 0xff, 0xa4, 0x0, 0xc, 0xfc, 0xff, 0xff,
    0x3e, 0x0, 0x0, 0x0, 0x61, 0xff, 0xff, 0xeb,
    0x0, 0x32, 0xff, 0xff, 0xff, 0x13, 0x0, 0x0,
    0x0, 0x34, 0xff, 0xff, 0xff, 0x12, 0x40, 0xff,
    0xff, 0xff, 0x2, 0x0, 0x0, 0x0, 0x22, 0xff,
    0xff, 0xff, 0x1f, 0x33, 0xff, 0xff, 0xff, 0x11,
    0x0, 0x0, 0x0, 0x32, 0xff, 0xff, 0xff, 0x12,
    0xf, 0xfd, 0xff, 0xff, 0x39, 0x0, 0x0, 0x0,
    0x5b, 0xff, 0xff, 0xeb, 0x0, 0x0, 0xc3, 0xff,
    0xff, 0x9b, 0x0, 0x0, 0x0, 0xbd, 0xff, 0xff,
    0xa3, 0x0, 0x0, 0x49, 0xff, 0xff, 0xfe, 0x99,
    0x63, 0xac, 0xff, 0xff, 0xfa, 0x2e, 0x0, 0x0,
    0x0, 0x7e, 0xff, 0xff, 0xff, 0xff, 0xff, 0xff,
    0xfc, 0x61, 0x0, 0x0, 0x0, 0x0, 0x0, 0x43,
    0xb2, 0xeb, 0xfa, 0xe7, 0xa9, 0x35, 0x0, 0x0,
    0x0,

    /* U+0070 "p" */
    0x9c, 0xff, 0xff, 0x9c, 0x3d, 0xb7, 0xf2, 0xf3,
    0xc2, 0x47, 0x0, 0x0, 0x9c, 0xff, 0xff, 0xe9,
    0xfe, 0xff, 0xff, 0xff, 0xff, 0xfd, 0x52, 0x0,
    0x9c, 0xff, 0xff, 0xff, 0xf5, 0xaf, 0xb1, 0xfb,
    0xff, 0xff, 0xe7, 0x6, 0x9c, 0xff, 0xff, 0xce,
    0x1e, 0x0, 0x0, 0x5c, 0xff, 0xff, 0xff, 0x4b,
    0x9c, 0xff, 0xff, 0x98, 0x0, 0x0, 0x0, 0x5,
    0xef, 0xff, 0xff, 0x80, 0x9c, 0xff, 0xff, 0x98,
    0x0, 0x0, 0x0, 0x0, 0xca, 0xff, 0xff, 0x99,
    0x9c, 0xff, 0xff, 0x98, 0x0, 0x0, 0x0, 0x0,
    0xb9, 0xff, 0xff, 0x9d, 0x9c, 0xff, 0xff, 0x98,
    0x0, 0x0, 0x0, 0x0, 0xcc, 0xff, 0xff, 0x88,
    0x9c, 0xff, 0xff, 0x98, 0x0, 0x0, 0x0, 0x6,
    0xef, 0xff, 0xff, 0x5f, 0x9c, 0xff, 0xff, 0x98,
    0x0, 0x0, 0x0, 0x60, 0xff, 0xff, 0xfc, 0x16,
    0x9c, 0xff, 0xff, 0xdb, 0x68, 0x47, 0x76, 0xf4,
    0xff, 0xff, 0x97, 0x0, 0x9c, 0xff, 0xff, 0xff,
    0xff, 0xff, 0xff, 0xff, 0xff, 0xcb, 0x10, 0x0,
    0x9c, 0xff, 0xff, 0xba, 0x99, 0xdf, 0xf7, 0xdb,
    0x83, 0xd, 0x0, 0x0, 0x9c, 0xff, 0xff, 0xa0,
    0x0, 0x0, 0x0, 0x0, 0x0, 0x0, 0x0, 0x0,
    0x9c, 0xff, 0xff, 0xa0, 0x0, 0x0, 0x0, 0x0,
    0x0, 0x0, 0x0, 0x0, 0x9c, 0xff, 0xff, 0xa0,
    0x0, 0x0, 0x0, 0x0, 0x0, 0x0, 0x0, 0x0,
    0x9c, 0xff, 0xff, 0xa0, 0x0, 0x0, 0x0, 0x0,
    0x0, 0x0, 0x0, 0x0, 0x9c, 0xff, 0xff, 0xa0,
    0x0, 0x0, 0x0, 0x0, 0x0, 0x0, 0x0, 0x0,

    /* U+0071 "q" */
    0x0, 0x0, 0x0, 0x4e, 0xc4, 0xf2, 0xea, 0xb9,
    0x5f, 0xff, 0xff, 0xff, 0x8, 0x0, 0x0, 0x77,
    0xff, 0xff, 0xff, 0xff, 0xff, 0xff, 0xff, 0xff,
    0xff, 0x8, 0x0, 0x33, 0xfe, 0xff, 0xff, 0xdf,
    0x8c, 0x96, 0xe2, 0xff, 0xff, 0xff, 0x8, 0x0,
    0xac, 0xff, 0xff, 0xe1, 0x10, 0x0, 0x0, 0x34,
    0xff, 0xff, 0xff, 0x8, 0x5, 0xf2, 0xff, 0xff,
    0x77, 0x0, 0x0, 0x0, 0x34, 0xff, 0xff, 0xff,
    0x8, 0x20, 0xff, 0xff, 0xff, 0x3f, 0x0, 0x0,
    0x0, 0x34, 0xff, 0xff, 0xff, 0x8, 0x33, 0xff,
    0xff, 0xff, 0x29, 0x0, 0x0, 0x0, 0x34, 0xff,
    0xff, 0xff, 0x8, 0x2d, 0xff, 0xff, 0xff, 0x37,
    0x0, 0x0, 0x0, 0x34, 0xff, 0xff, 0xff, 0x8,
    0x12, 0xff, 0xff, 0xff, 0x5e, 0x0, 0x0, 0x0,
    0x34, 0xff, 0xff, 0xff, 0x8, 0x0, 0xdc, 0xff,
    0xff, 0xbd, 0x1, 0x0, 0x0, 0x70, 0xff, 0xff,
    0xff, 0x8, 0x0, 0x7f, 0xff, 0xff, 0xff, 0xc2,
    0x8e, 0xc1, 0xff, 0xff, 0xff, 0xff, 0x8, 0x0,
    0xd, 0xd6, 0xff, 0xff, 0xff, 0xff, 0xff, 0xcc,
    0xff, 0xff, 0xff, 0x8, 0x0, 0x0, 0x15, 0x9c,
    0xea, 0xf8, 0xd2, 0x68, 0x35, 0xff, 0xff, 0xff,
    0x8, 0x0, 0x0, 0x0, 0x0, 0x0, 0x0, 0x0,
    0x0, 0x34, 0xff, 0xff, 0xff, 0x8, 0x0, 0x0,
    0x0, 0x0, 0x0, 0x0, 0x0, 0x0, 0x34, 0xff,
    0xff, 0xff, 0x8, 0x0, 0x0, 0x0, 0x0, 0x0,
    0x0, 0x0, 0x0, 0x34, 0xff, 0xff, 0xff, 0x8,
    0x0, 0x0, 0x0, 0x0, 0x0, 0x0, 0x0, 0x0,
    0x34, 0xff, 0xff, 0xff, 0x8, 0x0, 0x0, 0x0,
    0x0, 0x0, 0x0, 0x0, 0x0, 0x34, 0xff, 0xff,
    0xff, 0x8,

    /* U+0072 "r" */
    0x9c, 0xff, 0xff, 0xa0, 0xe, 0x89, 0xe4, 0xfc,
    0x74, 0x9c, 0xff, 0xff, 0xc2, 0xdd, 0xff, 0xff,
    0xff, 0x78, 0x9c, 0xff, 0xff, 0xff, 0xff, 0xff,
    0xf2, 0xfe, 0x78, 0x9c, 0xff, 0xff, 0xff, 0x93,
    0x17, 0x0, 0xe, 0x1b, 0x9c, 0xff, 0xff, 0xaf,
    0x0, 0x0, 0x0, 0x0, 0x0, 0x9c, 0xff, 0xff,
    0xa0, 0x0, 0x0, 0x0, 0x0, 0x0, 0x9c, 0xff,
    0xff, 0xa0, 0x0, 0x0, 0x0, 0x0, 0x0, 0x9c,
    0xff, 0xff, 0xa0, 0x0, 0x0, 0x0, 0x0, 0x0,
    0x9c, 0xff, 0xff, 0xa0, 0x0, 0x0, 0x0, 0x0,
    0x0, 0x9c, 0xff, 0xff, 0xa0, 0x0, 0x0, 0x0,
    0x0, 0x0, 0x9c, 0xff, 0xff, 0xa0, 0x0, 0x0,
    0x0, 0x0, 0x0, 0x9c, 0xff, 0xff, 0xa0, 0x0,
    0x0, 0x0, 0x0, 0x0, 0x9c, 0xff, 0xff, 0xa0,
    0x0, 0x0, 0x0, 0x0, 0x0,

    /* U+0073 "s" */
    0x0, 0x0, 0x2b, 0xa3, 0xe4, 0xfa, 0xe7, 0xcb,
    0x96, 0x39, 0x0, 0x0, 0x48, 0xf8, 0xff, 0xff,
    0xff, 0xff, 0xff, 0xff, 0xd4, 0x0, 0x3, 0xe4,
    0xff, 0xff, 0x98, 0x4d, 0x54, 0x8b, 0xe8, 0xd4,
    0x0, 0x26, 0xff, 0xff, 0xd8, 0x0, 0x0, 0x0,
    0x0, 0x8, 0x64, 0x0, 0x1c, 0xff, 0xff, 0xf8,
    0x52, 0x3, 0x0, 0x0, 0x0, 0x0, 0x0, 0x0,
    0xc7, 0xff, 0xff, 0xff, 0xec, 0xa5, 0x55, 0x7,
    0x0, 0x0, 0x0, 0x1d, 0xc9, 0xff, 0xff, 0xff,
    0xff, 0xff, 0xe3, 0x3d, 0x0, 0x0, 0x0, 0x0,
    0x3f, 0x8d, 0xd6, 0xff, 0xff, 0xff, 0xe9, 0xe,
    0x0, 0x0, 0x0, 0x0, 0x0, 0x0, 0x28, 0xcf,
    0xff, 0xff, 0x41, 0x26, 0x75, 0x5, 0x0, 0x0,
    0x0, 0x0, 0x8e, 0xff, 0xff, 0x4b, 0x30, 0xff,
    0xe7, 0x98, 0x65, 0x55, 0x7a, 0xf3, 0xff, 0xf7,
    0x13, 0x2f, 0xff, 0xff, 0xff, 0xff, 0xff, 0xff,
    0xff, 0xff, 0x69, 0x0, 0x0, 0x49, 0xa0, 0xd6,
    0xf3, 0xfc, 0xeb, 0xb3, 0x41, 0x0, 0x0,

    /* U+0074 "t" */
    0x0, 0x64, 0xff, 0xff, 0xd0, 0x0, 0x0, 0x0,
    0x0, 0x64, 0xff, 0xff, 0xd0, 0x0, 0x0, 0x0,
    0x0, 0x64, 0xff, 0xff, 0xd0, 0x0, 0x0, 0x0,
    0x0, 0x64, 0xff, 0xff, 0xd0, 0x0, 0x0, 0x0,
    0xb4, 0xff, 0xff, 0xff, 0xff, 0xff, 0xff, 0xe8,
    0xb4, 0xff, 0xff, 0xff, 0xff, 0xff, 0xff, 0xe8,
    0x62, 0xb9, 0xff, 0xff, 0xed, 0x8c, 0x8c, 0x7e,
    0x0, 0x64, 0xff, 0xff, 0xd8, 0x0, 0x0, 0x0,
    0x0, 0x64, 0xff, 0xff, 0xd8, 0x0, 0x0, 0x0,
    0x0, 0x64, 0xff, 0xff, 0xd8, 0x0, 0x0, 0x0,
    0x0, 0x64, 0xff, 0xff, 0xd8, 0x0, 0x0, 0x0,
    0x0, 0x64, 0xff, 0xff, 0xd8, 0x0, 0x0, 0x0,
    0x0, 0x63, 0xff, 0xff, 0xe4, 0x0, 0x0, 0x0,
    0x0, 0x55, 0xff, 0xff, 0xfd, 0x19, 0x0, 0x0,
    0x0, 0x23, 0xff, 0xff, 0xff, 0xda, 0x9c, 0xc7,
    0x0, 0x0, 0xad, 0xff, 0xff, 0xff, 0xff, 0xff,
    0x0, 0x0, 0x9, 0x87, 0xdd, 0xfa, 0xf2, 0xc6,

    /* U+0075 "u" */
    0xac, 0xff, 0xff, 0x8c, 0x0, 0x0, 0x0, 0x30,
    0xff, 0xff, 0xff, 0x8, 0xac, 0xff, 0xff, 0x8c,
    0x0, 0x0, 0x0, 0x30, 0xff, 0xff, 0xff, 0x8,
    0xac, 0xff, 0xff, 0x8c, 0x0, 0x0, 0x0, 0x30,
    0xff, 0xff, 0xff, 0x8, 0xac, 0xff, 0xff, 0x8c,
    0x0, 0x0, 0x0, 0x30, 0xff, 0xff, 0xff, 0x8,
    0xac, 0xff, 0xff, 0x8c, 0x0, 0x0, 0x0, 0x30,
    0xff, 0xff, 0xff, 0x8, 0xac, 0xff, 0xff, 0x8c,
    0x0, 0x0, 0x0, 0x30, 0xff, 0xff, 0xff, 0x8,
    0xac, 0xff, 0xff, 0x8c, 0x0, 0x0, 0x0, 0x30,
    0xff, 0xff, 0xff, 0x8, 0xac, 0xff, 0xff, 0x8c,
    0x0, 0x0, 0x0, 0x30, 0xff, 0xff, 0xff, 0x8,
    0xaa, 0xff, 0xff, 0x97, 0x0, 0x0, 0x0, 0x30,
    0xff, 0xff, 0xff, 0x8, 0x99, 0xff, 0xff, 0xc7,
    0x0, 0x0, 0x0, 0x5a, 0xff, 0xff, 0xff, 0x8,
    0x62, 0xff, 0xff, 0xff, 0xa6, 0x73, 0xa3, 0xfc,
    0xff, 0xff, 0xff, 0x8, 0xc, 0xdf, 0xff, 0xff,
    0xff, 0xff, 0xff, 0xdb, 0xff, 0xff, 0xff, 0x8,
    0x0, 0x20, 0xad, 0xf1, 0xf7, 0xd0, 0x73, 0x2f,
    0xff, 0xff, 0xff, 0x8,

    /* U+0076 "v" */
    0xc0, 0xff, 0xff, 0x7c, 0x0, 0x0, 0x0, 0x0,
    0x2c, 0xff, 0xff, 0xf0, 0x7, 0x67, 0xff, 0xff,
    0xcf, 0x0, 0x0, 0x0, 0x0, 0x7b, 0xff, 0xff,
    0xa0, 0x0, 0x13, 0xfa, 0xff, 0xff, 0x23, 0x0,
    0x0, 0x0, 0xcb, 0xff, 0xff, 0x49, 0x0, 0x0,
    0xb5, 0xff, 0xff, 0x75, 0x0, 0x0, 0x1b, 0xfe,
    0xff, 0xec, 0x4, 0x0, 0x0, 0x5c, 0xff, 0xff,
    0xc8, 0x0, 0x0, 0x69, 0xff, 0xff, 0x9a, 0x0,
    0x0, 0x0, 0xc, 0xf6, 0xff, 0xfe, 0x1c, 0x0,
    0xb9, 0xff, 0xff, 0x43, 0x0, 0x0, 0x0, 0x0,
    0xaa, 0xff, 0xff, 0x6e, 0xe, 0xf9, 0xff, 0xe8,
    0x3, 0x0, 0x0, 0x0, 0x0, 0x51, 0xff, 0xff,
    0xc1, 0x57, 0xff, 0xff, 0x94, 0x0, 0x0, 0x0,
    0x0, 0x0, 0x7, 0xf0, 0xff, 0xfd, 0xbd, 0xff,
    0xff, 0x3c, 0x0, 0x0, 0x0, 0x0, 0x0, 0x0,
    0x9f, 0xff, 0xff, 0xff, 0xff, 0xe4, 0x1, 0x0,
    0x0, 0x0, 0x0, 0x0, 0x0, 0x46, 0xff, 0xff,
    0xff, 0xff, 0x8e, 0x0, 0x0, 0x0, 0x0, 0x0,
    0x0, 0x0, 0x3, 0xe9, 0xff, 0xff, 0xff, 0x36,
    0x0, 0x0, 0x0, 0x0, 0x0, 0x0, 0x0, 0x0,
    0x94, 0xff, 0xff, 0xdf, 0x0, 0x0, 0x0, 0x0,
    0x0,

    /* U+0077 "w" */
    0xa7, 0xff, 0xff, 0x49, 0x0, 0x0, 0x0, 0x59,
    0xff, 0xff, 0xa1, 0x0, 0x0, 0x0, 0x1, 0xef,
    0xff, 0xd2, 0x63, 0xff, 0xff, 0x86, 0x0, 0x0,
    0x0, 0xa1, 0xff, 0xff, 0xea, 0x2, 0x0, 0x0,
    0x2c, 0xff, 0xff, 0x8f, 0x1f, 0xff, 0xff, 0xc3,
    0x0, 0x0, 0x1, 0xe7, 0xff, 0xff, 0xff, 0x39,
    0x0, 0x0, 0x67, 0xff, 0xff, 0x4c, 0x0, 0xdc,
    0xff, 0xf8, 0x7, 0x0, 0x31, 0xff, 0xff, 0xff,
    0xff, 0x85, 0x0, 0x0, 0xa2, 0xff, 0xfb, 0xe,
    0x0, 0x99, 0xff, 0xff, 0x3c, 0x0, 0x7a, 0xff,
    0xfc, 0xe1, 0xff, 0xd1, 0x0, 0x0, 0xdd, 0xff,
    0xc7, 0x0, 0x0, 0x56, 0xff, 0xff, 0x79, 0x0,
    0xc2, 0xff, 0xc2, 0x8d, 0xff, 0xff, 0x1d, 0x18,
    0xff, 0xff, 0x84, 0x0, 0x0, 0x14, 0xfe, 0xff,
    0xb5, 0xe, 0xfb, 0xff, 0x76, 0x42, 0xff, 0xff,
    0x69, 0x53, 0xff, 0xff, 0x41, 0x0, 0x0, 0x0,
    0xcf, 0xff, 0xf0, 0x55, 0xff, 0xff, 0x2a, 0x5,
    0xf1, 0xff, 0xb5, 0x8d, 0xff, 0xf7, 0x7, 0x0,
    0x0, 0x0, 0x8b, 0xff, 0xff, 0xc9, 0xff, 0xde,
    0x0, 0x0, 0xac, 0xff, 0xf6, 0xd1, 0xff, 0xbc,
    0x0, 0x0, 0x0, 0x0, 0x48, 0xff, 0xff, 0xff,
    0xff, 0x92, 0x0, 0x0, 0x62, 0xff, 0xff, 0xff,
    0xff, 0x79, 0x0, 0x0, 0x0, 0x0, 0xb, 0xf9,
    0xff, 0xff, 0xff, 0x46, 0x0, 0x0, 0x18, 0xfe,
    0xff, 0xff, 0xff, 0x36, 0x0, 0x0, 0x0, 0x0,
    0x0, 0xc1, 0xff, 0xff, 0xf3, 0x6, 0x0, 0x0,
    0x0, 0xcc, 0xff, 0xff, 0xf0, 0x3, 0x0, 0x0,
    0x0, 0x0, 0x0, 0x7e, 0xff, 0xff, 0xae, 0x0,
    0x0, 0x0, 0x0, 0x81, 0xff, 0xff, 0xb1, 0x0,
    0x0, 0x0,

    /* U+0078 "x" */
    0x57, 0xff, 0xff, 0xee, 0x15, 0x0, 0x0, 0x7,
    0xda, 0xff, 0xff, 0x67, 0x0, 0xb2, 0xff, 0xff,
    0x9f, 0x0, 0x0, 0x7e, 0xff, 0xff, 0xbf, 0x1,
    0x0, 0x1c, 0xf2, 0xff, 0xfe, 0x3b, 0x22, 0xf7,
    0xff, 0xf6, 0x23, 0x0, 0x0, 0x0, 0x6b, 0xff,
    0xff, 0xd1, 0xb7, 0xff, 0xff, 0x72, 0x0, 0x0,
    0x0, 0x0, 0x2, 0xc5, 0xff, 0xff, 0xff, 0xff,
    0xc8, 0x2, 0x0, 0x0, 0x0, 0x0, 0x0, 0x2a,
    0xf9, 0xff, 0xff, 0xf9, 0x2a, 0x0, 0x0, 0x0,
    0x0, 0x0, 0x0, 0x0, 0xca, 0xff, 0xff, 0xd3,
    0x2, 0x0, 0x0, 0x0, 0x0, 0x0, 0x0, 0x61,
    0xff, 0xff, 0xff, 0xff, 0x6e, 0x0, 0x0, 0x0,
    0x0, 0x0, 0x19, 0xef, 0xff, 0xfa, 0xfc, 0xff,
    0xf3, 0x1e, 0x0, 0x0, 0x0, 0x0, 0xb0, 0xff,
    0xff, 0x84, 0x90, 0xff, 0xff, 0xb5, 0x0, 0x0,
    0x0, 0x59, 0xff, 0xff, 0xdc, 0x8, 0xe, 0xe6,
    0xff, 0xff, 0x5a, 0x0, 0x15, 0xeb, 0xff, 0xff,
    0x46, 0x0, 0x0, 0x59, 0xff, 0xff, 0xea, 0x13,
    0xa8, 0xff, 0xff, 0xa7, 0x0, 0x0, 0x0, 0x0,
    0xbd, 0xff, 0xff, 0xa2,

    /* U+0079 "y" */
    0xbe, 0xff, 0xff, 0x8e, 0x0, 0x0, 0x0, 0x0,
    0x13, 0xfa, 0xff, 0xfc, 0x19, 0x62, 0xff, 0xff,
    0xe2, 0x1, 0x0, 0x0, 0x0, 0x68, 0xff, 0xff,
    0xb5, 0x0, 0xe, 0xf7, 0xff, 0xff, 0x38, 0x0,
    0x0, 0x0, 0xc3, 0xff, 0xff, 0x55, 0x0, 0x0,
    0xaa, 0xff, 0xff, 0x8e, 0x0, 0x0, 0x1e, 0xfe,
    0xff, 0xef, 0x7, 0x0, 0x0, 0x4e, 0xff, 0xff,
    0xe2, 0x1, 0x0, 0x78, 0xff, 0xff, 0x9a, 0x0,
    0x0, 0x0, 0x5, 0xeb, 0xff, 0xff, 0x38, 0x0,
    0xd3, 0xff, 0xff, 0x3d, 0x0, 0x0, 0x0, 0x0,
    0x95, 0xff, 0xff, 0x8e, 0x2d, 0xff, 0xff, 0xe0,
    0x1, 0x0, 0x0, 0x0, 0x0, 0x39, 0xff, 0xff,
    0xe2, 0x89, 0xff, 0xff, 0x84, 0x0, 0x0, 0x0,
    0x0, 0x0, 0x0, 0xdc, 0xff, 0xff, 0xf5, 0xff,
    0xff, 0x28, 0x0, 0x0, 0x0, 0x0, 0x0, 0x0,
    0x81, 0xff, 0xff, 0xff, 0xff, 0xca, 0x0, 0x0,
    0x0, 0x0, 0x0, 0x0, 0x0, 0x24, 0xff, 0xff,
    0xff, 0xff, 0x6e, 0x0, 0x0, 0x0, 0x0, 0x0,
    0x0, 0x0, 0x0, 0xc8, 0xff, 0xff, 0xfb, 0x16,
    0x0, 0x0, 0x0, 0x0, 0x0, 0x0, 0x0, 0x0,
    0xa4, 0xff, 0xff, 0xb4, 0x0, 0x0, 0x0, 0x0,
    0x0, 0x0, 0x0, 0x0, 0xd, 0xf4, 0xff, 0xff,
    0x56, 0x0, 0x0, 0x0, 0x0, 0x0, 0x0, 0x0,
    0x0, 0x67, 0xff, 0xff, 0xf0, 0x8, 0x0, 0x0,
    0x0, 0x0, 0x0, 0x0, 0x0, 0x0, 0xcb, 0xff,
    0xff, 0x9b, 0x0, 0x0, 0x0, 0x0, 0x0, 0x0,
    0x0, 0x0, 0x2e, 0xff, 0xff, 0xff, 0x3c, 0x0,
    0x0, 0x0, 0x0, 0x0, 0x0, 0x0, 0x0, 0x92,
    0xff, 0xff, 0xdc, 0x0, 0x0, 0x0, 0x0, 0x0,
    0x0, 0x0,

    /* U+007A "z" */
    0x2c, 0xff, 0xff, 0xff, 0xff, 0xff, 0xff, 0xff,
    0xff, 0xff, 0xa4, 0x2c, 0xff, 0xff, 0xff, 0xff,
    0xff, 0xff, 0xff, 0xff, 0xff, 0xa4, 0x18, 0x8c,
    0x8c, 0x8c, 0x8c, 0x8c, 0xb4, 0xff, 0xff, 0xff,
    0x75, 0x0, 0x0, 0x0, 0x0, 0x0, 0xd, 0xd9,
    0xff, 0xff, 0xb8, 0x2, 0x0, 0x0, 0x0, 0x0,
    0x0, 0xaa, 0xff, 0xff, 0xe2, 0x13, 0x0, 0x0,
    0x0, 0x0, 0x0, 0x6f, 0xff, 0xff, 0xfa, 0x38,
    0x0, 0x0, 0x0, 0x0, 0x0, 0x38, 0xfa, 0xff,
    0xff, 0x6e, 0x0, 0x0, 0x0, 0x0, 0x0, 0x13,
    0xe2, 0xff, 0xff, 0xa9, 0x0, 0x0, 0x0, 0x0,
    0x0, 0x1, 0xb7, 0xff, 0xff, 0xd8, 0xd, 0x0,
    0x0, 0x0, 0x0, 0x0, 0x7e, 0xff, 0xff, 0xf5,
    0x2c, 0x0, 0x0, 0x0, 0x0, 0x0, 0x38, 0xfd,
    0xff, 0xff, 0xde, 0xa8, 0xa8, 0xa8, 0xa8, 0xa8,
    0x83, 0x60, 0xff, 0xff, 0xff, 0xff, 0xff, 0xff,
    0xff, 0xff, 0xff, 0xc8, 0x60, 0xff, 0xff, 0xff,
    0xff, 0xff, 0xff, 0xff, 0xff, 0xff, 0xc8,

    /* U+007B "{" */
    0x0, 0x0, 0x0, 0x0, 0x0, 0x5, 0x80, 0xd8,
    0xf8, 0xff, 0x84, 0x0, 0x0, 0x0, 0x0, 0x0,
    0x9f, 0xff, 0xff, 0xff, 0xff, 0x84, 0x0, 0x0,
    0x0, 0x0, 0x19, 0xfd, 0xff, 0xff, 0xdd, 0x9c,
    0x4c, 0x0, 0x0, 0x0, 0x0, 0x4f, 0xff, 0xff,
    0xf0, 0xe, 0x0, 0x0, 0x0, 0x0, 0x0, 0x0,
    0x66, 0xff, 0xff, 0xc1, 0x0, 0x0, 0x0, 0x0,
    0x0, 0x0, 0x0, 0x6c, 0xff, 0xff, 0xb2, 0x0,
    0x0, 0x0, 0x0, 0x0, 0x0, 0x0, 0x6c, 0xff,
    0xff, 0xb0, 0x0, 0x0, 0x0, 0x0, 0x0, 0x0,
    0x0, 0x73, 0xff, 0xff, 0xab, 0x0, 0x0, 0x0,
    0x0, 0x0, 0x0, 0x0, 0x8f, 0xff, 0xff, 0x95,
    0x0, 0x0, 0x0, 0x0, 0x0, 0x0, 0x1, 0xd7,
    0xff, 0xff, 0x69, 0x0, 0x0, 0x0, 0x0, 0x2,
    0x20, 0x9c, 0xff, 0xff, 0xef, 0x12, 0x0, 0x0,
    0x0, 0x8, 0xff, 0xff, 0xff, 0xff, 0xe0, 0x39,
    0x0, 0x0, 0x0, 0x0, 0x8, 0xff, 0xff, 0xff,
    0xef, 0x31, 0x0, 0x0, 0x0, 0x0, 0x0, 0x6,
    0xc9, 0xed, 0xff, 0xff, 0xfe, 0x79, 0x0, 0x0,
    0x0, 0x0, 0x0, 0x0, 0x0, 0x6d, 0xff, 0xff,
    0xff, 0x32, 0x0, 0x0, 0x0, 0x0, 0x0, 0x0,
    0x0, 0xba, 0xff, 0xff, 0x87, 0x0, 0x0, 0x0,
    0x0, 0x0, 0x0, 0x0, 0x80, 0xff, 0xff, 0xa5,
    0x0, 0x0, 0x0, 0x0, 0x0, 0x0, 0x0, 0x6e,
    0xff, 0xff, 0xb0, 0x0, 0x0, 0x0, 0x0, 0x0,
    0x0, 0x0, 0x6c, 0xff, 0xff, 0xb1, 0x0, 0x0,
    0x0, 0x0, 0x0, 0x0, 0x0, 0x69, 0xff, 0xff,
    0xbc, 0x0, 0x0, 0x0, 0x0, 0x0, 0x0, 0x0,
    0x5a, 0xff, 0xff, 0xe9, 0x6, 0x0, 0x0, 0x0,
    0x0, 0x0, 0x0, 0x29, 0xff, 0xff, 0xff, 0xcf,
    0x98, 0x4c, 0x0, 0x0, 0x0, 0x0, 0x0, 0xbc,
    0xff, 0xff, 0xff, 0xff, 0x84, 0x0, 0x0, 0x0,
    0x0, 0x0, 0xe, 0x91, 0xde, 0xfa, 0xff, 0x84,

    /* U+007C "|" */
    0xb4, 0xff, 0xff, 0x50, 0xb4, 0xff, 0xff, 0x50,
    0xb4, 0xff, 0xff, 0x50, 0xb4, 0xff, 0xff, 0x50,
    0xb4, 0xff, 0xff, 0x50, 0xb4, 0xff, 0xff, 0x50,
    0xb4, 0xff, 0xff, 0x50, 0xb4, 0xff, 0xff, 0x50,
    0xb4, 0xff, 0xff, 0x50, 0xb4, 0xff, 0xff, 0x50,
    0xb4, 0xff, 0xff, 0x50, 0xb4, 0xff, 0xff, 0x50,
    0xb4, 0xff, 0xff, 0x50, 0xb4, 0xff, 0xff, 0x50,
    0xb4, 0xff, 0xff, 0x50, 0xb4, 0xff, 0xff, 0x50,
    0xb4, 0xff, 0xff, 0x50, 0xb4, 0xff, 0xff, 0x50,
    0xb4, 0xff, 0xff, 0x50, 0xb4, 0xff, 0xff, 0x50,
    0xb4, 0xff, 0xff, 0x50, 0xb4, 0xff, 0xff, 0x50,
    0xb4, 0xff, 0xff, 0x50, 0xb4, 0xff, 0xff, 0x50,

    /* U+007D "}" */
    0x6c, 0xff, 0xf9, 0xdd, 0x8c, 0xb, 0x0, 0x0,
    0x0, 0x0, 0x0, 0x6c, 0xff, 0xff, 0xff, 0xff,
    0xb7, 0x0, 0x0, 0x0, 0x0, 0x0, 0x3e, 0x9a,
    0xd5, 0xff, 0xff, 0xff, 0x2e, 0x0, 0x0, 0x0,
    0x0, 0x0, 0x0, 0x7, 0xe1, 0xff, 0xff, 0x67,
    0x0, 0x0, 0x0, 0x0, 0x0, 0x0, 0x0, 0xaa,
    0xff, 0xff, 0x7d, 0x0, 0x0, 0x0, 0x0, 0x0,
    0x0, 0x0, 0x9a, 0xff, 0xff, 0x84, 0x0, 0x0,
    0x0, 0x0, 0x0, 0x0, 0x0, 0x98, 0xff, 0xff,
    0x84, 0x0, 0x0, 0x0, 0x0, 0x0, 0x0, 0x0,
    0x93, 0xff, 0xff, 0x8a, 0x0, 0x0, 0x0, 0x0,
    0x0, 0x0, 0x0, 0x7e, 0xff, 0xff, 0xa6, 0x0,
    0x0, 0x0, 0x0, 0x0, 0x0, 0x0, 0x52, 0xff,
    0xff, 0xe7, 0x6, 0x0, 0x0, 0x0, 0x0, 0x0,
    0x0, 0x7, 0xe3, 0xff, 0xff, 0xb6, 0x2e, 0x7,
    0x0, 0x0, 0x0, 0x0, 0x0, 0x2b, 0xd7, 0xff,
    0xff, 0xff, 0xff, 0x20, 0x0, 0x0, 0x0, 0x0,
    0x0, 0x26, 0xe4, 0xff, 0xff, 0xff, 0x20, 0x0,
    0x0, 0x0, 0x0, 0x68, 0xfc, 0xff, 0xff, 0xf0,
    0xcb, 0x18, 0x0, 0x0, 0x0, 0x21, 0xfd, 0xff,
    0xff, 0x7e, 0x2, 0x0, 0x0, 0x0, 0x0, 0x0,
    0x71, 0xff, 0xff, 0xd0, 0x0, 0x0, 0x0, 0x0,
    0x0, 0x0, 0x0, 0x8d, 0xff, 0xff, 0x97, 0x0,
    0x0, 0x0, 0x0, 0x0, 0x0, 0x0, 0x98, 0xff,
    0xff, 0x86, 0x0, 0x0, 0x0, 0x0, 0x0, 0x0,
    0x0, 0x99, 0xff, 0xff, 0x84, 0x0, 0x0, 0x0,
    0x0, 0x0, 0x0, 0x0, 0xa6, 0xff, 0xff, 0x81,
    0x0, 0x0, 0x0, 0x0, 0x0, 0x0, 0x2, 0xd9,
    0xff, 0xff, 0x70, 0x0, 0x0, 0x0, 0x0, 0x3e,
    0x97, 0xc7, 0xff, 0xff, 0xff, 0x40, 0x0, 0x0,
    0x0, 0x0, 0x6c, 0xff, 0xff, 0xff, 0xff, 0xd1,
    0x2, 0x0, 0x0, 0x0, 0x0, 0x6c, 0xff, 0xfb,
    0xe2, 0x9b, 0x16, 0x0, 0x0, 0x0, 0x0, 0x0,

    /* U+007E "~" */
    0x0, 0x0, 0x19, 0xa9, 0xf0, 0xef, 0xb3, 0x30,
    0x0, 0x0, 0x0, 0x0, 0xb9, 0xff, 0xff, 0x20,
    0x0, 0x8, 0xd5, 0xff, 0xff, 0xff, 0xff, 0xf5,
    0x46, 0x0, 0x0, 0x0, 0xc6, 0xff, 0xff, 0x13,
    0x0, 0x67, 0xff, 0xff, 0xff, 0xff, 0xff, 0xff,
    0xf0, 0x27, 0x0, 0x0, 0xe7, 0xff, 0xf4, 0x0,
    0x0, 0xb8, 0xff, 0xff, 0x88, 0x2c, 0xba, 0xff,
    0xff, 0xda, 0x30, 0x64, 0xff, 0xff, 0xc5, 0x0,
    0x0, 0xea, 0xff, 0xf7, 0x8, 0x0, 0xb, 0xd2,
    0xff, 0xff, 0xff, 0xff, 0xff, 0xff, 0x77, 0x0,
    0x9, 0xff, 0xff, 0xd7, 0x0, 0x0, 0x0, 0x1d,
    0xe2, 0xff, 0xff, 0xff, 0xff, 0xe2, 0x10, 0x0,
    0x16, 0xff, 0xff, 0xc3, 0x0, 0x0, 0x0, 0x0,
    0x17, 0xa0, 0xec, 0xf4, 0xb6, 0x24, 0x0, 0x0
};


/*---------------------
 *  GLYPH DESCRIPTION
 *--------------------*/

static const lv_font_fmt_txt_glyph_dsc_t glyph_dsc[] = {
    {.bitmap_index = 0, .adv_w = 0, .box_w = 0, .box_h = 0, .ofs_x = 0, .ofs_y = 0} /* id = 0 reserved */,
    {.bitmap_index = 0, .adv_w = 113, .box_w = 0, .box_h = 0, .ofs_x = 0, .ofs_y = 0},
    {.bitmap_index = 0, .adv_w = 123, .box_w = 4, .box_h = 18, .ofs_x = 2, .ofs_y = 0},
    {.bitmap_index = 72, .adv_w = 182, .box_w = 10, .box_h = 8, .ofs_x = 1, .ofs_y = 11},
    {.bitmap_index = 152, .adv_w = 257, .box_w = 16, .box_h = 18, .ofs_x = 0, .ofs_y = 0},
    {.bitmap_index = 440, .adv_w = 212, .box_w = 13, .box_h = 23, .ofs_x = 0, .ofs_y = -4},
    {.bitmap_index = 739, .adv_w = 376, .box_w = 22, .box_h = 18, .ofs_x = 1, .ofs_y = 0},
    {.bitmap_index = 1135, .adv_w = 261, .box_w = 17, .box_h = 18, .ofs_x = 0, .ofs_y = 0},
    {.bitmap_index = 1441, .adv_w = 105, .box_w = 4, .box_h = 8, .ofs_x = 1, .ofs_y = 11},
    {.bitmap_index = 1473, .adv_w = 146, .box_w = 8, .box_h = 24, .ofs_x = 1, .ofs_y = -5},
    {.bitmap_index = 1665, .adv_w = 146, .box_w = 8, .box_h = 24, .ofs_x = 0, .ofs_y = -5},
    {.bitmap_index = 1857, .adv_w = 212, .box_w = 13, .box_h = 12, .ofs_x = 0, .ofs_y = 7},
    {.bitmap_index = 2013, .adv_w = 246, .box_w = 15, .box_h = 16, .ofs_x = 0, .ofs_y = 0},
    {.bitmap_index = 2253, .adv_w = 112, .box_w = 7, .box_h = 9, .ofs_x = 0, .ofs_y = -4},
    {.bitmap_index = 2316, .adv_w = 155, .box_w = 8, .box_h = 4, .ofs_x = 1, .ofs_y = 6},
    {.bitmap_index = 2348, .adv_w = 112, .box_w = 5, .box_h = 5, .ofs_x = 1, .ofs_y = 0},
    {.bitmap_index = 2373, .adv_w = 169, .box_w = 11, .box_h = 23, .ofs_x = 0, .ofs_y = -4},
    {.bitmap_index = 2626, .adv_w = 212, .box_w = 13, .box_h = 18, .ofs_x = 0, .ofs_y = 0},
    {.bitmap_index = 2860, .adv_w = 212, .box_w = 11, .box_h = 18, .ofs_x = 1, .ofs_y = 0},
    {.bitmap_index = 3058, .adv_w = 212, .box_w = 13, .box_h = 18, .ofs_x = 0, .ofs_y = 0},
    {.bitmap_index = 3292, .adv_w = 212, .box_w = 13, .box_h = 18, .ofs_x = 0, .ofs_y = 0},
    {.bitmap_index = 3526, .adv_w = 212, .box_w = 14, .box_h = 18, .ofs_x = 0, .ofs_y = 0},
    {.bitmap_index = 3778, .adv_w = 212, .box_w = 12, .box_h = 18, .ofs_x = 1, .ofs_y = 0},
    {.bitmap_index = 3994, .adv_w = 212, .box_w = 13, .box_h = 18, .ofs_x = 0, .ofs_y = 0},
    {.bitmap_index = 4228, .adv_w = 212, .box_w = 13, .box_h = 18, .ofs_x = 0, .ofs_y = 0},
    {.bitmap_index = 4462, .adv_w = 212, .box_w = 13, .box_h = 18, .ofs_x = 0, .ofs_y = 0},
    {.bitmap_index = 4696, .adv_w = 212, .box_w = 13, .box_h = 18, .ofs_x = 0, .ofs_y = 0},
    {.bitmap_index = 4930, .adv_w = 128, .box_w = 4, .box_h = 13, .ofs_x = 2, .ofs_y = 0},
    {.bitmap_index = 4982, .adv_w = 128, .box_w = 7, .box_h = 18, .ofs_x = 0, .ofs_y = -5},
    {.bitmap_index = 5108, .adv_w = 246, .box_w = 13, .box_h = 16, .ofs_x = 1, .ofs_y = 0},
    {.bitmap_index = 5316, .adv_w = 246, .box_w = 13, .box_h = 9, .ofs_x = 1, .ofs_y = 4},
    {.bitmap_index = 5433, .adv_w = 246, .box_w = 13, .box_h = 16, .ofs_x = 1, .ofs_y = 0},
    {.bitmap_index = 5641, .adv_w = 185, .box_w = 11, .box_h = 18, .ofs_x = 0, .ofs_y = 0},
    {.bitmap_index = 5839, .adv_w = 342, .box_w = 20, .box_h = 21, .ofs_x = 1, .ofs_y = -3},
    {.bitmap_index = 6259, .adv_w = 223, .box_w = 16, .box_h = 18, .ofs_x = -1, .ofs_y = 0},
    {.bitmap_index = 6547, .adv_w = 225, .box_w = 13, .box_h = 18, .ofs_x = 1, .ofs_y = 0},
    {.bitmap_index = 6781, .adv_w = 207, .box_w = 13, .box_h = 18, .ofs_x = 0, .ofs_y = 0},
    {.bitmap_index = 7015, .adv_w = 241, .box_w = 14, .box_h = 18, .ofs_x = 1, .ofs_y = 0},
    {.bitmap_index = 7267, .adv_w = 195, .box_w = 11, .box_h = 18, .ofs_x = 1, .ofs_y = 0},
    {.bitmap_index = 7465, .adv_w = 187, .box_w = 11, .box_h = 18, .ofs_x = 1, .ofs_y = 0},
    {.bitmap_index = 7663, .adv_w = 242, .box_w = 15, .box_h = 18, .ofs_x = 0, .ofs_y = 0},
    {.bitmap_index = 7933, .adv_w = 239, .box_w = 13, .box_h = 18, .ofs_x = 1, .ofs_y = 0},
    {.bitmap_index = 8167, .adv_w = 150, .box_w = 9, .box_h = 18, .ofs_x = 0, .ofs_y = 0},
    {.bitmap_index = 8329, .adv_w = 161, .box_w = 9, .box_h = 18, .ofs_x = 0, .ofs_y = 0},
    {.bitmap_index = 8491, .adv_w = 221, .box_w = 14, .box_h = 18, .ofs_x = 1, .ofs_y = 0},
    {.bitmap_index = 8743, .adv_w = 181, .box_w = 11, .box_h = 18, .ofs_x = 1, .ofs_y = 0},
    {.bitmap_index = 8941, .adv_w = 294, .box_w = 16, .box_h = 18, .ofs_x = 1, .ofs_y = 0},
    {.bitmap_index = 9229, .adv_w = 239, .box_w = 13, .box_h = 18, .ofs_x = 1, .ofs_y = 0},
    {.bitmap_index = 9463, .adv_w = 251, .box_w = 15, .box_h = 18, .ofs_x = 0, .ofs_y = 0},
    {.bitmap_index = 9733, .adv_w = 211, .box_w = 12, .box_h = 18, .ofs_x = 1, .ofs_y = 0},
    {.bitmap_index = 9949, .adv_w = 252, .box_w = 15, .box_h = 23, .ofs_x = 0, .ofs_y = -5},
    {.bitmap_index = 10294, .adv_w = 235, .box_w = 14, .box_h = 18, .ofs_x = 1, .ofs_y = 0},
    {.bitmap_index = 10546, .adv_w = 213, .box_w = 13, .box_h = 18, .ofs_x = 0, .ofs_y = 0},
    {.bitmap_index = 10780, .adv_w = 204, .box_w = 13, .box_h = 18, .ofs_x = 0, .ofs_y = 0},
    {.bitmap_index = 11014, .adv_w = 245, .box_w = 13, .box_h = 18, .ofs_x = 1, .ofs_y = 0},
    {.bitmap_index = 11248, .adv_w = 202, .box_w = 14, .box_h = 18, .ofs_x = -1, .ofs_y = 0},
    {.bitmap_index = 11500, .adv_w = 313, .box_w = 20, .box_h = 18, .ofs_x = 0, .ofs_y = 0},
    {.bitmap_index = 11860, .adv_w = 212, .box_w = 15, .box_h = 18, .ofs_x = -1, .ofs_y = 0},
    {.bitmap_index = 12130, .adv_w = 218, .box_w = 15, .box_h = 18, .ofs_x = -1, .ofs_y = 0},
    {.bitmap_index = 12400, .adv_w = 212, .box_w = 13, .box_h = 18, .ofs_x = 0, .ofs_y = 0},
    {.bitmap_index = 12634, .adv_w = 150, .box_w = 7, .box_h = 24, .ofs_x = 2, .ofs_y = -5},
    {.bitmap_index = 12802, .adv_w = 169, .box_w = 11, .box_h = 23, .ofs_x = 0, .ofs_y = -4},
    {.bitmap_index = 13055, .adv_w = 150, .box_w = 8, .box_h = 24, .ofs_x = 0, .ofs_y = -5},
    {.bitmap_index = 13247, .adv_w = 246, .box_w = 15, .box_h = 10, .ofs_x = 0, .ofs_y = 8},
    {.bitmap_index = 13397, .adv_w = 171, .box_w = 12, .box_h = 3, .ofs_x = -1, .ofs_y = -4},
    {.bitmap_index = 13433, .adv_w = 212, .box_w = 6, .box_h = 5, .ofs_x = 4, .ofs_y = 15},
    {.bitmap_index = 13463, .adv_w = 203, .box_w = 12, .box_h = 13, .ofs_x = 0, .ofs_y = 0},
    {.bitmap_index = 13619, .adv_w = 215, .box_w = 12, .box_h = 19, .ofs_x = 1, .ofs_y = 0},
    {.bitmap_index = 13847, .adv_w = 174, .box_w = 11, .box_h = 13, .ofs_x = 0, .ofs_y = 0},
    {.bitmap_index = 13990, .adv_w = 215, .box_w = 13, .box_h = 19, .ofs_x = 0, .ofs_y = 0},
    {.bitmap_index = 14237, .adv_w = 197, .box_w = 12, .box_h = 13, .ofs_x = 0, .ofs_y = 0},
    {.bitmap_index = 14393, .adv_w = 125, .box_w = 9, .box_h = 19, .ofs_x = 0, .ofs_y = 0},
    {.bitmap_index = 14564, .adv_w = 214, .box_w = 13, .box_h = 18, .ofs_x = 0, .ofs_y = -5},
    {.bitmap_index = 14798, .adv_w = 214, .box_w = 12, .box_h = 19, .ofs_x = 1, .ofs_y = 0},
    {.bitmap_index = 15026, .adv_w = 106, .box_w = 5, .box_h = 18, .ofs_x = 1, .ofs_y = 0},
    {.bitmap_index = 15116, .adv_w = 119, .box_w = 8, .box_h = 23, .ofs_x = -1, .ofs_y = -5},
    {.bitmap_index = 15300, .adv_w = 199, .box_w = 12, .box_h = 19, .ofs_x = 1, .ofs_y = 0},
    {.bitmap_index = 15528, .adv_w = 96, .box_w = 4, .box_h = 19, .ofs_x = 1, .ofs_y = 0},
    {.bitmap_index = 15604, .adv_w = 334, .box_w = 19, .box_h = 13, .ofs_x = 1, .ofs_y = 0},
    {.bitmap_index = 15851, .adv_w = 214, .box_w = 12, .box_h = 13, .ofs_x = 1, .ofs_y = 0},
    {.bitmap_index = 16007, .adv_w = 206, .box_w = 13, .box_h = 13, .ofs_x = 0, .ofs_y = 0},
    {.bitmap_index = 16176, .adv_w = 215, .box_w = 12, .box_h = 18, .ofs_x = 1, .ofs_y = -5},
    {.bitmap_index = 16392, .adv_w = 215, .box_w = 13, .box_h = 18, .ofs_x = 0, .ofs_y = -5},
    {.bitmap_index = 16626, .adv_w = 155, .box_w = 9, .box_h = 13, .ofs_x = 1, .ofs_y = 0},
    {.bitmap_index = 16743, .adv_w = 176, .box_w = 11, .box_h = 13, .ofs_x = 0, .ofs_y = 0},
    {.bitmap_index = 16886, .adv_w = 132, .box_w = 8, .box_h = 17, .ofs_x = 0, .ofs_y = 0},
    {.bitmap_index = 17022, .adv_w = 214, .box_w = 12, .box_h = 13, .ofs_x = 1, .ofs_y = 0},
    {.bitmap_index = 17178, .adv_w = 195, .box_w = 13, .box_h = 13, .ofs_x = 0, .ofs_y = 0},
    {.bitmap_index = 17347, .adv_w = 291, .box_w = 18, .box_h = 13, .ofs_x = 0, .ofs_y = 0},
    {.bitmap_index = 17581, .adv_w = 191, .box_w = 12, .box_h = 13, .ofs_x = 0, .ofs_y = 0},
    {.bitmap_index = 17737, .adv_w = 198, .box_w = 13, .box_h = 18, .ofs_x = 0, .ofs_y = -5},
    {.bitmap_index = 17971, .adv_w = 181, .box_w = 11, .box_h = 13, .ofs_x = 0, .ofs_y = 0},
    {.bitmap_index = 18114, .adv_w = 177, .box_w = 11, .box_h = 24, .ofs_x = 0, .ofs_y = -5},
    {.bitmap_index = 18378, .adv_w = 154, .box_w = 4, .box_h = 24, .ofs_x = 3, .ofs_y = -5},
    {.bitmap_index = 18474, .adv_w = 177, .box_w = 11, .box_h = 24, .ofs_x = 0, .ofs_y = -5},
    {.bitmap_index = 18738, .adv_w = 257, .box_w = 16, .box_h = 7, .ofs_x = 0, .ofs_y = 5}
};

/*---------------------
 *  CHARACTER MAPPING
 *--------------------*/



/*Collect the unicode lists and glyph_id offsets*/
static const lv_font_fmt_txt_cmap_t cmaps[] =
{
    {
        .range_start = 32, .range_length = 95, .glyph_id_start = 1,
        .unicode_list = NULL, .glyph_id_ofs_list = NULL, .list_length = 0, .type = LV_FONT_FMT_TXT_CMAP_FORMAT0_TINY
    }
};

/*-----------------
 *    KERNING
 *----------------*/


/*Pair left and right glyphs for kerning*/
static const uint8_t kern_pair_glyph_ids[] =
{
    3, 34,
    3, 43,
    7, 36,
    7, 40,
    7, 43,
    7, 48,
    7, 50,
    7, 53,
    7, 54,
    7, 55,
    7, 56,
    7, 58,
    7, 84,
    7, 87,
    7, 88,
    7, 90,
    8, 34,
    8, 43,
    11, 13,
    11, 15,
    11, 34,
    11, 43,
    11, 53,
    13, 34,
    13, 36,
    13, 40,
    13, 48,
    13, 50,
    13, 53,
    13, 54,
    13, 55,
    13, 56,
    13, 58,
    13, 87,
    13, 88,
    13, 90,
    14, 34,
    14, 42,
    14, 43,
    14, 52,
    14, 53,
    14, 55,
    14, 56,
    14, 57,
    14, 58,
    14, 59,
    14, 66,
    14, 75,
    14, 87,
    14, 89,
    14, 90,
    14, 91,
    15, 36,
    15, 40,
    15, 48,
    15, 50,
    15, 53,
    15, 54,
    15, 55,
    15, 56,
    15, 57,
    15, 58,
    15, 68,
    15, 69,
    15, 70,
    15, 72,
    15, 80,
    15, 82,
    15, 85,
    15, 87,
    15, 88,
    15, 90,
    16, 16,
    16, 34,
    27, 53,
    27, 54,
    27, 55,
    27, 56,
    27, 58,
    28, 53,
    28, 55,
    28, 56,
    28, 58,
    33, 53,
    33, 55,
    33, 56,
    33, 57,
    33, 58,
    33, 59,
    33, 87,
    33, 88,
    33, 89,
    33, 90,
    34, 3,
    34, 8,
    34, 11,
    34, 14,
    34, 36,
    34, 40,
    34, 43,
    34, 48,
    34, 50,
    34, 52,
    34, 53,
    34, 54,
    34, 55,
    34, 56,
    34, 58,
    34, 61,
    34, 71,
    34, 84,
    34, 85,
    34, 87,
    34, 88,
    34, 90,
    35, 3,
    35, 8,
    35, 13,
    35, 34,
    35, 53,
    35, 55,
    35, 56,
    35, 58,
    35, 87,
    35, 89,
    35, 90,
    36, 14,
    36, 15,
    36, 33,
    36, 34,
    36, 43,
    36, 52,
    36, 53,
    36, 55,
    36, 57,
    36, 58,
    36, 59,
    36, 66,
    36, 68,
    36, 69,
    36, 70,
    36, 72,
    36, 80,
    36, 82,
    36, 84,
    36, 87,
    36, 88,
    36, 89,
    36, 90,
    36, 91,
    37, 13,
    37, 15,
    37, 34,
    37, 53,
    37, 55,
    37, 56,
    37, 57,
    37, 58,
    37, 59,
    37, 89,
    38, 11,
    38, 43,
    38, 52,
    38, 55,
    38, 56,
    38, 57,
    38, 58,
    38, 59,
    38, 68,
    38, 69,
    38, 70,
    38, 72,
    38, 80,
    38, 82,
    38, 87,
    38, 90,
    39, 11,
    39, 13,
    39, 14,
    39, 15,
    39, 16,
    39, 27,
    39, 33,
    39, 34,
    39, 36,
    39, 40,
    39, 43,
    39, 48,
    39, 50,
    39, 52,
    39, 53,
    39, 55,
    39, 56,
    39, 57,
    39, 58,
    39, 59,
    39, 66,
    39, 68,
    39, 69,
    39, 70,
    39, 71,
    39, 72,
    39, 78,
    39, 79,
    39, 80,
    39, 81,
    39, 82,
    39, 83,
    39, 84,
    39, 86,
    39, 87,
    39, 88,
    39, 89,
    39, 90,
    39, 91,
    40, 43,
    40, 52,
    40, 58,
    42, 14,
    42, 68,
    42, 69,
    42, 70,
    42, 72,
    42, 80,
    42, 82,
    42, 86,
    42, 87,
    42, 88,
    42, 90,
    43, 13,
    43, 15,
    43, 16,
    43, 27,
    43, 34,
    43, 43,
    43, 75,
    43, 89,
    43, 91,
    44, 7,
    44, 11,
    44, 14,
    44, 15,
    44, 33,
    44, 36,
    44, 40,
    44, 43,
    44, 48,
    44, 50,
    44, 52,
    44, 54,
    44, 55,
    44, 56,
    44, 57,
    44, 58,
    44, 68,
    44, 69,
    44, 70,
    44, 72,
    44, 80,
    44, 82,
    44, 85,
    44, 86,
    44, 87,
    44, 88,
    44, 90,
    45, 3,
    45, 7,
    45, 8,
    45, 11,
    45, 14,
    45, 32,
    45, 33,
    45, 36,
    45, 40,
    45, 43,
    45, 48,
    45, 50,
    45, 53,
    45, 54,
    45, 55,
    45, 56,
    45, 58,
    45, 61,
    45, 66,
    45, 68,
    45, 69,
    45, 70,
    45, 72,
    45, 80,
    45, 82,
    45, 85,
    45, 86,
    45, 87,
    45, 88,
    45, 90,
    48, 13,
    48, 15,
    48, 34,
    48, 53,
    48, 55,
    48, 56,
    48, 57,
    48, 58,
    48, 59,
    48, 89,
    49, 7,
    49, 11,
    49, 13,
    49, 14,
    49, 15,
    49, 16,
    49, 34,
    49, 43,
    49, 53,
    49, 57,
    49, 58,
    49, 59,
    49, 66,
    49, 68,
    49, 69,
    49, 70,
    49, 72,
    49, 80,
    49, 82,
    49, 85,
    49, 89,
    50, 13,
    50, 15,
    50, 34,
    50, 53,
    50, 55,
    50, 56,
    50, 57,
    50, 58,
    50, 59,
    50, 75,
    50, 89,
    51, 3,
    51, 8,
    51, 11,
    51, 14,
    51, 36,
    51, 40,
    51, 43,
    51, 48,
    51, 50,
    51, 53,
    51, 54,
    51, 55,
    51, 56,
    51, 57,
    51, 58,
    51, 68,
    51, 69,
    51, 70,
    51, 72,
    51, 80,
    51, 82,
    51, 86,
    51, 87,
    51, 88,
    51, 90,
    52, 13,
    52, 52,
    52, 56,
    52, 57,
    52, 58,
    53, 11,
    53, 13,
    53, 14,
    53, 15,
    53, 16,
    53, 27,
    53, 28,
    53, 33,
    53, 34,
    53, 36,
    53, 40,
    53, 43,
    53, 48,
    53, 50,
    53, 53,
    53, 55,
    53, 58,
    53, 59,
    53, 61,
    53, 66,
    53, 68,
    53, 69,
    53, 70,
    53, 71,
    53, 72,
    53, 75,
    53, 78,
    53, 79,
    53, 80,
    53, 81,
    53, 82,
    53, 83,
    53, 84,
    53, 85,
    53, 86,
    53, 87,
    53, 88,
    53, 89,
    53, 90,
    53, 91,
    54, 13,
    54, 15,
    54, 27,
    54, 34,
    54, 75,
    54, 89,
    55, 7,
    55, 13,
    55, 14,
    55, 15,
    55, 16,
    55, 27,
    55, 28,
    55, 33,
    55, 34,
    55, 36,
    55, 40,
    55, 43,
    55, 48,
    55, 50,
    55, 52,
    55, 53,
    55, 58,
    55, 59,
    55, 66,
    55, 68,
    55, 69,
    55, 70,
    55, 72,
    55, 75,
    55, 78,
    55, 79,
    55, 80,
    55, 81,
    55, 82,
    55, 83,
    55, 84,
    55, 86,
    55, 87,
    55, 88,
    55, 89,
    55, 90,
    55, 91,
    56, 7,
    56, 13,
    56, 14,
    56, 15,
    56, 16,
    56, 27,
    56, 28,
    56, 33,
    56, 34,
    56, 36,
    56, 40,
    56, 43,
    56, 48,
    56, 50,
    56, 59,
    56, 66,
    56, 68,
    56, 69,
    56, 70,
    56, 72,
    56, 78,
    56, 79,
    56, 80,
    56, 81,
    56, 82,
    56, 83,
    56, 84,
    56, 86,
    56, 87,
    56, 88,
    56, 89,
    56, 90,
    56, 91,
    57, 7,
    57, 14,
    57, 33,
    57, 36,
    57, 40,
    57, 43,
    57, 48,
    57, 50,
    57, 52,
    57, 57,
    57, 58,
    57, 59,
    57, 68,
    57, 69,
    57, 70,
    57, 72,
    57, 80,
    57, 82,
    57, 85,
    57, 86,
    57, 87,
    57, 88,
    57, 90,
    58, 7,
    58, 13,
    58, 14,
    58, 15,
    58, 16,
    58, 27,
    58, 28,
    58, 33,
    58, 34,
    58, 36,
    58, 40,
    58, 43,
    58, 48,
    58, 50,
    58, 52,
    58, 53,
    58, 55,
    58, 57,
    58, 59,
    58, 66,
    58, 68,
    58, 69,
    58, 70,
    58, 71,
    58, 72,
    58, 74,
    58, 75,
    58, 78,
    58, 79,
    58, 80,
    58, 81,
    58, 82,
    58, 83,
    58, 84,
    58, 85,
    58, 86,
    58, 87,
    58, 88,
    58, 89,
    58, 90,
    58, 91,
    59, 14,
    59, 33,
    59, 36,
    59, 40,
    59, 48,
    59, 50,
    59, 59,
    59, 66,
    59, 68,
    59, 69,
    59, 70,
    59, 72,
    59, 80,
    59, 82,
    59, 86,
    59, 87,
    59, 88,
    59, 89,
    59, 90,
    61, 53,
    61, 55,
    61, 56,
    61, 58,
    61, 75,
    66, 87,
    66, 90,
    67, 3,
    67, 8,
    67, 13,
    67, 15,
    67, 32,
    67, 87,
    67, 89,
    67, 90,
    67, 91,
    68, 16,
    68, 87,
    69, 69,
    70, 13,
    70, 15,
    70, 87,
    70, 90,
    71, 2,
    71, 3,
    71, 8,
    71, 10,
    71, 11,
    71, 13,
    71, 14,
    71, 15,
    71, 32,
    71, 61,
    71, 62,
    71, 67,
    71, 68,
    71, 69,
    71, 70,
    71, 73,
    71, 76,
    71, 82,
    71, 87,
    71, 88,
    71, 89,
    71, 90,
    71, 94,
    73, 87,
    73, 90,
    75, 28,
    75, 90,
    76, 14,
    76, 33,
    76, 66,
    76, 68,
    76, 69,
    76, 70,
    76, 72,
    76, 75,
    76, 80,
    76, 82,
    76, 86,
    76, 87,
    76, 89,
    76, 90,
    78, 3,
    78, 8,
    78, 32,
    78, 87,
    78, 90,
    79, 3,
    79, 8,
    79, 32,
    79, 87,
    79, 90,
    80, 13,
    80, 15,
    80, 87,
    80, 89,
    80, 90,
    80, 91,
    81, 13,
    81, 15,
    81, 87,
    81, 89,
    81, 90,
    81, 91,
    82, 75,
    82, 77,
    83, 3,
    83, 8,
    83, 11,
    83, 13,
    83, 14,
    83, 15,
    83, 16,
    83, 68,
    83, 69,
    83, 70,
    83, 71,
    83, 72,
    83, 75,
    83, 80,
    83, 82,
    83, 84,
    83, 85,
    83, 87,
    83, 88,
    83, 89,
    83, 90,
    83, 91,
    84, 13,
    84, 14,
    84, 15,
    84, 87,
    84, 90,
    84, 91,
    85, 14,
    85, 66,
    85, 77,
    85, 84,
    85, 85,
    85, 87,
    85, 88,
    85, 89,
    85, 90,
    86, 32,
    87, 7,
    87, 13,
    87, 14,
    87, 15,
    87, 33,
    87, 66,
    87, 68,
    87, 69,
    87, 70,
    87, 71,
    87, 72,
    87, 76,
    87, 80,
    87, 82,
    87, 84,
    87, 85,
    88, 13,
    88, 15,
    88, 33,
    88, 68,
    88, 71,
    88, 85,
    89, 13,
    89, 14,
    89, 28,
    89, 33,
    89, 66,
    89, 68,
    89, 69,
    89, 70,
    89, 71,
    89, 72,
    89, 80,
    89, 82,
    89, 85,
    89, 89,
    90, 7,
    90, 13,
    90, 14,
    90, 15,
    90, 33,
    90, 66,
    90, 68,
    90, 69,
    90, 70,
    90, 71,
    90, 72,
    90, 76,
    90, 80,
    90, 82,
    90, 84,
    90, 85,
    91, 14,
    91, 32,
    91, 80
};

/* Kerning between the respective left and right glyphs
 * 4.4 format which needs to scaled with `kern_scale`*/
static const int8_t kern_pair_values[] =
{
    -22, -7, -7, -7, 15, -7, -7, -22,
    -7, -15, -15, -22, 4, -7, -4, -4,
    -22, -7, -34, -15, -7, -7, 8, 8,
    -7, -7, -4, -4, -30, -4, -22, -15,
    -30, -15, -9, -15, -4, -11, -7, -7,
    -22, -15, -9, -19, -30, -7, -7, -7,
    -7, -15, -7, -4, -15, -15, -15, -15,
    -37, -7, -30, -22, -2, -30, -6, -6,
    -6, -4, -6, -6, -4, -21, -13, -21,
    -30, -7, -15, -4, -7, -7, -15, -15,
    -4, -4, -15, -15, -4, -2, -4, -11,
    -15, -7, -2, -7, -7, -22, -22, -7,
    -4, -6, -6, 8, -6, -6, 2, -22,
    -7, -9, -9, -17, -7, -2, 6, -2,
    -7, -2, -7, -7, -7, -7, -2, -9,
    -7, -6, -11, -2, -2, -2, -6, 9,
    -4, 4, 8, 4, 4, 4, 4, 4,
    4, 6, 2, 2, 2, 2, 2, 2,
    6, 2, 4, 6, -2, 6, -7, -15,
    -6, -6, -6, -6, -11, -11, -9, -4,
    4, 4, 4, 4, 2, 4, 4, -4,
    -4, -4, -4, -4, -4, -4, -2, -2,
    6, -60, -4, -45, -7, -4, -4, -13,
    -2, -2, -2, -2, -2, 2, 4, 4,
    4, 4, 4, -2, -7, -7, -7, -7,
    -4, -7, -7, -7, -7, -7, -7, -7,
    -7, -7, -6, -6, -7, -6, -7, 4,
    4, -2, -11, -7, -7, -7, -7, -7,
    -7, -4, -6, -6, -6, -22, -7, -4,
    -4, -7, -4, 4, -2, -2, -4, -7,
    -26, 11, -7, -11, -15, 6, -11, -11,
    -2, -7, -4, -4, 4, -4, -6, -6,
    -6, -6, -6, -6, -2, -6, -13, -9,
    -13, -30, -4, -30, -30, -15, -11, -7,
    -11, -11, 8, -11, -11, -37, -11, -28,
    -22, -34, -19, 2, -4, -4, -4, -4,
    -4, -4, -2, -7, -19, -15, -17, -7,
    -15, -6, -7, -6, -6, -11, -11, -9,
    -4, -4, 6, -52, -6, -45, -19, -19,
    -9, -4, -6, -4, -4, -7, -7, -7,
    -7, -7, -7, -7, 4, -2, -7, -15,
    -6, -7, -6, -6, -11, -11, -9, 9,
    -4, -11, -11, -7, -15, -6, -7, 11,
    -6, -6, -13, -6, -11, -9, 4, -13,
    -7, -7, -7, -7, -7, -7, -6, -9,
    -7, -7, -7, -2, -2, -4, -6, 8,
    -30, -22, -37, -22, -15, -15, -15, -22,
    -7, -7, -4, -7, -7, -6, 4, 4,
    -4, 4, -21, -28, -28, -28, -7, -28,
    -4, -19, -19, -28, -19, -28, -19, -24,
    -4, -19, -19, -19, -19, -11, -17, -7,
    -7, -4, -7, 4, -2, -4, -22, -15,
    -30, -11, -7, -4, -4, -9, -6, -6,
    -7, -6, -6, 2, 4, 2, -2, -11,
    -13, -13, -13, -13, -2, -7, -7, -13,
    -7, -13, -7, -11, -7, -6, -6, -7,
    -6, -9, -2, -15, -9, -22, -7, -7,
    -4, -2, -9, -6, -6, -6, -6, -6,
    -2, -7, -11, -11, -11, -11, -7, -7,
    -11, -7, -11, -9, -9, -9, -4, -4,
    -6, -4, -4, -4, -19, -4, -11, -11,
    6, -11, -11, -2, 4, 2, -2, -7,
    -7, -7, -6, -7, -7, -4, -7, -9,
    -6, -9, -6, -30, -30, -30, -15, -15,
    -15, -11, -17, -11, -11, -7, -11, -11,
    -4, 4, 2, 2, -2, -28, -30, -30,
    -30, -7, -30, -4, -2, -21, -21, -30,
    -21, -30, -21, -28, -7, -22, -19, -19,
    -19, -19, -22, -15, -15, -9, -9, -9,
    -9, -2, 4, -6, -6, -6, -6, -4,
    -6, -6, -11, -9, 2, -9, -22, -11,
    -7, -15, 38, -4, -4, -6, -6, -7,
    -6, -4, -4, -6, -4, -2, 8, 4,
    -4, -4, -4, -4, -4, 4, 8, 8,
    8, 23, -22, -4, -21, 13, 34, 8,
    2, -6, -2, -6, 2, 2, -2, 4,
    4, 4, 4, 13, -4, -2, 2, -2,
    -22, -7, -2, -4, -6, -4, -6, -2,
    -4, -4, -4, -4, 4, -2, -4, -4,
    -4, -4, -4, -4, -4, -4, -4, -4,
    -7, -6, -4, -6, -4, -2, -7, -6,
    -4, -6, -4, -2, 9, -2, 4, 4,
    8, -32, -4, -28, -4, -4, -4, -4,
    4, -4, 4, -4, -4, 4, 6, 6,
    6, 4, 6, 4, -7, -4, -2, -2,
    -2, -2, -2, 2, 4, 4, 2, 4,
    4, 4, 4, -4, -4, -15, -7, -21,
    -7, -2, -4, -4, -4, 4, -4, -4,
    -4, -4, -2, 4, -9, -13, -2, -2,
    4, 4, 2, -15, 4, -7, -2, -6,
    -6, -6, 4, -2, -6, -6, 4, 4,
    -4, -15, -7, -21, -7, -4, -4, -4,
    -4, 4, -4, -7, -4, -4, -2, 4,
    -4, -4, -2
};

/*Collect the kern pair's data in one place*/
static const lv_font_fmt_txt_kern_pair_t kern_pairs =
{
    .glyph_ids = kern_pair_glyph_ids,
    .values = kern_pair_values,
    .pair_cnt = 747,
    .glyph_ids_size = 0
};

/*--------------------
 *  ALL CUSTOM DATA
 *--------------------*/

#if LVGL_VERSION_MAJOR == 8
/*Store all the custom data of the font*/
static  lv_font_fmt_txt_glyph_cache_t cache;
#endif

#if LVGL_VERSION_MAJOR >= 8
static const lv_font_fmt_txt_dsc_t font_dsc = {
#else
static lv_font_fmt_txt_dsc_t font_dsc = {
#endif
    .glyph_bitmap = glyph_bitmap,
    .glyph_dsc = glyph_dsc,
    .cmaps = cmaps,
    .kern_dsc = &kern_pairs,
    .kern_scale = 16,
    .cmap_num = 1,
    .bpp = 8,
    .kern_classes = 0,
    .bitmap_format = 0,
#if LVGL_VERSION_MAJOR == 8
    .cache = &cache
#endif

};

extern const lv_font_t verdana_pro_cond_semi_bold_24_glyph;


/*-----------------
 *  PUBLIC FONT
 *----------------*/

/*Initialize a public general font descriptor*/
#if LVGL_VERSION_MAJOR >= 8
const lv_font_t verdana_pro_cond_semi_bold_24_glyph = {
#else
lv_font_t verdana_pro_cond_semi_bold_24_glyph = {
#endif
    .get_glyph_dsc = lv_font_get_glyph_dsc_fmt_txt,    /*Function pointer to get glyph's data*/
    .get_glyph_bitmap = lv_font_get_bitmap_fmt_txt,    /*Function pointer to get glyph's bitmap*/
    .line_height = 25,          /*The maximum line height required by the font*/
    .base_line = 5,             /*Baseline measured from the bottom of the line*/
#if !(LVGL_VERSION_MAJOR == 6 && LVGL_VERSION_MINOR == 0)
    .subpx = LV_FONT_SUBPX_NONE,
#endif
#if LV_VERSION_CHECK(7, 4, 0) || LVGL_VERSION_MAJOR >= 8
    .underline_position = -2,
    .underline_thickness = 1,
#endif
    .static_bitmap = 0,
    .dsc = &font_dsc,          /*The custom font data. Will be accessed by `get_glyph_bitmap/dsc` */
#if LV_VERSION_CHECK(8, 2, 0) || LVGL_VERSION_MAJOR >= 9
    .fallback = &verdana_pro_cond_semi_bold_24_glyph,
#endif
    .user_data = NULL,
};



#endif /*#if VERDANA_PRO_COND_SEMI_BOLD_24_GLYPH*/
